ImageFile,Cx,Cy,Class,ClassId
FRF_c1_snap_20150322160000_EBG.jpg,2232,1152,background,0
FRF_c1_snap_20150322160000_EBG.jpg,1600,628,background,0
FRF_c1_snap_20150322160000_EBG.jpg,2354,1201,background,0
FRF_c1_snap_20150322160000_EBG.jpg,1665,728,background,0
FRF_c1_snap_20150322160000_EBG.jpg,1206,600,background,0
FRF_c1_snap_20150322160000_EBG.jpg,2342,1247,background,0
FRF_c1_snap_20150322160000_EBG.jpg,2224,1339,background,0
FRF_c1_snap_20150322160000_EBG.jpg,1145,627,background,0
FRF_c1_snap_20150322160000_EBG.jpg,1956,923,background,0
FRF_c1_snap_20150322160000_EBG.jpg,1765,1065,background,0
FRF_c1_snap_20150322160000_EBG.jpg,2051,975,background,0
FRF_c1_snap_20150322160000_EBG.jpg,1420,624,background,0
FRF_c1_snap_20150322160000_EBG.jpg,1913,923,background,0
FRF_c1_snap_20150322160000_EBG.jpg,2026,1031,background,0
FRF_c1_snap_20150322160000_EBG.jpg,1936,913,background,0
FRF_c1_snap_20150322160000_EBG.jpg,1310,657,background,0
FRF_c1_snap_20150322160000_EBG.jpg,1422,754,background,0
FRF_c1_snap_20150322160000_EBG.jpg,646,1024,background,0
FRF_c1_snap_20150322160000_EBG.jpg,2328,951,background,0
FRF_c1_snap_20150322160000_EBG.jpg,2017,1164,background,0
FRF_c1_snap_20150322160000_EBG.jpg,2381,1077,background,0
FRF_c1_snap_20150322160000_EBG.jpg,2253,958,background,0
FRF_c1_snap_20150322160000_EBG.jpg,2292,916,background,0
FRF_c1_snap_20150322160000_EBG.jpg,2379,1177,background,0
FRF_c1_snap_20150322160000_EBG.jpg,2149,1117,background,0
FRF_c1_snap_20150322160000_EBG.jpg,1264,1156,background,0
FRF_c1_snap_20150322160000_EBG.jpg,1919,1090,background,0
FRF_c1_snap_20150322160000_EBG.jpg,2231,965,background,0
FRF_c1_snap_20150322160000_EBG.jpg,1268,1178,background,0
FRF_c1_snap_20150322160000_EBG.jpg,1771,710,background,0
FRF_c1_snap_20150322160000_EBG.jpg,1888,1123,background,0
FRF_c1_snap_20150322160000_EBG.jpg,1660,874,background,0
FRF_c1_snap_20150322160000_EBG.jpg,1863,798,background,0
FRF_c1_snap_20150322160000_EBG.jpg,2074,1126,background,0
FRF_c1_snap_20150322160000_EBG.jpg,1766,980,background,0
FRF_c1_snap_20150322160000_EBG.jpg,1860,1038,background,0
FRF_c1_snap_20150322160000_EBG.jpg,2035,1108,background,0
FRF_c1_snap_20150322160000_EBG.jpg,1821,895,background,0
FRF_c1_snap_20150322160000_EBG.jpg,1941,919,background,0
FRF_c1_snap_20150322160000_EBG.jpg,1408,621,background,0
FRF_c1_snap_20150322160000_EBG.jpg,216,561,background,0
FRF_c1_snap_20150322160000_EBG.jpg,129,536,background,0
FRF_c1_snap_20150322160000_EBG.jpg,18,604,background,0
FRF_c1_snap_20150322160000_EBG.jpg,488,547,background,0
FRF_c1_snap_20150322160000_EBG.jpg,141,404,background,0
FRF_c1_snap_20150322160000_EBG.jpg,70,645,background,0
FRF_c1_snap_20150322160000_EBG.jpg,367,586,background,0
FRF_c1_snap_20150322160000_EBG.jpg,360,368,background,0
FRF_c1_snap_20150322160000_EBG.jpg,243,338,background,0
FRF_c1_snap_20150322160000_EBG.jpg,469,594,background,0
FRF_c1_snap_20150322160000_EBG.jpg,239,582,background,0
FRF_c1_snap_20150322160000_EBG.jpg,478,588,background,0
FRF_c1_snap_20150322160000_EBG.jpg,113,604,background,0
FRF_c1_snap_20150322160000_EBG.jpg,105,468,background,0
FRF_c1_snap_20150322160000_EBG.jpg,82,279,background,0
FRF_c1_snap_20150322160000_EBG.jpg,384,559,background,0
FRF_c1_snap_20150322160000_EBG.jpg,101,390,background,0
FRF_c1_snap_20150322160000_EBG.jpg,186,349,background,0
FRF_c1_snap_20150322160000_EBG.jpg,401,553,background,0
FRF_c1_snap_20150322160000_EBG.jpg,194,419,background,0
FRF_c1_snap_20150322160000_EBG.jpg,503,594,background,0
FRF_c1_snap_20150322160000_EBG.jpg,277,549,background,0
FRF_c1_snap_20150322160000_EBG.jpg,98,607,background,0
FRF_c1_snap_20150322160000_EBG.jpg,155,315,background,0
FRF_c1_snap_20150322160000_EBG.jpg,27,477,background,0
FRF_c1_snap_20150322160000_EBG.jpg,419,449,background,0
FRF_c1_snap_20150322160000_EBG.jpg,437,586,background,0
FRF_c1_snap_20150322160000_EBG.jpg,269,626,background,0
FRF_c1_snap_20150322160000_EBG.jpg,473,493,background,0
FRF_c1_snap_20150322160000_EBG.jpg,210,511,background,0
FRF_c1_snap_20150322160000_EBG.jpg,253,338,background,0
FRF_c1_snap_20150322160000_EBG.jpg,463,515,background,0
FRF_c1_snap_20150322160000_EBG.jpg,449,468,background,0
FRF_c1_snap_20150322160000_EBG.jpg,312,538,background,0
FRF_c1_snap_20150322160000_EBG.jpg,337,481,background,0
FRF_c1_snap_20150322160000_EBG.jpg,85,409,background,0
FRF_c1_snap_20150322160000_EBG.jpg,57,259,background,0
FRF_c1_snap_20150322160000_EBG.jpg,123,592,background,0
FRF_c1_snap_20150322160000_EBG.jpg,214,387,background,0
FRF_c1_snap_20150322160000_EBG.jpg,88,604,background,0
FRF_c1_snap_20150322160000_EBG.jpg,2276,1397,wetsand,1
FRF_c1_snap_20150322160000_EBG.jpg,1209,675,wetsand,1
FRF_c1_snap_20150322160000_EBG.jpg,1153,659,wetsand,1
FRF_c1_snap_20150322160000_EBG.jpg,1537,858,wetsand,1
FRF_c1_snap_20150322160000_EBG.jpg,1256,707,wetsand,1
FRF_c1_snap_20150322160000_EBG.jpg,2009,1248,wetsand,1
FRF_c1_snap_20150322160000_EBG.jpg,1403,793,wetsand,1
FRF_c1_snap_20150322160000_EBG.jpg,2377,1429,wetsand,1
FRF_c1_snap_20150322160000_EBG.jpg,2054,1272,wetsand,1
FRF_c1_snap_20150322160000_EBG.jpg,1356,809,wetsand,1
FRF_c1_snap_20150322160000_EBG.jpg,1361,761,wetsand,1
FRF_c1_snap_20150322160000_EBG.jpg,1296,763,wetsand,1
FRF_c1_snap_20150322160000_EBG.jpg,1391,733,wetsand,1
FRF_c1_snap_20150322160000_EBG.jpg,1491,829,wetsand,1
FRF_c1_snap_20150322160000_EBG.jpg,2122,1305,wetsand,1
FRF_c1_snap_20150322160000_EBG.jpg,2039,1257,wetsand,1
FRF_c1_snap_20150322160000_EBG.jpg,2049,1272,wetsand,1
FRF_c1_snap_20150322160000_EBG.jpg,2030,1252,wetsand,1
FRF_c1_snap_20150322160000_EBG.jpg,1450,834,wetsand,1
FRF_c1_snap_20150322160000_EBG.jpg,1386,745,wetsand,1
FRF_c1_snap_20150322160000_EBG.jpg,2076,1280,wetsand,1
FRF_c1_snap_20150322160000_EBG.jpg,2404,1427,wetsand,1
FRF_c1_snap_20150322160000_EBG.jpg,956,552,wetsand,1
FRF_c1_snap_20150322160000_EBG.jpg,941,549,wetsand,1
FRF_c1_snap_20150322160000_EBG.jpg,1295,754,wetsand,1
FRF_c1_snap_20150322160000_EBG.jpg,1336,771,wetsand,1
FRF_c1_snap_20150322160000_EBG.jpg,2097,1292,wetsand,1
FRF_c1_snap_20150322160000_EBG.jpg,2385,1414,wetsand,1
FRF_c1_snap_20150322160000_EBG.jpg,1153,661,wetsand,1
FRF_c1_snap_20150322160000_EBG.jpg,1544,881,wetsand,1
FRF_c1_snap_20150322160000_EBG.jpg,1089,651,wetsand,1
FRF_c1_snap_20150322160000_EBG.jpg,1373,792,wetsand,1
FRF_c1_snap_20150322160000_EBG.jpg,1951,1216,wetsand,1
FRF_c1_snap_20150322160000_EBG.jpg,1315,731,wetsand,1
FRF_c1_snap_20150322160000_EBG.jpg,1286,697,wetsand,1
FRF_c1_snap_20150322160000_EBG.jpg,1411,803,wetsand,1
FRF_c1_snap_20150322160000_EBG.jpg,1474,828,wetsand,1
FRF_c1_snap_20150322160000_EBG.jpg,1143,665,wetsand,1
FRF_c1_snap_20150322160000_EBG.jpg,1958,1216,wetsand,1
FRF_c1_snap_20150322160000_EBG.jpg,2166,1328,wetsand,1
FRF_c1_snap_20150322160000_EBG.jpg,1984,1235,wetsand,1
FRF_c1_snap_20150322160000_EBG.jpg,1181,692,wetsand,1
FRF_c1_snap_20150322160000_EBG.jpg,2240,1396,wetsand,1
FRF_c1_snap_20150322160000_EBG.jpg,2019,1269,wetsand,1
FRF_c1_snap_20150322160000_EBG.jpg,2262,1400,wetsand,1
FRF_c1_snap_20150322160000_EBG.jpg,1419,809,wetsand,1
FRF_c1_snap_20150322160000_EBG.jpg,2092,1309,wetsand,1
FRF_c1_snap_20150322160000_EBG.jpg,2065,1300,wetsand,1
FRF_c1_snap_20150322160000_EBG.jpg,1300,693,wetsand,1
FRF_c1_snap_20150322160000_EBG.jpg,1338,729,wetsand,1
FRF_c1_snap_20150322160000_EBG.jpg,1397,815,wetsand,1
FRF_c1_snap_20150322160000_EBG.jpg,1323,688,wetsand,1
FRF_c1_snap_20150322160000_EBG.jpg,1334,720,wetsand,1
FRF_c1_snap_20150322160000_EBG.jpg,2034,1269,wetsand,1
FRF_c1_snap_20150322160000_EBG.jpg,1327,730,wetsand,1
FRF_c1_snap_20150322160000_EBG.jpg,2028,1248,wetsand,1
FRF_c1_snap_20150322160000_EBG.jpg,1186,679,wetsand,1
FRF_c1_snap_20150322160000_EBG.jpg,2197,1374,wetsand,1
FRF_c1_snap_20150322160000_EBG.jpg,1492,912,wetsand,1
FRF_c1_snap_20150322160000_EBG.jpg,2028,1271,wetsand,1
FRF_c1_snap_20150322160000_EBG.jpg,1497,815,wetsand,1
FRF_c1_snap_20150322160000_EBG.jpg,1507,812,wetsand,1
FRF_c1_snap_20150322160000_EBG.jpg,1182,694,wetsand,1
FRF_c1_snap_20150322160000_EBG.jpg,1361,773,wetsand,1
FRF_c1_snap_20150322160000_EBG.jpg,1453,832,wetsand,1
FRF_c1_snap_20150322160000_EBG.jpg,1385,747,wetsand,1
FRF_c1_snap_20150322160000_EBG.jpg,1519,991,wetsand,1
FRF_c1_snap_20150322160000_EBG.jpg,1177,670,wetsand,1
FRF_c1_snap_20150322160000_EBG.jpg,2400,1458,wetsand,1
FRF_c1_snap_20150322160000_EBG.jpg,1410,810,wetsand,1
FRF_c1_snap_20150322160000_EBG.jpg,1434,780,wetsand,1
FRF_c1_snap_20150322160000_EBG.jpg,2119,1314,wetsand,1
FRF_c1_snap_20150322160000_EBG.jpg,1396,797,wetsand,1
FRF_c1_snap_20150322160000_EBG.jpg,1441,813,wetsand,1
FRF_c1_snap_20150322160000_EBG.jpg,2115,1295,wetsand,1
FRF_c1_snap_20150322160000_EBG.jpg,2171,1331,wetsand,1
FRF_c1_snap_20150322160000_EBG.jpg,1469,829,wetsand,1
FRF_c1_snap_20150322160000_EBG.jpg,1359,759,wetsand,1
FRF_c1_snap_20150322160000_EBG.jpg,2400,1434,wetsand,1
FRF_c1_snap_20150322160000_EBG.jpg,1470,830,wetsand,1
FRF_c1_snap_20150322160000_EBG.jpg,1046,949,drysand,2
FRF_c1_snap_20150322160000_EBG.jpg,2042,1870,drysand,2
FRF_c1_snap_20150322160000_EBG.jpg,1112,1185,drysand,2
FRF_c1_snap_20150322160000_EBG.jpg,685,1860,drysand,2
FRF_c1_snap_20150322160000_EBG.jpg,1164,1576,drysand,2
FRF_c1_snap_20150322160000_EBG.jpg,796,836,drysand,2
FRF_c1_snap_20150322160000_EBG.jpg,1607,1780,drysand,2
FRF_c1_snap_20150322160000_EBG.jpg,2111,1676,drysand,2
FRF_c1_snap_20150322160000_EBG.jpg,1347,1157,drysand,2
FRF_c1_snap_20150322160000_EBG.jpg,1778,1277,drysand,2
FRF_c1_snap_20150322160000_EBG.jpg,860,801,drysand,2
FRF_c1_snap_20150322160000_EBG.jpg,1181,1274,drysand,2
FRF_c1_snap_20150322160000_EBG.jpg,1669,1384,drysand,2
FRF_c1_snap_20150322160000_EBG.jpg,914,795,drysand,2
FRF_c1_snap_20150322160000_EBG.jpg,732,1062,drysand,2
FRF_c1_snap_20150322160000_EBG.jpg,1614,1703,drysand,2
FRF_c1_snap_20150322160000_EBG.jpg,2379,1929,drysand,2
FRF_c1_snap_20150322160000_EBG.jpg,1478,1439,drysand,2
FRF_c1_snap_20150322160000_EBG.jpg,1867,1841,drysand,2
FRF_c1_snap_20150322160000_EBG.jpg,1920,1221,drysand,2
FRF_c1_snap_20150322160000_EBG.jpg,1996,1319,drysand,2
FRF_c1_snap_20150322160000_EBG.jpg,2268,1434,drysand,2
FRF_c1_snap_20150322160000_EBG.jpg,1563,1471,drysand,2
FRF_c1_snap_20150322160000_EBG.jpg,968,669,drysand,2
FRF_c1_snap_20150322160000_EBG.jpg,741,1480,drysand,2
FRF_c1_snap_20150322160000_EBG.jpg,920,973,drysand,2
FRF_c1_snap_20150322160000_EBG.jpg,1554,1537,drysand,2
FRF_c1_snap_20150322160000_EBG.jpg,904,565,drysand,2
FRF_c1_snap_20150322160000_EBG.jpg,914,918,drysand,2
FRF_c1_snap_20150322160000_EBG.jpg,1052,1086,drysand,2
FRF_c1_snap_20150322160000_EBG.jpg,690,1056,drysand,2
FRF_c1_snap_20150322160000_EBG.jpg,981,1010,drysand,2
FRF_c1_snap_20150322160000_EBG.jpg,1522,1039,drysand,2
FRF_c1_snap_20150322160000_EBG.jpg,1143,1779,drysand,2
FRF_c1_snap_20150322160000_EBG.jpg,809,823,drysand,2
FRF_c1_snap_20150322160000_EBG.jpg,1017,635,drysand,2
FRF_c1_snap_20150322160000_EBG.jpg,2069,1676,drysand,2
FRF_c1_snap_20150322160000_EBG.jpg,1364,1910,drysand,2
FRF_c1_snap_20150322160000_EBG.jpg,1817,1848,drysand,2
FRF_c1_snap_20150322160000_EBG.jpg,1792,1182,drysand,2
FRF_c1_snap_20150322160000_EBG.jpg,2393,1548,drysand,2
FRF_c1_snap_20150322160000_EBG.jpg,1740,1797,drysand,2
FRF_c1_snap_20150322160000_EBG.jpg,1439,849,drysand,2
FRF_c1_snap_20150322160000_EBG.jpg,1752,1531,drysand,2
FRF_c1_snap_20150322160000_EBG.jpg,2215,1938,drysand,2
FRF_c1_snap_20150322160000_EBG.jpg,1227,1456,drysand,2
FRF_c1_snap_20150322160000_EBG.jpg,1242,1192,drysand,2
FRF_c1_snap_20150322160000_EBG.jpg,891,705,drysand,2
FRF_c1_snap_20150322160000_EBG.jpg,1556,1097,drysand,2
FRF_c1_snap_20150322160000_EBG.jpg,2172,1846,drysand,2
FRF_c1_snap_20150322160000_EBG.jpg,2320,1845,drysand,2
FRF_c1_snap_20150322160000_EBG.jpg,1097,752,drysand,2
FRF_c1_snap_20150322160000_EBG.jpg,2224,1829,drysand,2
FRF_c1_snap_20150322160000_EBG.jpg,1037,975,drysand,2
FRF_c1_snap_20150322160000_EBG.jpg,1636,1285,drysand,2
FRF_c1_snap_20150322160000_EBG.jpg,1545,1971,drysand,2
FRF_c1_snap_20150322160000_EBG.jpg,2065,1707,drysand,2
FRF_c1_snap_20150322160000_EBG.jpg,2234,1969,drysand,2
FRF_c1_snap_20150322160000_EBG.jpg,1296,1375,drysand,2
FRF_c1_snap_20150322160000_EBG.jpg,2133,1946,drysand,2
FRF_c1_snap_20150322160000_EBG.jpg,1878,1268,drysand,2
FRF_c1_snap_20150322160000_EBG.jpg,2154,1678,drysand,2
FRF_c1_snap_20150322160000_EBG.jpg,2149,1898,drysand,2
FRF_c1_snap_20150322160000_EBG.jpg,860,1048,drysand,2
FRF_c1_snap_20150322160000_EBG.jpg,1082,1755,drysand,2
FRF_c1_snap_20150322160000_EBG.jpg,1159,704,drysand,2
FRF_c1_snap_20150322160000_EBG.jpg,1467,898,drysand,2
FRF_c1_snap_20150322160000_EBG.jpg,1904,1652,drysand,2
FRF_c1_snap_20150322160000_EBG.jpg,1546,1896,drysand,2
FRF_c1_snap_20150322160000_EBG.jpg,1134,684,drysand,2
FRF_c1_snap_20150322160000_EBG.jpg,1550,1895,drysand,2
FRF_c1_snap_20150322160000_EBG.jpg,1341,922,drysand,2
FRF_c1_snap_20150322160000_EBG.jpg,647,1350,drysand,2
FRF_c1_snap_20150322160000_EBG.jpg,724,1847,drysand,2
FRF_c1_snap_20150322160000_EBG.jpg,1705,1644,drysand,2
FRF_c1_snap_20150322160000_EBG.jpg,2236,1664,drysand,2
FRF_c1_snap_20150322160000_EBG.jpg,1573,1519,drysand,2
FRF_c1_snap_20150322160000_EBG.jpg,1636,1145,drysand,2
FRF_c1_snap_20150322160000_EBG.jpg,1915,1916,drysand,2
FRF_c1_snap_20150322160000_EBG.jpg,1410,1173,drysand,2
FRF_c1_snap_20150322160000_EBG.jpg,1766,1901,vegetation,3
FRF_c1_snap_20150322160000_EBG.jpg,709,1596,vegetation,3
FRF_c1_snap_20150322160000_EBG.jpg,993,1365,vegetation,3
FRF_c1_snap_20150322160000_EBG.jpg,867,1188,vegetation,3
FRF_c1_snap_20150322160000_EBG.jpg,754,856,vegetation,3
FRF_c1_snap_20150322160000_EBG.jpg,1253,1950,vegetation,3
FRF_c1_snap_20150322160000_EBG.jpg,1523,1875,vegetation,3
FRF_c1_snap_20150322160000_EBG.jpg,1341,1586,vegetation,3
FRF_c1_snap_20150322160000_EBG.jpg,1055,1989,vegetation,3
FRF_c1_snap_20150322160000_EBG.jpg,1280,1970,vegetation,3
FRF_c1_snap_20150322160000_EBG.jpg,945,1954,vegetation,3
FRF_c1_snap_20150322160000_EBG.jpg,1586,1717,vegetation,3
FRF_c1_snap_20150322160000_EBG.jpg,1538,1719,vegetation,3
FRF_c1_snap_20150322160000_EBG.jpg,1030,1887,vegetation,3
FRF_c1_snap_20150322160000_EBG.jpg,987,1843,vegetation,3
FRF_c1_snap_20150322160000_EBG.jpg,823,1666,vegetation,3
FRF_c1_snap_20150322160000_EBG.jpg,1067,1905,vegetation,3
FRF_c1_snap_20150322160000_EBG.jpg,656,1543,vegetation,3
FRF_c1_snap_20150322160000_EBG.jpg,1373,1968,vegetation,3
FRF_c1_snap_20150322160000_EBG.jpg,982,1666,vegetation,3
FRF_c1_snap_20150322160000_EBG.jpg,677,1557,vegetation,3
FRF_c1_snap_20150322160000_EBG.jpg,753,1163,vegetation,3
FRF_c1_snap_20150322160000_EBG.jpg,698,1352,vegetation,3
FRF_c1_snap_20150322160000_EBG.jpg,815,1170,vegetation,3
FRF_c1_snap_20150322160000_EBG.jpg,1053,1395,vegetation,3
FRF_c1_snap_20150322160000_EBG.jpg,1709,1917,vegetation,3
FRF_c1_snap_20150322160000_EBG.jpg,657,1179,vegetation,3
FRF_c1_snap_20150322160000_EBG.jpg,682,1753,vegetation,3
FRF_c1_snap_20150322160000_EBG.jpg,1099,1409,vegetation,3
FRF_c1_snap_20150322160000_EBG.jpg,729,1390,vegetation,3
FRF_c1_snap_20150322160000_EBG.jpg,818,1347,vegetation,3
FRF_c1_snap_20150322160000_EBG.jpg,987,1456,vegetation,3
FRF_c1_snap_20150322160000_EBG.jpg,1280,1917,vegetation,3
FRF_c1_snap_20150322160000_EBG.jpg,1203,1368,vegetation,3
FRF_c1_snap_20150322160000_EBG.jpg,720,1895,vegetation,3
FRF_c1_snap_20150322160000_EBG.jpg,1238,1852,vegetation,3
FRF_c1_snap_20150322160000_EBG.jpg,896,1497,vegetation,3
FRF_c1_snap_20150322160000_EBG.jpg,1058,1411,vegetation,3
FRF_c1_snap_20150322160000_EBG.jpg,583,1763,vegetation,3
FRF_c1_snap_20150322160000_EBG.jpg,1706,1837,vegetation,3
FRF_c1_snap_20150322160000_EBG.jpg,134,1737,vegetation,3
FRF_c1_snap_20150322160000_EBG.jpg,171,1411,vegetation,3
FRF_c1_snap_20150322160000_EBG.jpg,481,1163,vegetation,3
FRF_c1_snap_20150322160000_EBG.jpg,301,1117,vegetation,3
FRF_c1_snap_20150322160000_EBG.jpg,119,1114,vegetation,3
FRF_c1_snap_20150322160000_EBG.jpg,161,1399,vegetation,3
FRF_c1_snap_20150322160000_EBG.jpg,175,1786,vegetation,3
FRF_c1_snap_20150322160000_EBG.jpg,162,916,vegetation,3
FRF_c1_snap_20150322160000_EBG.jpg,130,1728,vegetation,3
FRF_c1_snap_20150322160000_EBG.jpg,539,866,vegetation,3
FRF_c1_snap_20150322160000_EBG.jpg,358,1562,vegetation,3
FRF_c1_snap_20150322160000_EBG.jpg,518,1444,vegetation,3
FRF_c1_snap_20150322160000_EBG.jpg,330,1913,vegetation,3
FRF_c1_snap_20150322160000_EBG.jpg,206,1208,vegetation,3
FRF_c1_snap_20150322160000_EBG.jpg,537,906,vegetation,3
FRF_c1_snap_20150322160000_EBG.jpg,70,1820,vegetation,3
FRF_c1_snap_20150322160000_EBG.jpg,511,1663,vegetation,3
FRF_c1_snap_20150322160000_EBG.jpg,408,1883,vegetation,3
FRF_c1_snap_20150322160000_EBG.jpg,112,1612,vegetation,3
FRF_c1_snap_20150322160000_EBG.jpg,326,1127,vegetation,3
FRF_c1_snap_20150322160000_EBG.jpg,215,974,vegetation,3
FRF_c1_snap_20150322160000_EBG.jpg,249,1052,vegetation,3
FRF_c1_snap_20150322160000_EBG.jpg,178,913,vegetation,3
FRF_c1_snap_20150322160000_EBG.jpg,380,1104,vegetation,3
FRF_c1_snap_20150322160000_EBG.jpg,245,1265,vegetation,3
FRF_c1_snap_20150322160000_EBG.jpg,308,1952,vegetation,3
FRF_c1_snap_20150322160000_EBG.jpg,522,1778,vegetation,3
FRF_c1_snap_20150322160000_EBG.jpg,292,1481,vegetation,3
FRF_c1_snap_20150322160000_EBG.jpg,243,1835,vegetation,3
FRF_c1_snap_20150322160000_EBG.jpg,380,1311,vegetation,3
FRF_c1_snap_20150322160000_EBG.jpg,231,960,vegetation,3
FRF_c1_snap_20150322160000_EBG.jpg,342,1794,vegetation,3
FRF_c1_snap_20150322160000_EBG.jpg,68,969,vegetation,3
FRF_c1_snap_20150322160000_EBG.jpg,426,1774,vegetation,3
FRF_c1_snap_20150322160000_EBG.jpg,525,1884,vegetation,3
FRF_c1_snap_20150322160000_EBG.jpg,457,1850,vegetation,3
FRF_c1_snap_20150322160000_EBG.jpg,250,1840,vegetation,3
FRF_c1_snap_20150322160000_EBG.jpg,231,1297,vegetation,3
FRF_c1_snap_20150322160000_EBG.jpg,299,1431,vegetation,3
FRF_c1_snap_20150322160000_EBG.jpg,247,966,vegetation,3
FRF_c1_snap_20150322160000_EBG.jpg,1021,888,heavies,4
FRF_c1_snap_20150322160000_EBG.jpg,1194,1101,heavies,4
FRF_c1_snap_20150322160000_EBG.jpg,1023,888,heavies,4
FRF_c1_snap_20150322160000_EBG.jpg,1022,889,heavies,4
FRF_c1_snap_20150322160000_EBG.jpg,1928,1798,heavies,4
FRF_c1_snap_20150322160000_EBG.jpg,1925,1800,heavies,4
FRF_c1_snap_20150322160000_EBG.jpg,1193,1101,heavies,4
FRF_c1_snap_20150322160000_EBG.jpg,1927,1799,heavies,4
FRF_c1_snap_20150322160000_EBG.jpg,1925,1799,heavies,4
FRF_c1_snap_20150322160000_EBG.jpg,1071,995,heavies,4
FRF_c1_snap_20150322160000_EBG.jpg,1927,1798,heavies,4
FRF_c1_snap_20150322160000_EBG.jpg,1024,889,heavies,4
FRF_c1_snap_20150322160000_EBG.jpg,1071,995,heavies,4
FRF_c1_snap_20150322160000_EBG.jpg,1071,996,heavies,4
FRF_c1_snap_20150322160000_EBG.jpg,1925,1800,heavies,4
FRF_c1_snap_20150322160000_EBG.jpg,1925,1799,heavies,4
FRF_c1_snap_20150322160000_EBG.jpg,1070,996,heavies,4
FRF_c1_snap_20150322160000_EBG.jpg,1193,1101,heavies,4
FRF_c1_snap_20150322160000_EBG.jpg,1022,888,heavies,4
FRF_c1_snap_20150322160000_EBG.jpg,1928,1798,heavies,4
FRF_c1_snap_20150322160000_EBG.jpg,1193,1099,heavies,4
FRF_c1_snap_20150322160000_EBG.jpg,1071,996,heavies,4
FRF_c1_snap_20150322160000_EBG.jpg,1927,1798,heavies,4
FRF_c1_snap_20150322160000_EBG.jpg,1194,1100,heavies,4
FRF_c1_snap_20150322160000_EBG.jpg,1021,887,heavies,4
FRF_c1_snap_20150322160000_EBG.jpg,1022,889,heavies,4
FRF_c1_snap_20150322160000_EBG.jpg,1021,888,heavies,4
FRF_c1_snap_20150322160000_EBG.jpg,1926,1798,heavies,4
FRF_c1_snap_20150322160000_EBG.jpg,1023,886,heavies,4
FRF_c1_snap_20150322160000_EBG.jpg,1022,888,heavies,4
FRF_c1_snap_20150322160000_EBG.jpg,1193,1100,heavies,4
FRF_c1_snap_20150322160000_EBG.jpg,1194,1101,heavies,4
FRF_c1_snap_20150322160000_EBG.jpg,1070,996,heavies,4
FRF_c1_snap_20150322160000_EBG.jpg,1925,1799,heavies,4
FRF_c1_snap_20150322160000_EBG.jpg,1928,1799,heavies,4
FRF_c1_snap_20150322160000_EBG.jpg,1023,887,heavies,4
FRF_c1_snap_20150322160000_EBG.jpg,1925,1800,heavies,4
FRF_c1_snap_20150322160000_EBG.jpg,1193,1100,heavies,4
FRF_c1_snap_20150322160000_EBG.jpg,1194,1100,heavies,4
FRF_c1_snap_20150322160000_EBG.jpg,1022,887,heavies,4
FRF_c1_snap_20150322160000_EBG.jpg,1194,1100,heavies,4
FRF_c1_snap_20150322160000_EBG.jpg,1927,1797,heavies,4
FRF_c1_snap_20150322160000_EBG.jpg,1192,1100,heavies,4
FRF_c1_snap_20150322160000_EBG.jpg,1022,887,heavies,4
FRF_c1_snap_20150322160000_EBG.jpg,1071,996,heavies,4
FRF_c1_snap_20150322160000_EBG.jpg,1928,1799,heavies,4
FRF_c1_snap_20150322160000_EBG.jpg,1927,1797,heavies,4
FRF_c1_snap_20150322160000_EBG.jpg,1024,887,heavies,4
FRF_c1_snap_20150322160000_EBG.jpg,1925,1800,heavies,4
FRF_c1_snap_20150322160000_EBG.jpg,1925,1800,heavies,4
FRF_c1_snap_20150322160000_EBG.jpg,1021,888,heavies,4
FRF_c1_snap_20150322160000_EBG.jpg,1928,1798,heavies,4
FRF_c1_snap_20150322160000_EBG.jpg,1069,995,heavies,4
FRF_c1_snap_20150322160000_EBG.jpg,1192,1100,heavies,4
FRF_c1_snap_20150322160000_EBG.jpg,1070,995,heavies,4
FRF_c1_snap_20150322160000_EBG.jpg,1927,1798,heavies,4
FRF_c1_snap_20150322160000_EBG.jpg,1926,1800,heavies,4
FRF_c1_snap_20150322160000_EBG.jpg,1928,1798,heavies,4
FRF_c1_snap_20150322160000_EBG.jpg,1928,1799,heavies,4
FRF_c1_snap_20150322160000_EBG.jpg,1925,1800,heavies,4
FRF_c1_snap_20150322160000_EBG.jpg,1022,887,heavies,4
FRF_c1_snap_20150322160000_EBG.jpg,1024,888,heavies,4
FRF_c1_snap_20150322160000_EBG.jpg,1927,1797,heavies,4
FRF_c1_snap_20150322160000_EBG.jpg,1192,1100,heavies,4
FRF_c1_snap_20150322160000_EBG.jpg,1023,886,heavies,4
FRF_c1_snap_20150322160000_EBG.jpg,1022,887,heavies,4
FRF_c1_snap_20150322160000_EBG.jpg,1071,996,heavies,4
FRF_c1_snap_20150322160000_EBG.jpg,1193,1100,heavies,4
FRF_c1_snap_20150322160000_EBG.jpg,1021,888,heavies,4
FRF_c1_snap_20150322160000_EBG.jpg,1021,888,heavies,4
FRF_c1_snap_20150322160000_EBG.jpg,1023,887,heavies,4
FRF_c1_snap_20150322160000_EBG.jpg,1193,1099,heavies,4
FRF_c1_snap_20150322160000_EBG.jpg,1022,886,heavies,4
FRF_c1_snap_20150322160000_EBG.jpg,1192,1100,heavies,4
FRF_c1_snap_20150322160000_EBG.jpg,1071,995,heavies,4
FRF_c1_snap_20150322160000_EBG.jpg,1071,995,heavies,4
FRF_c1_snap_20150322160000_EBG.jpg,1194,1101,heavies,4
FRF_c1_snap_20150322160000_EBG.jpg,1071,996,heavies,4
FRF_c1_snap_20150322160000_EBG.jpg,1927,1797,heavies,4
FRF_c1_snap_20150322160000_EBG.jpg,1927,1798,heavies,4
FRF_c1_snap_20150322160000_EBG.jpg,1888,1430,lag,5
FRF_c1_snap_20150322160000_EBG.jpg,1908,1799,lag,5
FRF_c1_snap_20150322160000_EBG.jpg,2367,1725,lag,5
FRF_c1_snap_20150322160000_EBG.jpg,1105,935,lag,5
FRF_c1_snap_20150322160000_EBG.jpg,1007,859,lag,5
FRF_c1_snap_20150322160000_EBG.jpg,2335,1817,lag,5
FRF_c1_snap_20150322160000_EBG.jpg,1989,1338,lag,5
FRF_c1_snap_20150322160000_EBG.jpg,1547,1237,lag,5
FRF_c1_snap_20150322160000_EBG.jpg,2067,1586,lag,5
FRF_c1_snap_20150322160000_EBG.jpg,1913,1627,lag,5
FRF_c1_snap_20150322160000_EBG.jpg,2356,1723,lag,5
FRF_c1_snap_20150322160000_EBG.jpg,1798,1683,lag,5
FRF_c1_snap_20150322160000_EBG.jpg,1816,1427,lag,5
FRF_c1_snap_20150322160000_EBG.jpg,1311,913,lag,5
FRF_c1_snap_20150322160000_EBG.jpg,2117,1618,lag,5
FRF_c1_snap_20150322160000_EBG.jpg,1920,1617,lag,5
FRF_c1_snap_20150322160000_EBG.jpg,2131,1576,lag,5
FRF_c1_snap_20150322160000_EBG.jpg,2333,1640,lag,5
FRF_c1_snap_20150322160000_EBG.jpg,1975,1622,lag,5
FRF_c1_snap_20150322160000_EBG.jpg,1436,1105,lag,5
FRF_c1_snap_20150322160000_EBG.jpg,2149,1473,lag,5
FRF_c1_snap_20150322160000_EBG.jpg,1851,1417,lag,5
FRF_c1_snap_20150322160000_EBG.jpg,2167,1777,lag,5
FRF_c1_snap_20150322160000_EBG.jpg,1942,1363,lag,5
FRF_c1_snap_20150322160000_EBG.jpg,2114,1589,lag,5
FRF_c1_snap_20150322160000_EBG.jpg,1955,1472,lag,5
FRF_c1_snap_20150322160000_EBG.jpg,2108,1320,lag,5
FRF_c1_snap_20150322160000_EBG.jpg,2350,1791,lag,5
FRF_c1_snap_20150322160000_EBG.jpg,2154,1622,lag,5
FRF_c1_snap_20150322160000_EBG.jpg,1899,1562,lag,5
FRF_c1_snap_20150322160000_EBG.jpg,1122,942,lag,5
FRF_c1_snap_20150322160000_EBG.jpg,1569,1195,lag,5
FRF_c1_snap_20150322160000_EBG.jpg,1926,1596,lag,5
FRF_c1_snap_20150322160000_EBG.jpg,1300,936,lag,5
FRF_c1_snap_20150322160000_EBG.jpg,1196,842,lag,5
FRF_c1_snap_20150322160000_EBG.jpg,1964,1603,lag,5
FRF_c1_snap_20150322160000_EBG.jpg,1150,938,lag,5
FRF_c1_snap_20150322160000_EBG.jpg,1152,912,lag,5
FRF_c1_snap_20150322160000_EBG.jpg,2351,1660,lag,5
FRF_c1_snap_20150322160000_EBG.jpg,2367,1694,lag,5
FRF_c1_snap_20150322160000_EBG.jpg,2099,1549,lag,5
FRF_c1_snap_20150322160000_EBG.jpg,2401,1647,lag,5
FRF_c1_snap_20150322160000_EBG.jpg,1789,1250,lag,5
FRF_c1_snap_20150322160000_EBG.jpg,1984,1655,lag,5
FRF_c1_snap_20150322160000_EBG.jpg,1298,938,lag,5
FRF_c1_snap_20150322160000_EBG.jpg,2377,1784,lag,5
FRF_c1_snap_20150322160000_EBG.jpg,2121,1793,lag,5
FRF_c1_snap_20150322160000_EBG.jpg,1961,1458,lag,5
FRF_c1_snap_20150322160000_EBG.jpg,1412,1132,lag,5
FRF_c1_snap_20150322160000_EBG.jpg,1602,1239,lag,5
FRF_c1_snap_20150322160000_EBG.jpg,2013,1466,lag,5
FRF_c1_snap_20150322160000_EBG.jpg,2275,1750,lag,5
FRF_c1_snap_20150322160000_EBG.jpg,1180,920,lag,5
FRF_c1_snap_20150322160000_EBG.jpg,1958,1663,lag,5
FRF_c1_snap_20150322160000_EBG.jpg,1331,950,lag,5
FRF_c1_snap_20150322160000_EBG.jpg,1982,1578,lag,5
FRF_c1_snap_20150322160000_EBG.jpg,1112,950,lag,5
FRF_c1_snap_20150322160000_EBG.jpg,1378,935,lag,5
FRF_c1_snap_20150322160000_EBG.jpg,2389,1784,lag,5
FRF_c1_snap_20150322160000_EBG.jpg,1217,1018,lag,5
FRF_c1_snap_20150322160000_EBG.jpg,1485,1284,lag,5
FRF_c1_snap_20150322160000_EBG.jpg,2140,1626,lag,5
FRF_c1_snap_20150322160000_EBG.jpg,1828,1246,lag,5
FRF_c1_snap_20150322160000_EBG.jpg,1967,1449,lag,5
FRF_c1_snap_20150322160000_EBG.jpg,1657,1195,lag,5
FRF_c1_snap_20150322160000_EBG.jpg,2367,1763,lag,5
FRF_c1_snap_20150322160000_EBG.jpg,2167,1782,lag,5
FRF_c1_snap_20150322160000_EBG.jpg,1988,1532,lag,5
FRF_c1_snap_20150322160000_EBG.jpg,1901,1418,lag,5
FRF_c1_snap_20150322160000_EBG.jpg,2349,1651,lag,5
FRF_c1_snap_20150322160000_EBG.jpg,2287,1730,lag,5
FRF_c1_snap_20150322160000_EBG.jpg,995,962,lag,5
FRF_c1_snap_20150322160000_EBG.jpg,1919,1623,lag,5
FRF_c1_snap_20150322160000_EBG.jpg,2212,1776,lag,5
FRF_c1_snap_20150322160000_EBG.jpg,1744,1214,lag,5
FRF_c1_snap_20150322160000_EBG.jpg,2022,1619,lag,5
FRF_c1_snap_20150322160000_EBG.jpg,1212,1000,lag,5
FRF_c1_snap_20150322160000_EBG.jpg,1205,848,lag,5
FRF_c1_snap_20150322160000_EBG.jpg,1771,1222,lag,5
FRF_c1_snap_20150322160000_EBG.jpg,1481,1214,lag,5
FRF_c1_snap_20150503160000_EBG.jpg,1889,923,background,0
FRF_c1_snap_20150503160000_EBG.jpg,1725,848,background,0
FRF_c1_snap_20150503160000_EBG.jpg,1205,623,background,0
FRF_c1_snap_20150503160000_EBG.jpg,2022,913,background,0
FRF_c1_snap_20150503160000_EBG.jpg,2177,870,background,0
FRF_c1_snap_20150503160000_EBG.jpg,1500,693,background,0
FRF_c1_snap_20150503160000_EBG.jpg,1155,532,background,0
FRF_c1_snap_20150503160000_EBG.jpg,1567,651,background,0
FRF_c1_snap_20150503160000_EBG.jpg,2074,1018,background,0
FRF_c1_snap_20150503160000_EBG.jpg,1870,1120,background,0
FRF_c1_snap_20150503160000_EBG.jpg,1094,586,background,0
FRF_c1_snap_20150503160000_EBG.jpg,1292,717,background,0
FRF_c1_snap_20150503160000_EBG.jpg,2171,876,background,0
FRF_c1_snap_20150503160000_EBG.jpg,1410,602,background,0
FRF_c1_snap_20150503160000_EBG.jpg,825,978,background,0
FRF_c1_snap_20150503160000_EBG.jpg,2022,1077,background,0
FRF_c1_snap_20150503160000_EBG.jpg,1781,903,background,0
FRF_c1_snap_20150503160000_EBG.jpg,1798,753,background,0
FRF_c1_snap_20150503160000_EBG.jpg,1354,686,background,0
FRF_c1_snap_20150503160000_EBG.jpg,817,967,background,0
FRF_c1_snap_20150503160000_EBG.jpg,2089,928,background,0
FRF_c1_snap_20150503160000_EBG.jpg,1203,544,background,0
FRF_c1_snap_20150503160000_EBG.jpg,2235,1046,background,0
FRF_c1_snap_20150503160000_EBG.jpg,2316,1194,background,0
FRF_c1_snap_20150503160000_EBG.jpg,1631,673,background,0
FRF_c1_snap_20150503160000_EBG.jpg,1803,1027,background,0
FRF_c1_snap_20150503160000_EBG.jpg,732,700,background,0
FRF_c1_snap_20150503160000_EBG.jpg,2408,969,background,0
FRF_c1_snap_20150503160000_EBG.jpg,1554,617,background,0
FRF_c1_snap_20150503160000_EBG.jpg,2140,1055,background,0
FRF_c1_snap_20150503160000_EBG.jpg,1311,584,background,0
FRF_c1_snap_20150503160000_EBG.jpg,1954,1027,background,0
FRF_c1_snap_20150503160000_EBG.jpg,1942,822,background,0
FRF_c1_snap_20150503160000_EBG.jpg,1956,1059,background,0
FRF_c1_snap_20150503160000_EBG.jpg,953,1152,background,0
FRF_c1_snap_20150503160000_EBG.jpg,1447,572,background,0
FRF_c1_snap_20150503160000_EBG.jpg,2410,1508,background,0
FRF_c1_snap_20150503160000_EBG.jpg,1511,630,background,0
FRF_c1_snap_20150503160000_EBG.jpg,1553,906,background,0
FRF_c1_snap_20150503160000_EBG.jpg,1452,826,background,0
FRF_c1_snap_20150503160000_EBG.jpg,198,518,background,0
FRF_c1_snap_20150503160000_EBG.jpg,221,423,background,0
FRF_c1_snap_20150503160000_EBG.jpg,370,464,background,0
FRF_c1_snap_20150503160000_EBG.jpg,522,593,background,0
FRF_c1_snap_20150503160000_EBG.jpg,425,437,background,0
FRF_c1_snap_20150503160000_EBG.jpg,262,392,background,0
FRF_c1_snap_20150503160000_EBG.jpg,262,612,background,0
FRF_c1_snap_20150503160000_EBG.jpg,366,423,background,0
FRF_c1_snap_20150503160000_EBG.jpg,351,594,background,0
FRF_c1_snap_20150503160000_EBG.jpg,94,347,background,0
FRF_c1_snap_20150503160000_EBG.jpg,329,526,background,0
FRF_c1_snap_20150503160000_EBG.jpg,62,526,background,0
FRF_c1_snap_20150503160000_EBG.jpg,196,468,background,0
FRF_c1_snap_20150503160000_EBG.jpg,30,535,background,0
FRF_c1_snap_20150503160000_EBG.jpg,330,512,background,0
FRF_c1_snap_20150503160000_EBG.jpg,281,661,background,0
FRF_c1_snap_20150503160000_EBG.jpg,340,530,background,0
FRF_c1_snap_20150503160000_EBG.jpg,21,461,background,0
FRF_c1_snap_20150503160000_EBG.jpg,378,485,background,0
FRF_c1_snap_20150503160000_EBG.jpg,430,457,background,0
FRF_c1_snap_20150503160000_EBG.jpg,533,564,background,0
FRF_c1_snap_20150503160000_EBG.jpg,452,541,background,0
FRF_c1_snap_20150503160000_EBG.jpg,98,379,background,0
FRF_c1_snap_20150503160000_EBG.jpg,262,278,background,0
FRF_c1_snap_20150503160000_EBG.jpg,408,535,background,0
FRF_c1_snap_20150503160000_EBG.jpg,464,511,background,0
FRF_c1_snap_20150503160000_EBG.jpg,114,315,background,0
FRF_c1_snap_20150503160000_EBG.jpg,433,533,background,0
FRF_c1_snap_20150503160000_EBG.jpg,221,546,background,0
FRF_c1_snap_20150503160000_EBG.jpg,508,547,background,0
FRF_c1_snap_20150503160000_EBG.jpg,134,344,background,0
FRF_c1_snap_20150503160000_EBG.jpg,359,520,background,0
FRF_c1_snap_20150503160000_EBG.jpg,267,434,background,0
FRF_c1_snap_20150503160000_EBG.jpg,395,525,background,0
FRF_c1_snap_20150503160000_EBG.jpg,412,650,background,0
FRF_c1_snap_20150503160000_EBG.jpg,417,415,background,0
FRF_c1_snap_20150503160000_EBG.jpg,400,382,background,0
FRF_c1_snap_20150503160000_EBG.jpg,456,486,background,0
FRF_c1_snap_20150503160000_EBG.jpg,518,639,background,0
FRF_c1_snap_20150503160000_EBG.jpg,104,462,background,0
FRF_c1_snap_20150503160000_EBG.jpg,2310,1329,wetsand,1
FRF_c1_snap_20150503160000_EBG.jpg,2093,1171,wetsand,1
FRF_c1_snap_20150503160000_EBG.jpg,1857,1168,wetsand,1
FRF_c1_snap_20150503160000_EBG.jpg,2294,1398,wetsand,1
FRF_c1_snap_20150503160000_EBG.jpg,1992,1298,wetsand,1
FRF_c1_snap_20150503160000_EBG.jpg,2349,1348,wetsand,1
FRF_c1_snap_20150503160000_EBG.jpg,2231,1361,wetsand,1
FRF_c1_snap_20150503160000_EBG.jpg,1545,988,wetsand,1
FRF_c1_snap_20150503160000_EBG.jpg,1518,953,wetsand,1
FRF_c1_snap_20150503160000_EBG.jpg,2383,1539,wetsand,1
FRF_c1_snap_20150503160000_EBG.jpg,944,560,wetsand,1
FRF_c1_snap_20150503160000_EBG.jpg,948,553,wetsand,1
FRF_c1_snap_20150503160000_EBG.jpg,2326,1319,wetsand,1
FRF_c1_snap_20150503160000_EBG.jpg,2073,1185,wetsand,1
FRF_c1_snap_20150503160000_EBG.jpg,1767,1037,wetsand,1
FRF_c1_snap_20150503160000_EBG.jpg,2001,1203,wetsand,1
FRF_c1_snap_20150503160000_EBG.jpg,1870,1081,wetsand,1
FRF_c1_snap_20150503160000_EBG.jpg,1370,831,wetsand,1
FRF_c1_snap_20150503160000_EBG.jpg,2001,1178,wetsand,1
FRF_c1_snap_20150503160000_EBG.jpg,2328,1337,wetsand,1
FRF_c1_snap_20150503160000_EBG.jpg,2247,1369,wetsand,1
FRF_c1_snap_20150503160000_EBG.jpg,1676,956,wetsand,1
FRF_c1_snap_20150503160000_EBG.jpg,2292,1403,wetsand,1
FRF_c1_snap_20150503160000_EBG.jpg,2105,1338,wetsand,1
FRF_c1_snap_20150503160000_EBG.jpg,1947,1197,wetsand,1
FRF_c1_snap_20150503160000_EBG.jpg,1780,1088,wetsand,1
FRF_c1_snap_20150503160000_EBG.jpg,2198,1339,wetsand,1
FRF_c1_snap_20150503160000_EBG.jpg,2125,1234,wetsand,1
FRF_c1_snap_20150503160000_EBG.jpg,1913,1185,wetsand,1
FRF_c1_snap_20150503160000_EBG.jpg,2210,1440,wetsand,1
FRF_c1_snap_20150503160000_EBG.jpg,1884,1177,wetsand,1
FRF_c1_snap_20150503160000_EBG.jpg,2203,1414,wetsand,1
FRF_c1_snap_20150503160000_EBG.jpg,1810,1133,wetsand,1
FRF_c1_snap_20150503160000_EBG.jpg,2191,1495,wetsand,1
FRF_c1_snap_20150503160000_EBG.jpg,2243,1354,wetsand,1
FRF_c1_snap_20150503160000_EBG.jpg,2082,1217,wetsand,1
FRF_c1_snap_20150503160000_EBG.jpg,1952,1166,wetsand,1
FRF_c1_snap_20150503160000_EBG.jpg,2350,1360,wetsand,1
FRF_c1_snap_20150503160000_EBG.jpg,2203,1446,wetsand,1
FRF_c1_snap_20150503160000_EBG.jpg,1668,1128,wetsand,1
FRF_c1_snap_20150503160000_EBG.jpg,1643,951,wetsand,1
FRF_c1_snap_20150503160000_EBG.jpg,1781,1151,wetsand,1
FRF_c1_snap_20150503160000_EBG.jpg,2303,1368,wetsand,1
FRF_c1_snap_20150503160000_EBG.jpg,2288,1359,wetsand,1
FRF_c1_snap_20150503160000_EBG.jpg,1351,825,wetsand,1
FRF_c1_snap_20150503160000_EBG.jpg,2147,1457,wetsand,1
FRF_c1_snap_20150503160000_EBG.jpg,1076,620,wetsand,1
FRF_c1_snap_20150503160000_EBG.jpg,2077,1218,wetsand,1
FRF_c1_snap_20150503160000_EBG.jpg,2219,1340,wetsand,1
FRF_c1_snap_20150503160000_EBG.jpg,1067,604,wetsand,1
FRF_c1_snap_20150503160000_EBG.jpg,2046,1307,wetsand,1
FRF_c1_snap_20150503160000_EBG.jpg,1742,1086,wetsand,1
FRF_c1_snap_20150503160000_EBG.jpg,2413,1404,wetsand,1
FRF_c1_snap_20150503160000_EBG.jpg,2084,1222,wetsand,1
FRF_c1_snap_20150503160000_EBG.jpg,2091,1323,wetsand,1
FRF_c1_snap_20150503160000_EBG.jpg,1317,802,wetsand,1
FRF_c1_snap_20150503160000_EBG.jpg,1767,1147,wetsand,1
FRF_c1_snap_20150503160000_EBG.jpg,1606,963,wetsand,1
FRF_c1_snap_20150503160000_EBG.jpg,1632,964,wetsand,1
FRF_c1_snap_20150503160000_EBG.jpg,2186,1407,wetsand,1
FRF_c1_snap_20150503160000_EBG.jpg,2411,1550,wetsand,1
FRF_c1_snap_20150503160000_EBG.jpg,1816,1099,wetsand,1
FRF_c1_snap_20150503160000_EBG.jpg,2326,1445,wetsand,1
FRF_c1_snap_20150503160000_EBG.jpg,1621,996,wetsand,1
FRF_c1_snap_20150503160000_EBG.jpg,2195,1403,wetsand,1
FRF_c1_snap_20150503160000_EBG.jpg,2183,1385,wetsand,1
FRF_c1_snap_20150503160000_EBG.jpg,2374,1541,wetsand,1
FRF_c1_snap_20150503160000_EBG.jpg,2056,1272,wetsand,1
FRF_c1_snap_20150503160000_EBG.jpg,1910,1293,wetsand,1
FRF_c1_snap_20150503160000_EBG.jpg,2407,1437,wetsand,1
FRF_c1_snap_20150503160000_EBG.jpg,1548,968,wetsand,1
FRF_c1_snap_20150503160000_EBG.jpg,2303,1448,wetsand,1
FRF_c1_snap_20150503160000_EBG.jpg,2006,1249,wetsand,1
FRF_c1_snap_20150503160000_EBG.jpg,2044,1195,wetsand,1
FRF_c1_snap_20150503160000_EBG.jpg,1539,973,wetsand,1
FRF_c1_snap_20150503160000_EBG.jpg,1779,1103,wetsand,1
FRF_c1_snap_20150503160000_EBG.jpg,1556,958,wetsand,1
FRF_c1_snap_20150503160000_EBG.jpg,2187,1496,wetsand,1
FRF_c1_snap_20150503160000_EBG.jpg,1751,1033,wetsand,1
FRF_c1_snap_20150503160000_EBG.jpg,1534,936,wetsand,1
FRF_c1_snap_20150503160000_EBG.jpg,2296,1699,drysand,2
FRF_c1_snap_20150503160000_EBG.jpg,1919,1717,drysand,2
FRF_c1_snap_20150503160000_EBG.jpg,1376,866,drysand,2
FRF_c1_snap_20150503160000_EBG.jpg,2405,1598,drysand,2
FRF_c1_snap_20150503160000_EBG.jpg,846,1010,drysand,2
FRF_c1_snap_20150503160000_EBG.jpg,1956,1499,drysand,2
FRF_c1_snap_20150503160000_EBG.jpg,2367,1785,drysand,2
FRF_c1_snap_20150503160000_EBG.jpg,1079,1204,drysand,2
FRF_c1_snap_20150503160000_EBG.jpg,831,655,drysand,2
FRF_c1_snap_20150503160000_EBG.jpg,1636,1595,drysand,2
FRF_c1_snap_20150503160000_EBG.jpg,777,805,drysand,2
FRF_c1_snap_20150503160000_EBG.jpg,1474,1579,drysand,2
FRF_c1_snap_20150503160000_EBG.jpg,1037,664,drysand,2
FRF_c1_snap_20150503160000_EBG.jpg,1650,1483,drysand,2
FRF_c1_snap_20150503160000_EBG.jpg,2173,1750,drysand,2
FRF_c1_snap_20150503160000_EBG.jpg,1879,1930,drysand,2
FRF_c1_snap_20150503160000_EBG.jpg,1023,1038,drysand,2
FRF_c1_snap_20150503160000_EBG.jpg,756,1043,drysand,2
FRF_c1_snap_20150503160000_EBG.jpg,896,846,drysand,2
FRF_c1_snap_20150503160000_EBG.jpg,1830,1915,drysand,2
FRF_c1_snap_20150503160000_EBG.jpg,1050,1149,drysand,2
FRF_c1_snap_20150503160000_EBG.jpg,948,781,drysand,2
FRF_c1_snap_20150503160000_EBG.jpg,2353,1761,drysand,2
FRF_c1_snap_20150503160000_EBG.jpg,1879,1456,drysand,2
FRF_c1_snap_20150503160000_EBG.jpg,1437,1468,drysand,2
FRF_c1_snap_20150503160000_EBG.jpg,1429,1385,drysand,2
FRF_c1_snap_20150503160000_EBG.jpg,1535,1821,drysand,2
FRF_c1_snap_20150503160000_EBG.jpg,1778,1852,drysand,2
FRF_c1_snap_20150503160000_EBG.jpg,2279,1955,drysand,2
FRF_c1_snap_20150503160000_EBG.jpg,1691,1612,drysand,2
FRF_c1_snap_20150503160000_EBG.jpg,2297,1959,drysand,2
FRF_c1_snap_20150503160000_EBG.jpg,2359,1960,drysand,2
FRF_c1_snap_20150503160000_EBG.jpg,2282,1786,drysand,2
FRF_c1_snap_20150503160000_EBG.jpg,1169,734,drysand,2
FRF_c1_snap_20150503160000_EBG.jpg,812,564,drysand,2
FRF_c1_snap_20150503160000_EBG.jpg,2193,1927,drysand,2
FRF_c1_snap_20150503160000_EBG.jpg,794,1497,drysand,2
FRF_c1_snap_20150503160000_EBG.jpg,838,683,drysand,2
FRF_c1_snap_20150503160000_EBG.jpg,2132,1729,drysand,2
FRF_c1_snap_20150503160000_EBG.jpg,2352,1582,drysand,2
FRF_c1_snap_20150503160000_EBG.jpg,1192,1301,drysand,2
FRF_c1_snap_20150503160000_EBG.jpg,2175,1685,drysand,2
FRF_c1_snap_20150503160000_EBG.jpg,2145,1830,drysand,2
FRF_c1_snap_20150503160000_EBG.jpg,1431,1410,drysand,2
FRF_c1_snap_20150503160000_EBG.jpg,1542,1612,drysand,2
FRF_c1_snap_20150503160000_EBG.jpg,2004,1827,drysand,2
FRF_c1_snap_20150503160000_EBG.jpg,2330,1939,drysand,2
FRF_c1_snap_20150503160000_EBG.jpg,2307,1616,drysand,2
FRF_c1_snap_20150503160000_EBG.jpg,1518,1930,drysand,2
FRF_c1_snap_20150503160000_EBG.jpg,864,978,drysand,2
FRF_c1_snap_20150503160000_EBG.jpg,1127,1028,drysand,2
FRF_c1_snap_20150503160000_EBG.jpg,1976,1698,drysand,2
FRF_c1_snap_20150503160000_EBG.jpg,1583,1939,drysand,2
FRF_c1_snap_20150503160000_EBG.jpg,2020,1950,drysand,2
FRF_c1_snap_20150503160000_EBG.jpg,2268,1775,drysand,2
FRF_c1_snap_20150503160000_EBG.jpg,1020,953,drysand,2
FRF_c1_snap_20150503160000_EBG.jpg,1918,1875,drysand,2
FRF_c1_snap_20150503160000_EBG.jpg,890,750,drysand,2
FRF_c1_snap_20150503160000_EBG.jpg,1584,1449,drysand,2
FRF_c1_snap_20150503160000_EBG.jpg,1058,734,drysand,2
FRF_c1_snap_20150503160000_EBG.jpg,2154,1959,drysand,2
FRF_c1_snap_20150503160000_EBG.jpg,1926,1677,drysand,2
FRF_c1_snap_20150503160000_EBG.jpg,2001,1613,drysand,2
FRF_c1_snap_20150503160000_EBG.jpg,1087,1111,drysand,2
FRF_c1_snap_20150503160000_EBG.jpg,1861,1666,drysand,2
FRF_c1_snap_20150503160000_EBG.jpg,990,791,drysand,2
FRF_c1_snap_20150503160000_EBG.jpg,1276,973,drysand,2
FRF_c1_snap_20150503160000_EBG.jpg,1472,1448,drysand,2
FRF_c1_snap_20150503160000_EBG.jpg,2106,1769,drysand,2
FRF_c1_snap_20150503160000_EBG.jpg,1066,696,drysand,2
FRF_c1_snap_20150503160000_EBG.jpg,1256,1284,drysand,2
FRF_c1_snap_20150503160000_EBG.jpg,1259,1298,drysand,2
FRF_c1_snap_20150503160000_EBG.jpg,2346,1815,drysand,2
FRF_c1_snap_20150503160000_EBG.jpg,697,1056,drysand,2
FRF_c1_snap_20150503160000_EBG.jpg,1242,1428,drysand,2
FRF_c1_snap_20150503160000_EBG.jpg,1439,1392,drysand,2
FRF_c1_snap_20150503160000_EBG.jpg,1681,1746,drysand,2
FRF_c1_snap_20150503160000_EBG.jpg,1343,1357,drysand,2
FRF_c1_snap_20150503160000_EBG.jpg,1694,1770,drysand,2
FRF_c1_snap_20150503160000_EBG.jpg,1408,1345,drysand,2
FRF_c1_snap_20150503160000_EBG.jpg,1398,1979,vegetation,3
FRF_c1_snap_20150503160000_EBG.jpg,603,1467,vegetation,3
FRF_c1_snap_20150503160000_EBG.jpg,1010,1542,vegetation,3
FRF_c1_snap_20150503160000_EBG.jpg,714,1595,vegetation,3
FRF_c1_snap_20150503160000_EBG.jpg,961,1598,vegetation,3
FRF_c1_snap_20150503160000_EBG.jpg,1090,1969,vegetation,3
FRF_c1_snap_20150503160000_EBG.jpg,1125,1494,vegetation,3
FRF_c1_snap_20150503160000_EBG.jpg,723,1486,vegetation,3
FRF_c1_snap_20150503160000_EBG.jpg,969,1684,vegetation,3
FRF_c1_snap_20150503160000_EBG.jpg,731,877,vegetation,3
FRF_c1_snap_20150503160000_EBG.jpg,1027,1171,vegetation,3
FRF_c1_snap_20150503160000_EBG.jpg,1600,1921,vegetation,3
FRF_c1_snap_20150503160000_EBG.jpg,1187,1321,vegetation,3
FRF_c1_snap_20150503160000_EBG.jpg,905,1441,vegetation,3
FRF_c1_snap_20150503160000_EBG.jpg,1639,1925,vegetation,3
FRF_c1_snap_20150503160000_EBG.jpg,799,1108,vegetation,3
FRF_c1_snap_20150503160000_EBG.jpg,1137,1836,vegetation,3
FRF_c1_snap_20150503160000_EBG.jpg,1341,1511,vegetation,3
FRF_c1_snap_20150503160000_EBG.jpg,889,1094,vegetation,3
FRF_c1_snap_20150503160000_EBG.jpg,893,1344,vegetation,3
FRF_c1_snap_20150503160000_EBG.jpg,1448,1673,vegetation,3
FRF_c1_snap_20150503160000_EBG.jpg,1750,1969,vegetation,3
FRF_c1_snap_20150503160000_EBG.jpg,1300,1931,vegetation,3
FRF_c1_snap_20150503160000_EBG.jpg,1005,1637,vegetation,3
FRF_c1_snap_20150503160000_EBG.jpg,1064,1942,vegetation,3
FRF_c1_snap_20150503160000_EBG.jpg,719,1536,vegetation,3
FRF_c1_snap_20150503160000_EBG.jpg,1317,1643,vegetation,3
FRF_c1_snap_20150503160000_EBG.jpg,972,1638,vegetation,3
FRF_c1_snap_20150503160000_EBG.jpg,880,1568,vegetation,3
FRF_c1_snap_20150503160000_EBG.jpg,862,1224,vegetation,3
FRF_c1_snap_20150503160000_EBG.jpg,806,1713,vegetation,3
FRF_c1_snap_20150503160000_EBG.jpg,1038,1421,vegetation,3
FRF_c1_snap_20150503160000_EBG.jpg,626,1490,vegetation,3
FRF_c1_snap_20150503160000_EBG.jpg,1152,1688,vegetation,3
FRF_c1_snap_20150503160000_EBG.jpg,629,1487,vegetation,3
FRF_c1_snap_20150503160000_EBG.jpg,1353,1967,vegetation,3
FRF_c1_snap_20150503160000_EBG.jpg,1770,1927,vegetation,3
FRF_c1_snap_20150503160000_EBG.jpg,920,1740,vegetation,3
FRF_c1_snap_20150503160000_EBG.jpg,1625,1136,vegetation,3
FRF_c1_snap_20150503160000_EBG.jpg,1042,1363,vegetation,3
FRF_c1_snap_20150503160000_EBG.jpg,45,974,vegetation,3
FRF_c1_snap_20150503160000_EBG.jpg,136,1214,vegetation,3
FRF_c1_snap_20150503160000_EBG.jpg,35,1285,vegetation,3
FRF_c1_snap_20150503160000_EBG.jpg,194,1184,vegetation,3
FRF_c1_snap_20150503160000_EBG.jpg,402,1958,vegetation,3
FRF_c1_snap_20150503160000_EBG.jpg,254,1921,vegetation,3
FRF_c1_snap_20150503160000_EBG.jpg,410,1730,vegetation,3
FRF_c1_snap_20150503160000_EBG.jpg,286,1902,vegetation,3
FRF_c1_snap_20150503160000_EBG.jpg,294,1803,vegetation,3
FRF_c1_snap_20150503160000_EBG.jpg,336,1898,vegetation,3
FRF_c1_snap_20150503160000_EBG.jpg,542,915,vegetation,3
FRF_c1_snap_20150503160000_EBG.jpg,322,1363,vegetation,3
FRF_c1_snap_20150503160000_EBG.jpg,475,1425,vegetation,3
FRF_c1_snap_20150503160000_EBG.jpg,240,1479,vegetation,3
FRF_c1_snap_20150503160000_EBG.jpg,244,898,vegetation,3
FRF_c1_snap_20150503160000_EBG.jpg,174,1677,vegetation,3
FRF_c1_snap_20150503160000_EBG.jpg,177,1332,vegetation,3
FRF_c1_snap_20150503160000_EBG.jpg,390,932,vegetation,3
FRF_c1_snap_20150503160000_EBG.jpg,253,904,vegetation,3
FRF_c1_snap_20150503160000_EBG.jpg,175,916,vegetation,3
FRF_c1_snap_20150503160000_EBG.jpg,148,1490,vegetation,3
FRF_c1_snap_20150503160000_EBG.jpg,430,1062,vegetation,3
FRF_c1_snap_20150503160000_EBG.jpg,179,1926,vegetation,3
FRF_c1_snap_20150503160000_EBG.jpg,328,1733,vegetation,3
FRF_c1_snap_20150503160000_EBG.jpg,254,1562,vegetation,3
FRF_c1_snap_20150503160000_EBG.jpg,240,983,vegetation,3
FRF_c1_snap_20150503160000_EBG.jpg,331,1154,vegetation,3
FRF_c1_snap_20150503160000_EBG.jpg,248,1047,vegetation,3
FRF_c1_snap_20150503160000_EBG.jpg,46,1151,vegetation,3
FRF_c1_snap_20150503160000_EBG.jpg,443,1214,vegetation,3
FRF_c1_snap_20150503160000_EBG.jpg,542,1721,vegetation,3
FRF_c1_snap_20150503160000_EBG.jpg,37,1339,vegetation,3
FRF_c1_snap_20150503160000_EBG.jpg,153,1581,vegetation,3
FRF_c1_snap_20150503160000_EBG.jpg,478,1206,vegetation,3
FRF_c1_snap_20150503160000_EBG.jpg,462,972,vegetation,3
FRF_c1_snap_20150503160000_EBG.jpg,338,1013,vegetation,3
FRF_c1_snap_20150503160000_EBG.jpg,176,1131,vegetation,3
FRF_c1_snap_20150503160000_EBG.jpg,524,911,vegetation,3
FRF_c1_snap_20150503160000_EBG.jpg,514,1379,vegetation,3
FRF_c1_snap_20150503160000_EBG.jpg,293,1429,vegetation,3
FRF_c1_snap_20150503160000_EBG.jpg,1720,1515,heavies,4
FRF_c1_snap_20150503160000_EBG.jpg,1722,1517,heavies,4
FRF_c1_snap_20150503160000_EBG.jpg,1721,1516,heavies,4
FRF_c1_snap_20150503160000_EBG.jpg,1614,1136,heavies,4
FRF_c1_snap_20150503160000_EBG.jpg,1614,1135,heavies,4
FRF_c1_snap_20150503160000_EBG.jpg,1720,1517,heavies,4
FRF_c1_snap_20150503160000_EBG.jpg,1614,1136,heavies,4
FRF_c1_snap_20150503160000_EBG.jpg,1615,1135,heavies,4
FRF_c1_snap_20150503160000_EBG.jpg,1721,1518,heavies,4
FRF_c1_snap_20150503160000_EBG.jpg,1720,1515,heavies,4
FRF_c1_snap_20150503160000_EBG.jpg,1614,1134,heavies,4
FRF_c1_snap_20150503160000_EBG.jpg,1720,1515,heavies,4
FRF_c1_snap_20150503160000_EBG.jpg,1614,1137,heavies,4
FRF_c1_snap_20150503160000_EBG.jpg,1722,1517,heavies,4
FRF_c1_snap_20150503160000_EBG.jpg,1720,1517,heavies,4
FRF_c1_snap_20150503160000_EBG.jpg,1614,1135,heavies,4
FRF_c1_snap_20150503160000_EBG.jpg,1613,1135,heavies,4
FRF_c1_snap_20150503160000_EBG.jpg,1720,1516,heavies,4
FRF_c1_snap_20150503160000_EBG.jpg,1614,1134,heavies,4
FRF_c1_snap_20150503160000_EBG.jpg,1614,1136,heavies,4
FRF_c1_snap_20150503160000_EBG.jpg,1613,1135,heavies,4
FRF_c1_snap_20150503160000_EBG.jpg,1614,1134,heavies,4
FRF_c1_snap_20150503160000_EBG.jpg,1721,1518,heavies,4
FRF_c1_snap_20150503160000_EBG.jpg,1615,1134,heavies,4
FRF_c1_snap_20150503160000_EBG.jpg,1614,1134,heavies,4
FRF_c1_snap_20150503160000_EBG.jpg,1721,1518,heavies,4
FRF_c1_snap_20150503160000_EBG.jpg,1614,1135,heavies,4
FRF_c1_snap_20150503160000_EBG.jpg,1721,1517,heavies,4
FRF_c1_snap_20150503160000_EBG.jpg,1614,1134,heavies,4
FRF_c1_snap_20150503160000_EBG.jpg,1613,1135,heavies,4
FRF_c1_snap_20150503160000_EBG.jpg,1615,1134,heavies,4
FRF_c1_snap_20150503160000_EBG.jpg,1720,1517,heavies,4
FRF_c1_snap_20150503160000_EBG.jpg,1720,1516,heavies,4
FRF_c1_snap_20150503160000_EBG.jpg,1720,1515,heavies,4
FRF_c1_snap_20150503160000_EBG.jpg,1615,1135,heavies,4
FRF_c1_snap_20150503160000_EBG.jpg,1615,1134,heavies,4
FRF_c1_snap_20150503160000_EBG.jpg,1721,1515,heavies,4
FRF_c1_snap_20150503160000_EBG.jpg,1614,1135,heavies,4
FRF_c1_snap_20150503160000_EBG.jpg,1720,1516,heavies,4
FRF_c1_snap_20150503160000_EBG.jpg,1721,1516,heavies,4
FRF_c1_snap_20150503160000_EBG.jpg,1722,1517,heavies,4
FRF_c1_snap_20150503160000_EBG.jpg,1720,1515,heavies,4
FRF_c1_snap_20150503160000_EBG.jpg,1614,1134,heavies,4
FRF_c1_snap_20150503160000_EBG.jpg,1615,1135,heavies,4
FRF_c1_snap_20150503160000_EBG.jpg,1722,1517,heavies,4
FRF_c1_snap_20150503160000_EBG.jpg,1721,1515,heavies,4
FRF_c1_snap_20150503160000_EBG.jpg,1720,1516,heavies,4
FRF_c1_snap_20150503160000_EBG.jpg,1614,1137,heavies,4
FRF_c1_snap_20150503160000_EBG.jpg,1613,1135,heavies,4
FRF_c1_snap_20150503160000_EBG.jpg,1721,1518,heavies,4
FRF_c1_snap_20150503160000_EBG.jpg,1721,1517,heavies,4
FRF_c1_snap_20150503160000_EBG.jpg,1721,1519,heavies,4
FRF_c1_snap_20150503160000_EBG.jpg,1722,1517,heavies,4
FRF_c1_snap_20150503160000_EBG.jpg,1615,1135,heavies,4
FRF_c1_snap_20150503160000_EBG.jpg,1615,1135,heavies,4
FRF_c1_snap_20150503160000_EBG.jpg,1615,1135,heavies,4
FRF_c1_snap_20150503160000_EBG.jpg,1721,1518,heavies,4
FRF_c1_snap_20150503160000_EBG.jpg,1721,1515,heavies,4
FRF_c1_snap_20150503160000_EBG.jpg,1614,1137,heavies,4
FRF_c1_snap_20150503160000_EBG.jpg,1721,1519,heavies,4
FRF_c1_snap_20150503160000_EBG.jpg,1720,1516,heavies,4
FRF_c1_snap_20150503160000_EBG.jpg,1721,1518,heavies,4
FRF_c1_snap_20150503160000_EBG.jpg,1721,1519,heavies,4
FRF_c1_snap_20150503160000_EBG.jpg,1615,1134,heavies,4
FRF_c1_snap_20150503160000_EBG.jpg,1615,1136,heavies,4
FRF_c1_snap_20150503160000_EBG.jpg,1720,1517,heavies,4
FRF_c1_snap_20150503160000_EBG.jpg,1721,1517,heavies,4
FRF_c1_snap_20150503160000_EBG.jpg,1613,1135,heavies,4
FRF_c1_snap_20150503160000_EBG.jpg,1614,1136,heavies,4
FRF_c1_snap_20150503160000_EBG.jpg,1721,1515,heavies,4
FRF_c1_snap_20150503160000_EBG.jpg,1721,1517,heavies,4
FRF_c1_snap_20150503160000_EBG.jpg,1615,1134,heavies,4
FRF_c1_snap_20150503160000_EBG.jpg,1720,1516,heavies,4
FRF_c1_snap_20150503160000_EBG.jpg,1614,1136,heavies,4
FRF_c1_snap_20150503160000_EBG.jpg,1614,1135,heavies,4
FRF_c1_snap_20150503160000_EBG.jpg,1720,1515,heavies,4
FRF_c1_snap_20150503160000_EBG.jpg,1614,1137,heavies,4
FRF_c1_snap_20150503160000_EBG.jpg,1720,1516,heavies,4
FRF_c1_snap_20150503160000_EBG.jpg,1614,1136,heavies,4
FRF_c1_snap_20150503160000_EBG.jpg,1721,1517,heavies,4
FRF_c1_snap_20150503160000_EBG.jpg,1913,1562,lag,5
FRF_c1_snap_20150503160000_EBG.jpg,1493,1341,lag,5
FRF_c1_snap_20150503160000_EBG.jpg,1136,914,lag,5
FRF_c1_snap_20150503160000_EBG.jpg,1877,1614,lag,5
FRF_c1_snap_20150503160000_EBG.jpg,1801,1402,lag,5
FRF_c1_snap_20150503160000_EBG.jpg,1418,1214,lag,5
FRF_c1_snap_20150503160000_EBG.jpg,1815,1489,lag,5
FRF_c1_snap_20150503160000_EBG.jpg,2118,1900,lag,5
FRF_c1_snap_20150503160000_EBG.jpg,1768,1164,lag,5
FRF_c1_snap_20150503160000_EBG.jpg,1421,946,lag,5
FRF_c1_snap_20150503160000_EBG.jpg,1390,1053,lag,5
FRF_c1_snap_20150503160000_EBG.jpg,2050,1926,lag,5
FRF_c1_snap_20150503160000_EBG.jpg,1471,1072,lag,5
FRF_c1_snap_20150503160000_EBG.jpg,1850,1570,lag,5
FRF_c1_snap_20150503160000_EBG.jpg,1864,1572,lag,5
FRF_c1_snap_20150503160000_EBG.jpg,1422,982,lag,5
FRF_c1_snap_20150503160000_EBG.jpg,1360,1191,lag,5
FRF_c1_snap_20150503160000_EBG.jpg,1891,1588,lag,5
FRF_c1_snap_20150503160000_EBG.jpg,1419,1341,lag,5
FRF_c1_snap_20150503160000_EBG.jpg,1301,1043,lag,5
FRF_c1_snap_20150503160000_EBG.jpg,2099,1406,lag,5
FRF_c1_snap_20150503160000_EBG.jpg,1792,1360,lag,5
FRF_c1_snap_20150503160000_EBG.jpg,1763,1243,lag,5
FRF_c1_snap_20150503160000_EBG.jpg,1564,1332,lag,5
FRF_c1_snap_20150503160000_EBG.jpg,1716,1089,lag,5
FRF_c1_snap_20150503160000_EBG.jpg,1351,1066,lag,5
FRF_c1_snap_20150503160000_EBG.jpg,1204,913,lag,5
FRF_c1_snap_20150503160000_EBG.jpg,1728,1493,lag,5
FRF_c1_snap_20150503160000_EBG.jpg,1836,1578,lag,5
FRF_c1_snap_20150503160000_EBG.jpg,1985,1576,lag,5
FRF_c1_snap_20150503160000_EBG.jpg,1664,1369,lag,5
FRF_c1_snap_20150503160000_EBG.jpg,1698,1083,lag,5
FRF_c1_snap_20150503160000_EBG.jpg,1843,1461,lag,5
FRF_c1_snap_20150503160000_EBG.jpg,1784,1212,lag,5
FRF_c1_snap_20150503160000_EBG.jpg,1843,1374,lag,5
FRF_c1_snap_20150503160000_EBG.jpg,1824,1199,lag,5
FRF_c1_snap_20150503160000_EBG.jpg,1472,1260,lag,5
FRF_c1_snap_20150503160000_EBG.jpg,1647,1091,lag,5
FRF_c1_snap_20150503160000_EBG.jpg,2096,1398,lag,5
FRF_c1_snap_20150503160000_EBG.jpg,1833,1237,lag,5
FRF_c1_snap_20150503160000_EBG.jpg,1419,1355,lag,5
FRF_c1_snap_20150503160000_EBG.jpg,2136,1506,lag,5
FRF_c1_snap_20150503160000_EBG.jpg,2120,1351,lag,5
FRF_c1_snap_20150503160000_EBG.jpg,1271,1017,lag,5
FRF_c1_snap_20150503160000_EBG.jpg,1564,1315,lag,5
FRF_c1_snap_20150503160000_EBG.jpg,1679,1156,lag,5
FRF_c1_snap_20150503160000_EBG.jpg,2055,1437,lag,5
FRF_c1_snap_20150503160000_EBG.jpg,1962,1603,lag,5
FRF_c1_snap_20150503160000_EBG.jpg,1612,1045,lag,5
FRF_c1_snap_20150503160000_EBG.jpg,2060,1430,lag,5
FRF_c1_snap_20150503160000_EBG.jpg,1936,1524,lag,5
FRF_c1_snap_20150503160000_EBG.jpg,2346,1677,lag,5
FRF_c1_snap_20150503160000_EBG.jpg,1693,1078,lag,5
FRF_c1_snap_20150503160000_EBG.jpg,1567,1142,lag,5
FRF_c1_snap_20150503160000_EBG.jpg,1387,911,lag,5
FRF_c1_snap_20150503160000_EBG.jpg,1676,1078,lag,5
FRF_c1_snap_20150503160000_EBG.jpg,1774,1623,lag,5
FRF_c1_snap_20150503160000_EBG.jpg,1791,1234,lag,5
FRF_c1_snap_20150503160000_EBG.jpg,1680,1278,lag,5
FRF_c1_snap_20150503160000_EBG.jpg,1585,1062,lag,5
FRF_c1_snap_20150503160000_EBG.jpg,2001,1423,lag,5
FRF_c1_snap_20150503160000_EBG.jpg,2090,1922,lag,5
FRF_c1_snap_20150503160000_EBG.jpg,1562,1047,lag,5
FRF_c1_snap_20150503160000_EBG.jpg,1957,1375,lag,5
FRF_c1_snap_20150503160000_EBG.jpg,1389,923,lag,5
FRF_c1_snap_20150503160000_EBG.jpg,1352,1006,lag,5
FRF_c1_snap_20150503160000_EBG.jpg,1583,1137,lag,5
FRF_c1_snap_20150503160000_EBG.jpg,1399,894,lag,5
FRF_c1_snap_20150503160000_EBG.jpg,1581,1094,lag,5
FRF_c1_snap_20150503160000_EBG.jpg,1755,1537,lag,5
FRF_c1_snap_20150503160000_EBG.jpg,1768,1471,lag,5
FRF_c1_snap_20150503160000_EBG.jpg,1886,1597,lag,5
FRF_c1_snap_20150503160000_EBG.jpg,1822,1170,lag,5
FRF_c1_snap_20150503160000_EBG.jpg,1485,1326,lag,5
FRF_c1_snap_20150503160000_EBG.jpg,1757,1359,lag,5
FRF_c1_snap_20150503160000_EBG.jpg,1915,1349,lag,5
FRF_c1_snap_20150503160000_EBG.jpg,1852,1186,lag,5
FRF_c1_snap_20150503160000_EBG.jpg,2020,1359,lag,5
FRF_c1_snap_20150503160000_EBG.jpg,1523,1048,lag,5
FRF_c1_snap_20150503160000_EBG.jpg,1440,942,lag,5
FRF_c1_snap_20150508160000_EBG.jpg,2301,1552,background,0
FRF_c1_snap_20150508160000_EBG.jpg,2358,1542,background,0
FRF_c1_snap_20150508160000_EBG.jpg,1969,1008,background,0
FRF_c1_snap_20150508160000_EBG.jpg,1011,605,background,0
FRF_c1_snap_20150508160000_EBG.jpg,1456,695,background,0
FRF_c1_snap_20150508160000_EBG.jpg,1198,765,background,0
FRF_c1_snap_20150508160000_EBG.jpg,1659,1048,background,0
FRF_c1_snap_20150508160000_EBG.jpg,1905,839,background,0
FRF_c1_snap_20150508160000_EBG.jpg,867,556,background,0
FRF_c1_snap_20150508160000_EBG.jpg,2025,840,background,0
FRF_c1_snap_20150508160000_EBG.jpg,2299,1613,background,0
FRF_c1_snap_20150508160000_EBG.jpg,1763,724,background,0
FRF_c1_snap_20150508160000_EBG.jpg,1052,582,background,0
FRF_c1_snap_20150508160000_EBG.jpg,1429,859,background,0
FRF_c1_snap_20150508160000_EBG.jpg,2039,1011,background,0
FRF_c1_snap_20150508160000_EBG.jpg,2266,1137,background,0
FRF_c1_snap_20150508160000_EBG.jpg,1053,540,background,0
FRF_c1_snap_20150508160000_EBG.jpg,1580,870,background,0
FRF_c1_snap_20150508160000_EBG.jpg,1897,815,background,0
FRF_c1_snap_20150508160000_EBG.jpg,2413,962,background,0
FRF_c1_snap_20150508160000_EBG.jpg,2285,1707,background,0
FRF_c1_snap_20150508160000_EBG.jpg,2270,1237,background,0
FRF_c1_snap_20150508160000_EBG.jpg,2108,1182,background,0
FRF_c1_snap_20150508160000_EBG.jpg,1887,847,background,0
FRF_c1_snap_20150508160000_EBG.jpg,2089,1094,background,0
FRF_c1_snap_20150508160000_EBG.jpg,1530,870,background,0
FRF_c1_snap_20150508160000_EBG.jpg,2155,875,background,0
FRF_c1_snap_20150508160000_EBG.jpg,1695,1015,background,0
FRF_c1_snap_20150508160000_EBG.jpg,2287,1440,background,0
FRF_c1_snap_20150508160000_EBG.jpg,1211,666,background,0
FRF_c1_snap_20150508160000_EBG.jpg,2142,1049,background,0
FRF_c1_snap_20150508160000_EBG.jpg,2183,894,background,0
FRF_c1_snap_20150508160000_EBG.jpg,1852,824,background,0
FRF_c1_snap_20150508160000_EBG.jpg,1528,1035,background,0
FRF_c1_snap_20150508160000_EBG.jpg,1417,835,background,0
FRF_c1_snap_20150508160000_EBG.jpg,2410,937,background,0
FRF_c1_snap_20150508160000_EBG.jpg,1454,883,background,0
FRF_c1_snap_20150508160000_EBG.jpg,2323,1029,background,0
FRF_c1_snap_20150508160000_EBG.jpg,2260,1129,background,0
FRF_c1_snap_20150508160000_EBG.jpg,1792,883,background,0
FRF_c1_snap_20150508160000_EBG.jpg,189,339,background,0
FRF_c1_snap_20150508160000_EBG.jpg,276,633,background,0
FRF_c1_snap_20150508160000_EBG.jpg,108,382,background,0
FRF_c1_snap_20150508160000_EBG.jpg,340,511,background,0
FRF_c1_snap_20150508160000_EBG.jpg,277,468,background,0
FRF_c1_snap_20150508160000_EBG.jpg,174,515,background,0
FRF_c1_snap_20150508160000_EBG.jpg,17,354,background,0
FRF_c1_snap_20150508160000_EBG.jpg,40,504,background,0
FRF_c1_snap_20150508160000_EBG.jpg,285,440,background,0
FRF_c1_snap_20150508160000_EBG.jpg,373,459,background,0
FRF_c1_snap_20150508160000_EBG.jpg,132,611,background,0
FRF_c1_snap_20150508160000_EBG.jpg,243,301,background,0
FRF_c1_snap_20150508160000_EBG.jpg,246,647,background,0
FRF_c1_snap_20150508160000_EBG.jpg,276,396,background,0
FRF_c1_snap_20150508160000_EBG.jpg,19,579,background,0
FRF_c1_snap_20150508160000_EBG.jpg,494,604,background,0
FRF_c1_snap_20150508160000_EBG.jpg,245,577,background,0
FRF_c1_snap_20150508160000_EBG.jpg,87,505,background,0
FRF_c1_snap_20150508160000_EBG.jpg,127,537,background,0
FRF_c1_snap_20150508160000_EBG.jpg,111,322,background,0
FRF_c1_snap_20150508160000_EBG.jpg,384,448,background,0
FRF_c1_snap_20150508160000_EBG.jpg,424,614,background,0
FRF_c1_snap_20150508160000_EBG.jpg,152,447,background,0
FRF_c1_snap_20150508160000_EBG.jpg,281,615,background,0
FRF_c1_snap_20150508160000_EBG.jpg,353,462,background,0
FRF_c1_snap_20150508160000_EBG.jpg,90,670,background,0
FRF_c1_snap_20150508160000_EBG.jpg,88,526,background,0
FRF_c1_snap_20150508160000_EBG.jpg,262,307,background,0
FRF_c1_snap_20150508160000_EBG.jpg,194,652,background,0
FRF_c1_snap_20150508160000_EBG.jpg,143,536,background,0
FRF_c1_snap_20150508160000_EBG.jpg,191,419,background,0
FRF_c1_snap_20150508160000_EBG.jpg,470,616,background,0
FRF_c1_snap_20150508160000_EBG.jpg,43,580,background,0
FRF_c1_snap_20150508160000_EBG.jpg,340,527,background,0
FRF_c1_snap_20150508160000_EBG.jpg,341,415,background,0
FRF_c1_snap_20150508160000_EBG.jpg,335,479,background,0
FRF_c1_snap_20150508160000_EBG.jpg,165,321,background,0
FRF_c1_snap_20150508160000_EBG.jpg,162,351,background,0
FRF_c1_snap_20150508160000_EBG.jpg,187,668,background,0
FRF_c1_snap_20150508160000_EBG.jpg,246,316,background,0
FRF_c1_snap_20150508160000_EBG.jpg,1725,1120,wetsand,1
FRF_c1_snap_20150508160000_EBG.jpg,2108,1341,wetsand,1
FRF_c1_snap_20150508160000_EBG.jpg,2023,1278,wetsand,1
FRF_c1_snap_20150508160000_EBG.jpg,1946,1280,wetsand,1
FRF_c1_snap_20150508160000_EBG.jpg,2168,1644,wetsand,1
FRF_c1_snap_20150508160000_EBG.jpg,2252,1642,wetsand,1
FRF_c1_snap_20150508160000_EBG.jpg,1872,1250,wetsand,1
FRF_c1_snap_20150508160000_EBG.jpg,2199,1369,wetsand,1
FRF_c1_snap_20150508160000_EBG.jpg,1957,1218,wetsand,1
FRF_c1_snap_20150508160000_EBG.jpg,1978,1231,wetsand,1
FRF_c1_snap_20150508160000_EBG.jpg,1952,1208,wetsand,1
FRF_c1_snap_20150508160000_EBG.jpg,1418,885,wetsand,1
FRF_c1_snap_20150508160000_EBG.jpg,1446,903,wetsand,1
FRF_c1_snap_20150508160000_EBG.jpg,2149,1661,wetsand,1
FRF_c1_snap_20150508160000_EBG.jpg,1644,1115,wetsand,1
FRF_c1_snap_20150508160000_EBG.jpg,1789,1193,wetsand,1
FRF_c1_snap_20150508160000_EBG.jpg,2093,1380,wetsand,1
FRF_c1_snap_20150508160000_EBG.jpg,1955,1256,wetsand,1
FRF_c1_snap_20150508160000_EBG.jpg,2000,1288,wetsand,1
FRF_c1_snap_20150508160000_EBG.jpg,1870,1255,wetsand,1
FRF_c1_snap_20150508160000_EBG.jpg,822,978,wetsand,1
FRF_c1_snap_20150508160000_EBG.jpg,1659,1098,wetsand,1
FRF_c1_snap_20150508160000_EBG.jpg,1753,1142,wetsand,1
FRF_c1_snap_20150508160000_EBG.jpg,1513,1005,wetsand,1
FRF_c1_snap_20150508160000_EBG.jpg,2343,1641,wetsand,1
FRF_c1_snap_20150508160000_EBG.jpg,2353,1763,wetsand,1
FRF_c1_snap_20150508160000_EBG.jpg,1843,1178,wetsand,1
FRF_c1_snap_20150508160000_EBG.jpg,2231,1387,wetsand,1
FRF_c1_snap_20150508160000_EBG.jpg,1813,1225,wetsand,1
FRF_c1_snap_20150508160000_EBG.jpg,2216,1724,wetsand,1
FRF_c1_snap_20150508160000_EBG.jpg,1740,1106,wetsand,1
FRF_c1_snap_20150508160000_EBG.jpg,1855,1213,wetsand,1
FRF_c1_snap_20150508160000_EBG.jpg,2146,1698,wetsand,1
FRF_c1_snap_20150508160000_EBG.jpg,1745,1124,wetsand,1
FRF_c1_snap_20150508160000_EBG.jpg,1988,1273,wetsand,1
FRF_c1_snap_20150508160000_EBG.jpg,2215,1586,wetsand,1
FRF_c1_snap_20150508160000_EBG.jpg,1780,1160,wetsand,1
FRF_c1_snap_20150508160000_EBG.jpg,1638,1103,wetsand,1
FRF_c1_snap_20150508160000_EBG.jpg,2117,1314,wetsand,1
FRF_c1_snap_20150508160000_EBG.jpg,1774,1198,wetsand,1
FRF_c1_snap_20150508160000_EBG.jpg,2050,1366,wetsand,1
FRF_c1_snap_20150508160000_EBG.jpg,2158,1402,wetsand,1
FRF_c1_snap_20150508160000_EBG.jpg,2099,1482,wetsand,1
FRF_c1_snap_20150508160000_EBG.jpg,1901,1264,wetsand,1
FRF_c1_snap_20150508160000_EBG.jpg,1469,906,wetsand,1
FRF_c1_snap_20150508160000_EBG.jpg,2025,1286,wetsand,1
FRF_c1_snap_20150508160000_EBG.jpg,2076,1331,wetsand,1
FRF_c1_snap_20150508160000_EBG.jpg,2031,1243,wetsand,1
FRF_c1_snap_20150508160000_EBG.jpg,2052,1277,wetsand,1
FRF_c1_snap_20150508160000_EBG.jpg,1967,1222,wetsand,1
FRF_c1_snap_20150508160000_EBG.jpg,2182,1403,wetsand,1
FRF_c1_snap_20150508160000_EBG.jpg,1758,1112,wetsand,1
FRF_c1_snap_20150508160000_EBG.jpg,1429,899,wetsand,1
FRF_c1_snap_20150508160000_EBG.jpg,1559,1065,wetsand,1
FRF_c1_snap_20150508160000_EBG.jpg,2264,1731,wetsand,1
FRF_c1_snap_20150508160000_EBG.jpg,1146,657,wetsand,1
FRF_c1_snap_20150508160000_EBG.jpg,1124,667,wetsand,1
FRF_c1_snap_20150508160000_EBG.jpg,2195,1723,wetsand,1
FRF_c1_snap_20150508160000_EBG.jpg,2242,1627,wetsand,1
FRF_c1_snap_20150508160000_EBG.jpg,2078,1308,wetsand,1
FRF_c1_snap_20150508160000_EBG.jpg,1898,1261,wetsand,1
FRF_c1_snap_20150508160000_EBG.jpg,1711,1137,wetsand,1
FRF_c1_snap_20150508160000_EBG.jpg,1757,1122,wetsand,1
FRF_c1_snap_20150508160000_EBG.jpg,2151,1493,wetsand,1
FRF_c1_snap_20150508160000_EBG.jpg,1694,1118,wetsand,1
FRF_c1_snap_20150508160000_EBG.jpg,2091,1442,wetsand,1
FRF_c1_snap_20150508160000_EBG.jpg,2100,1455,wetsand,1
FRF_c1_snap_20150508160000_EBG.jpg,1941,1181,wetsand,1
FRF_c1_snap_20150508160000_EBG.jpg,1836,1210,wetsand,1
FRF_c1_snap_20150508160000_EBG.jpg,1986,1277,wetsand,1
FRF_c1_snap_20150508160000_EBG.jpg,1903,1206,wetsand,1
FRF_c1_snap_20150508160000_EBG.jpg,1839,1219,wetsand,1
FRF_c1_snap_20150508160000_EBG.jpg,1681,1124,wetsand,1
FRF_c1_snap_20150508160000_EBG.jpg,1351,847,wetsand,1
FRF_c1_snap_20150508160000_EBG.jpg,1775,1213,wetsand,1
FRF_c1_snap_20150508160000_EBG.jpg,2030,1330,wetsand,1
FRF_c1_snap_20150508160000_EBG.jpg,1859,1229,wetsand,1
FRF_c1_snap_20150508160000_EBG.jpg,2122,1493,wetsand,1
FRF_c1_snap_20150508160000_EBG.jpg,1846,1222,wetsand,1
FRF_c1_snap_20150508160000_EBG.jpg,2317,1740,wetsand,1
FRF_c1_snap_20150508160000_EBG.jpg,1671,1601,drysand,2
FRF_c1_snap_20150508160000_EBG.jpg,2210,1930,drysand,2
FRF_c1_snap_20150508160000_EBG.jpg,1828,1612,drysand,2
FRF_c1_snap_20150508160000_EBG.jpg,1853,1734,drysand,2
FRF_c1_snap_20150508160000_EBG.jpg,1741,1449,drysand,2
FRF_c1_snap_20150508160000_EBG.jpg,1963,1747,drysand,2
FRF_c1_snap_20150508160000_EBG.jpg,1304,885,drysand,2
FRF_c1_snap_20150508160000_EBG.jpg,1819,1835,drysand,2
FRF_c1_snap_20150508160000_EBG.jpg,1394,1523,drysand,2
FRF_c1_snap_20150508160000_EBG.jpg,2020,1428,drysand,2
FRF_c1_snap_20150508160000_EBG.jpg,2019,1493,drysand,2
FRF_c1_snap_20150508160000_EBG.jpg,1380,1826,drysand,2
FRF_c1_snap_20150508160000_EBG.jpg,2119,1651,drysand,2
FRF_c1_snap_20150508160000_EBG.jpg,1556,1523,drysand,2
FRF_c1_snap_20150508160000_EBG.jpg,2132,1796,drysand,2
FRF_c1_snap_20150508160000_EBG.jpg,1987,1662,drysand,2
FRF_c1_snap_20150508160000_EBG.jpg,2021,1695,drysand,2
FRF_c1_snap_20150508160000_EBG.jpg,2021,1417,drysand,2
FRF_c1_snap_20150508160000_EBG.jpg,1508,1147,drysand,2
FRF_c1_snap_20150508160000_EBG.jpg,961,935,drysand,2
FRF_c1_snap_20150508160000_EBG.jpg,757,976,drysand,2
FRF_c1_snap_20150508160000_EBG.jpg,1080,1106,drysand,2
FRF_c1_snap_20150508160000_EBG.jpg,1876,1654,drysand,2
FRF_c1_snap_20150508160000_EBG.jpg,1888,1850,drysand,2
FRF_c1_snap_20150508160000_EBG.jpg,1434,1870,drysand,2
FRF_c1_snap_20150508160000_EBG.jpg,1395,1344,drysand,2
FRF_c1_snap_20150508160000_EBG.jpg,1502,1109,drysand,2
FRF_c1_snap_20150508160000_EBG.jpg,1433,1566,drysand,2
FRF_c1_snap_20150508160000_EBG.jpg,1921,1628,drysand,2
FRF_c1_snap_20150508160000_EBG.jpg,1424,1182,drysand,2
FRF_c1_snap_20150508160000_EBG.jpg,1703,1311,drysand,2
FRF_c1_snap_20150508160000_EBG.jpg,1347,1057,drysand,2
FRF_c1_snap_20150508160000_EBG.jpg,2363,1838,drysand,2
FRF_c1_snap_20150508160000_EBG.jpg,1661,1294,drysand,2
FRF_c1_snap_20150508160000_EBG.jpg,1156,1105,drysand,2
FRF_c1_snap_20150508160000_EBG.jpg,1318,865,drysand,2
FRF_c1_snap_20150508160000_EBG.jpg,1528,1286,drysand,2
FRF_c1_snap_20150508160000_EBG.jpg,1731,1689,drysand,2
FRF_c1_snap_20150508160000_EBG.jpg,1327,1282,drysand,2
FRF_c1_snap_20150508160000_EBG.jpg,990,1097,drysand,2
FRF_c1_snap_20150508160000_EBG.jpg,797,647,drysand,2
FRF_c1_snap_20150508160000_EBG.jpg,1658,1142,drysand,2
FRF_c1_snap_20150508160000_EBG.jpg,1461,1209,drysand,2
FRF_c1_snap_20150508160000_EBG.jpg,1982,1947,drysand,2
FRF_c1_snap_20150508160000_EBG.jpg,1542,1593,drysand,2
FRF_c1_snap_20150508160000_EBG.jpg,1314,1185,drysand,2
FRF_c1_snap_20150508160000_EBG.jpg,1539,1578,drysand,2
FRF_c1_snap_20150508160000_EBG.jpg,1522,1191,drysand,2
FRF_c1_snap_20150508160000_EBG.jpg,2067,1876,drysand,2
FRF_c1_snap_20150508160000_EBG.jpg,2147,1623,drysand,2
FRF_c1_snap_20150508160000_EBG.jpg,1939,1344,drysand,2
FRF_c1_snap_20150508160000_EBG.jpg,829,1539,drysand,2
FRF_c1_snap_20150508160000_EBG.jpg,1132,950,drysand,2
FRF_c1_snap_20150508160000_EBG.jpg,1549,1501,drysand,2
FRF_c1_snap_20150508160000_EBG.jpg,1097,1174,drysand,2
FRF_c1_snap_20150508160000_EBG.jpg,2049,1928,drysand,2
FRF_c1_snap_20150508160000_EBG.jpg,2302,1877,drysand,2
FRF_c1_snap_20150508160000_EBG.jpg,819,812,drysand,2
FRF_c1_snap_20150508160000_EBG.jpg,1800,1456,drysand,2
FRF_c1_snap_20150508160000_EBG.jpg,1332,1920,drysand,2
FRF_c1_snap_20150508160000_EBG.jpg,1652,1629,drysand,2
FRF_c1_snap_20150508160000_EBG.jpg,1043,659,drysand,2
FRF_c1_snap_20150508160000_EBG.jpg,656,1073,drysand,2
FRF_c1_snap_20150508160000_EBG.jpg,1465,999,drysand,2
FRF_c1_snap_20150508160000_EBG.jpg,1082,874,drysand,2
FRF_c1_snap_20150508160000_EBG.jpg,1715,1452,drysand,2
FRF_c1_snap_20150508160000_EBG.jpg,1836,1729,drysand,2
FRF_c1_snap_20150508160000_EBG.jpg,1036,991,drysand,2
FRF_c1_snap_20150508160000_EBG.jpg,2125,1905,drysand,2
FRF_c1_snap_20150508160000_EBG.jpg,2005,1873,drysand,2
FRF_c1_snap_20150508160000_EBG.jpg,1947,1593,drysand,2
FRF_c1_snap_20150508160000_EBG.jpg,1202,1068,drysand,2
FRF_c1_snap_20150508160000_EBG.jpg,1728,1675,drysand,2
FRF_c1_snap_20150508160000_EBG.jpg,2060,1587,drysand,2
FRF_c1_snap_20150508160000_EBG.jpg,1772,1282,drysand,2
FRF_c1_snap_20150508160000_EBG.jpg,1072,760,drysand,2
FRF_c1_snap_20150508160000_EBG.jpg,1319,1455,drysand,2
FRF_c1_snap_20150508160000_EBG.jpg,1549,1372,drysand,2
FRF_c1_snap_20150508160000_EBG.jpg,1676,1705,drysand,2
FRF_c1_snap_20150508160000_EBG.jpg,1487,1777,drysand,2
FRF_c1_snap_20150508160000_EBG.jpg,923,1747,vegetation,3
FRF_c1_snap_20150508160000_EBG.jpg,1323,1754,vegetation,3
FRF_c1_snap_20150508160000_EBG.jpg,1213,1572,vegetation,3
FRF_c1_snap_20150508160000_EBG.jpg,1064,1645,vegetation,3
FRF_c1_snap_20150508160000_EBG.jpg,953,1295,vegetation,3
FRF_c1_snap_20150508160000_EBG.jpg,1262,1435,vegetation,3
FRF_c1_snap_20150508160000_EBG.jpg,615,1987,vegetation,3
FRF_c1_snap_20150508160000_EBG.jpg,797,1116,vegetation,3
FRF_c1_snap_20150508160000_EBG.jpg,673,936,vegetation,3
FRF_c1_snap_20150508160000_EBG.jpg,740,1793,vegetation,3
FRF_c1_snap_20150508160000_EBG.jpg,810,1725,vegetation,3
FRF_c1_snap_20150508160000_EBG.jpg,699,905,vegetation,3
FRF_c1_snap_20150508160000_EBG.jpg,1397,1695,vegetation,3
FRF_c1_snap_20150508160000_EBG.jpg,709,757,vegetation,3
FRF_c1_snap_20150508160000_EBG.jpg,1661,1887,vegetation,3
FRF_c1_snap_20150508160000_EBG.jpg,900,1378,vegetation,3
FRF_c1_snap_20150508160000_EBG.jpg,1374,1598,vegetation,3
FRF_c1_snap_20150508160000_EBG.jpg,1016,1408,vegetation,3
FRF_c1_snap_20150508160000_EBG.jpg,1173,1858,vegetation,3
FRF_c1_snap_20150508160000_EBG.jpg,893,1620,vegetation,3
FRF_c1_snap_20150508160000_EBG.jpg,595,1980,vegetation,3
FRF_c1_snap_20150508160000_EBG.jpg,1479,1733,vegetation,3
FRF_c1_snap_20150508160000_EBG.jpg,902,1354,vegetation,3
FRF_c1_snap_20150508160000_EBG.jpg,645,1923,vegetation,3
FRF_c1_snap_20150508160000_EBG.jpg,659,1641,vegetation,3
FRF_c1_snap_20150508160000_EBG.jpg,960,1553,vegetation,3
FRF_c1_snap_20150508160000_EBG.jpg,1266,1679,vegetation,3
FRF_c1_snap_20150508160000_EBG.jpg,1215,1704,vegetation,3
FRF_c1_snap_20150508160000_EBG.jpg,1212,1429,vegetation,3
FRF_c1_snap_20150508160000_EBG.jpg,839,1385,vegetation,3
FRF_c1_snap_20150508160000_EBG.jpg,970,1956,vegetation,3
FRF_c1_snap_20150508160000_EBG.jpg,848,1771,vegetation,3
FRF_c1_snap_20150508160000_EBG.jpg,816,1242,vegetation,3
FRF_c1_snap_20150508160000_EBG.jpg,1578,1862,vegetation,3
FRF_c1_snap_20150508160000_EBG.jpg,673,1995,vegetation,3
FRF_c1_snap_20150508160000_EBG.jpg,882,1573,vegetation,3
FRF_c1_snap_20150508160000_EBG.jpg,663,1269,vegetation,3
FRF_c1_snap_20150508160000_EBG.jpg,868,1918,vegetation,3
FRF_c1_snap_20150508160000_EBG.jpg,661,1953,vegetation,3
FRF_c1_snap_20150508160000_EBG.jpg,729,1198,vegetation,3
FRF_c1_snap_20150508160000_EBG.jpg,452,1105,vegetation,3
FRF_c1_snap_20150508160000_EBG.jpg,467,959,vegetation,3
FRF_c1_snap_20150508160000_EBG.jpg,483,1462,vegetation,3
FRF_c1_snap_20150508160000_EBG.jpg,288,1016,vegetation,3
FRF_c1_snap_20150508160000_EBG.jpg,366,1038,vegetation,3
FRF_c1_snap_20150508160000_EBG.jpg,235,1442,vegetation,3
FRF_c1_snap_20150508160000_EBG.jpg,457,1447,vegetation,3
FRF_c1_snap_20150508160000_EBG.jpg,192,1231,vegetation,3
FRF_c1_snap_20150508160000_EBG.jpg,195,963,vegetation,3
FRF_c1_snap_20150508160000_EBG.jpg,330,1763,vegetation,3
FRF_c1_snap_20150508160000_EBG.jpg,86,1358,vegetation,3
FRF_c1_snap_20150508160000_EBG.jpg,80,1481,vegetation,3
FRF_c1_snap_20150508160000_EBG.jpg,46,1768,vegetation,3
FRF_c1_snap_20150508160000_EBG.jpg,543,1809,vegetation,3
FRF_c1_snap_20150508160000_EBG.jpg,122,966,vegetation,3
FRF_c1_snap_20150508160000_EBG.jpg,371,1235,vegetation,3
FRF_c1_snap_20150508160000_EBG.jpg,479,1829,vegetation,3
FRF_c1_snap_20150508160000_EBG.jpg,236,1322,vegetation,3
FRF_c1_snap_20150508160000_EBG.jpg,242,1873,vegetation,3
FRF_c1_snap_20150508160000_EBG.jpg,136,897,vegetation,3
FRF_c1_snap_20150508160000_EBG.jpg,517,1151,vegetation,3
FRF_c1_snap_20150508160000_EBG.jpg,356,953,vegetation,3
FRF_c1_snap_20150508160000_EBG.jpg,185,1218,vegetation,3
FRF_c1_snap_20150508160000_EBG.jpg,198,1337,vegetation,3
FRF_c1_snap_20150508160000_EBG.jpg,274,1023,vegetation,3
FRF_c1_snap_20150508160000_EBG.jpg,143,1417,vegetation,3
FRF_c1_snap_20150508160000_EBG.jpg,421,906,vegetation,3
FRF_c1_snap_20150508160000_EBG.jpg,387,1165,vegetation,3
FRF_c1_snap_20150508160000_EBG.jpg,393,856,vegetation,3
FRF_c1_snap_20150508160000_EBG.jpg,424,1290,vegetation,3
FRF_c1_snap_20150508160000_EBG.jpg,41,1768,vegetation,3
FRF_c1_snap_20150508160000_EBG.jpg,202,1713,vegetation,3
FRF_c1_snap_20150508160000_EBG.jpg,78,1799,vegetation,3
FRF_c1_snap_20150508160000_EBG.jpg,117,1197,vegetation,3
FRF_c1_snap_20150508160000_EBG.jpg,502,887,vegetation,3
FRF_c1_snap_20150508160000_EBG.jpg,90,917,vegetation,3
FRF_c1_snap_20150508160000_EBG.jpg,95,933,vegetation,3
FRF_c1_snap_20150508160000_EBG.jpg,250,1681,vegetation,3
FRF_c1_snap_20150508160000_EBG.jpg,350,930,vegetation,3
FRF_c1_snap_20150508160000_EBG.jpg,312,1575,vegetation,3
FRF_c1_snap_20150508160000_EBG.jpg,1732,1281,heavies,4
FRF_c1_snap_20150508160000_EBG.jpg,1700,1203,heavies,4
FRF_c1_snap_20150508160000_EBG.jpg,1740,1201,heavies,4
FRF_c1_snap_20150508160000_EBG.jpg,1757,1363,heavies,4
FRF_c1_snap_20150508160000_EBG.jpg,1838,1324,heavies,4
FRF_c1_snap_20150508160000_EBG.jpg,1792,1352,heavies,4
FRF_c1_snap_20150508160000_EBG.jpg,1623,1106,heavies,4
FRF_c1_snap_20150508160000_EBG.jpg,1681,1203,heavies,4
FRF_c1_snap_20150508160000_EBG.jpg,1839,1258,heavies,4
FRF_c1_snap_20150508160000_EBG.jpg,1577,1096,heavies,4
FRF_c1_snap_20150508160000_EBG.jpg,1593,1103,heavies,4
FRF_c1_snap_20150508160000_EBG.jpg,1591,1101,heavies,4
FRF_c1_snap_20150508160000_EBG.jpg,1635,1211,heavies,4
FRF_c1_snap_20150508160000_EBG.jpg,1662,1247,heavies,4
FRF_c1_snap_20150508160000_EBG.jpg,1877,1338,heavies,4
FRF_c1_snap_20150508160000_EBG.jpg,1745,1365,heavies,4
FRF_c1_snap_20150508160000_EBG.jpg,1643,1225,heavies,4
FRF_c1_snap_20150508160000_EBG.jpg,1822,1260,heavies,4
FRF_c1_snap_20150508160000_EBG.jpg,1677,1210,heavies,4
FRF_c1_snap_20150508160000_EBG.jpg,1748,1207,heavies,4
FRF_c1_snap_20150508160000_EBG.jpg,1746,1193,heavies,4
FRF_c1_snap_20150508160000_EBG.jpg,1746,1205,heavies,4
FRF_c1_snap_20150508160000_EBG.jpg,1754,1361,heavies,4
FRF_c1_snap_20150508160000_EBG.jpg,1670,1188,heavies,4
FRF_c1_snap_20150508160000_EBG.jpg,1834,1340,heavies,4
FRF_c1_snap_20150508160000_EBG.jpg,1798,1303,heavies,4
FRF_c1_snap_20150508160000_EBG.jpg,1633,1208,heavies,4
FRF_c1_snap_20150508160000_EBG.jpg,1773,1354,heavies,4
FRF_c1_snap_20150508160000_EBG.jpg,1735,1197,heavies,4
FRF_c1_snap_20150508160000_EBG.jpg,1689,1202,heavies,4
FRF_c1_snap_20150508160000_EBG.jpg,1845,1341,heavies,4
FRF_c1_snap_20150508160000_EBG.jpg,1623,1107,heavies,4
FRF_c1_snap_20150508160000_EBG.jpg,1610,1111,heavies,4
FRF_c1_snap_20150508160000_EBG.jpg,1779,1295,heavies,4
FRF_c1_snap_20150508160000_EBG.jpg,1683,1195,heavies,4
FRF_c1_snap_20150508160000_EBG.jpg,1606,1102,heavies,4
FRF_c1_snap_20150508160000_EBG.jpg,1834,1339,heavies,4
FRF_c1_snap_20150508160000_EBG.jpg,1673,1187,heavies,4
FRF_c1_snap_20150508160000_EBG.jpg,1794,1301,heavies,4
FRF_c1_snap_20150508160000_EBG.jpg,1666,1182,heavies,4
FRF_c1_snap_20150508160000_EBG.jpg,1663,1180,heavies,4
FRF_c1_snap_20150508160000_EBG.jpg,1704,1200,heavies,4
FRF_c1_snap_20150508160000_EBG.jpg,1603,1210,heavies,4
FRF_c1_snap_20150508160000_EBG.jpg,1579,1094,heavies,4
FRF_c1_snap_20150508160000_EBG.jpg,1745,1192,heavies,4
FRF_c1_snap_20150508160000_EBG.jpg,1666,1208,heavies,4
FRF_c1_snap_20150508160000_EBG.jpg,1708,1266,heavies,4
FRF_c1_snap_20150508160000_EBG.jpg,1619,1218,heavies,4
FRF_c1_snap_20150508160000_EBG.jpg,1638,1210,heavies,4
FRF_c1_snap_20150508160000_EBG.jpg,1635,1228,heavies,4
FRF_c1_snap_20150508160000_EBG.jpg,1627,1200,heavies,4
FRF_c1_snap_20150508160000_EBG.jpg,1869,1341,heavies,4
FRF_c1_snap_20150508160000_EBG.jpg,1833,1319,heavies,4
FRF_c1_snap_20150508160000_EBG.jpg,1605,1204,heavies,4
FRF_c1_snap_20150508160000_EBG.jpg,1748,1209,heavies,4
FRF_c1_snap_20150508160000_EBG.jpg,1643,1227,heavies,4
FRF_c1_snap_20150508160000_EBG.jpg,1598,1095,heavies,4
FRF_c1_snap_20150508160000_EBG.jpg,1768,1291,heavies,4
FRF_c1_snap_20150508160000_EBG.jpg,1649,1184,heavies,4
FRF_c1_snap_20150508160000_EBG.jpg,1657,1177,heavies,4
FRF_c1_snap_20150508160000_EBG.jpg,1700,1192,heavies,4
FRF_c1_snap_20150508160000_EBG.jpg,1828,1345,heavies,4
FRF_c1_snap_20150508160000_EBG.jpg,1866,1345,heavies,4
FRF_c1_snap_20150508160000_EBG.jpg,1672,1252,heavies,4
FRF_c1_snap_20150508160000_EBG.jpg,1699,1202,heavies,4
FRF_c1_snap_20150508160000_EBG.jpg,1627,1209,heavies,4
FRF_c1_snap_20150508160000_EBG.jpg,1766,1365,heavies,4
FRF_c1_snap_20150508160000_EBG.jpg,1858,1341,heavies,4
FRF_c1_snap_20150508160000_EBG.jpg,1600,1098,heavies,4
FRF_c1_snap_20150508160000_EBG.jpg,2215,1615,heavies,4
FRF_c1_snap_20150508160000_EBG.jpg,1657,1247,heavies,4
FRF_c1_snap_20150508160000_EBG.jpg,1743,1364,heavies,4
FRF_c1_snap_20150508160000_EBG.jpg,1755,1358,heavies,4
FRF_c1_snap_20150508160000_EBG.jpg,1612,1217,heavies,4
FRF_c1_snap_20150508160000_EBG.jpg,1634,1222,heavies,4
FRF_c1_snap_20150508160000_EBG.jpg,1822,1261,heavies,4
FRF_c1_snap_20150508160000_EBG.jpg,1823,1253,heavies,4
FRF_c1_snap_20150508160000_EBG.jpg,1655,1173,heavies,4
FRF_c1_snap_20150508160000_EBG.jpg,1685,1195,heavies,4
FRF_c1_snap_20150508160000_EBG.jpg,1754,1191,heavies,4
FRF_c1_snap_20150508160000_EBG.jpg,1341,1020,lag,5
FRF_c1_snap_20150508160000_EBG.jpg,1409,916,lag,5
FRF_c1_snap_20150508160000_EBG.jpg,1628,1334,lag,5
FRF_c1_snap_20150508160000_EBG.jpg,1232,996,lag,5
FRF_c1_snap_20150508160000_EBG.jpg,1555,1326,lag,5
FRF_c1_snap_20150508160000_EBG.jpg,1430,924,lag,5
FRF_c1_snap_20150508160000_EBG.jpg,1508,1183,lag,5
FRF_c1_snap_20150508160000_EBG.jpg,1272,975,lag,5
FRF_c1_snap_20150508160000_EBG.jpg,1467,1161,lag,5
FRF_c1_snap_20150508160000_EBG.jpg,1420,992,lag,5
FRF_c1_snap_20150508160000_EBG.jpg,1379,1291,lag,5
FRF_c1_snap_20150508160000_EBG.jpg,1421,1175,lag,5
FRF_c1_snap_20150508160000_EBG.jpg,1356,1006,lag,5
FRF_c1_snap_20150508160000_EBG.jpg,1383,1018,lag,5
FRF_c1_snap_20150508160000_EBG.jpg,1412,1173,lag,5
FRF_c1_snap_20150508160000_EBG.jpg,1605,1117,lag,5
FRF_c1_snap_20150508160000_EBG.jpg,1444,967,lag,5
FRF_c1_snap_20150508160000_EBG.jpg,1726,1295,lag,5
FRF_c1_snap_20150508160000_EBG.jpg,1647,1322,lag,5
FRF_c1_snap_20150508160000_EBG.jpg,1408,1316,lag,5
FRF_c1_snap_20150508160000_EBG.jpg,1480,1001,lag,5
FRF_c1_snap_20150508160000_EBG.jpg,1167,976,lag,5
FRF_c1_snap_20150508160000_EBG.jpg,1452,1179,lag,5
FRF_c1_snap_20150508160000_EBG.jpg,1700,1278,lag,5
FRF_c1_snap_20150508160000_EBG.jpg,1599,1113,lag,5
FRF_c1_snap_20150508160000_EBG.jpg,1376,1168,lag,5
FRF_c1_snap_20150508160000_EBG.jpg,1402,1168,lag,5
FRF_c1_snap_20150508160000_EBG.jpg,1794,1580,lag,5
FRF_c1_snap_20150508160000_EBG.jpg,1417,1145,lag,5
FRF_c1_snap_20150508160000_EBG.jpg,1213,1132,lag,5
FRF_c1_snap_20150508160000_EBG.jpg,1863,1579,lag,5
FRF_c1_snap_20150508160000_EBG.jpg,1689,1500,lag,5
FRF_c1_snap_20150508160000_EBG.jpg,1424,1292,lag,5
FRF_c1_snap_20150508160000_EBG.jpg,1159,912,lag,5
FRF_c1_snap_20150508160000_EBG.jpg,1290,988,lag,5
FRF_c1_snap_20150508160000_EBG.jpg,1732,1181,lag,5
FRF_c1_snap_20150508160000_EBG.jpg,1156,905,lag,5
FRF_c1_snap_20150508160000_EBG.jpg,1495,1341,lag,5
FRF_c1_snap_20150508160000_EBG.jpg,1393,922,lag,5
FRF_c1_snap_20150508160000_EBG.jpg,1818,1568,lag,5
FRF_c1_snap_20150508160000_EBG.jpg,1430,1332,lag,5
FRF_c1_snap_20150508160000_EBG.jpg,1431,1017,lag,5
FRF_c1_snap_20150508160000_EBG.jpg,1457,1314,lag,5
FRF_c1_snap_20150508160000_EBG.jpg,1460,1296,lag,5
FRF_c1_snap_20150508160000_EBG.jpg,1212,948,lag,5
FRF_c1_snap_20150508160000_EBG.jpg,1505,1176,lag,5
FRF_c1_snap_20150508160000_EBG.jpg,1766,1501,lag,5
FRF_c1_snap_20150508160000_EBG.jpg,1409,999,lag,5
FRF_c1_snap_20150508160000_EBG.jpg,1171,925,lag,5
FRF_c1_snap_20150508160000_EBG.jpg,1813,1602,lag,5
FRF_c1_snap_20150508160000_EBG.jpg,1426,1333,lag,5
FRF_c1_snap_20150508160000_EBG.jpg,1864,1580,lag,5
FRF_c1_snap_20150508160000_EBG.jpg,1299,1152,lag,5
FRF_c1_snap_20150508160000_EBG.jpg,1424,1334,lag,5
FRF_c1_snap_20150508160000_EBG.jpg,1497,1188,lag,5
FRF_c1_snap_20150508160000_EBG.jpg,1264,1143,lag,5
FRF_c1_snap_20150508160000_EBG.jpg,1574,1333,lag,5
FRF_c1_snap_20150508160000_EBG.jpg,1421,999,lag,5
FRF_c1_snap_20150508160000_EBG.jpg,1855,1558,lag,5
FRF_c1_snap_20150508160000_EBG.jpg,1791,1589,lag,5
FRF_c1_snap_20150508160000_EBG.jpg,1410,1017,lag,5
FRF_c1_snap_20150508160000_EBG.jpg,1193,931,lag,5
FRF_c1_snap_20150508160000_EBG.jpg,1293,1167,lag,5
FRF_c1_snap_20150508160000_EBG.jpg,1352,1010,lag,5
FRF_c1_snap_20150508160000_EBG.jpg,1860,1580,lag,5
FRF_c1_snap_20150508160000_EBG.jpg,1221,1123,lag,5
FRF_c1_snap_20150508160000_EBG.jpg,1283,1149,lag,5
FRF_c1_snap_20150508160000_EBG.jpg,1556,1328,lag,5
FRF_c1_snap_20150508160000_EBG.jpg,1337,1014,lag,5
FRF_c1_snap_20150508160000_EBG.jpg,1477,1322,lag,5
FRF_c1_snap_20150508160000_EBG.jpg,1761,1573,lag,5
FRF_c1_snap_20150508160000_EBG.jpg,1444,1007,lag,5
FRF_c1_snap_20150508160000_EBG.jpg,1315,992,lag,5
FRF_c1_snap_20150508160000_EBG.jpg,1195,960,lag,5
FRF_c1_snap_20150508160000_EBG.jpg,1346,1293,lag,5
FRF_c1_snap_20150508160000_EBG.jpg,1812,1581,lag,5
FRF_c1_snap_20150508160000_EBG.jpg,1803,1559,lag,5
FRF_c1_snap_20150508160000_EBG.jpg,1360,1154,lag,5
FRF_c1_snap_20150508160000_EBG.jpg,1738,1562,lag,5
FRF_c1_snap_20150508160000_EBG.jpg,1257,985,lag,5
FRF_c1_snap_20150511160000_EBG.jpg,1806,967,background,0
FRF_c1_snap_20150511160000_EBG.jpg,2310,940,background,0
FRF_c1_snap_20150511160000_EBG.jpg,1794,908,background,0
FRF_c1_snap_20150511160000_EBG.jpg,2361,1335,background,0
FRF_c1_snap_20150511160000_EBG.jpg,1275,652,background,0
FRF_c1_snap_20150511160000_EBG.jpg,1624,875,background,0
FRF_c1_snap_20150511160000_EBG.jpg,2361,1190,background,0
FRF_c1_snap_20150511160000_EBG.jpg,2251,962,background,0
FRF_c1_snap_20150511160000_EBG.jpg,2119,1182,background,0
FRF_c1_snap_20150511160000_EBG.jpg,2206,1037,background,0
FRF_c1_snap_20150511160000_EBG.jpg,1222,594,background,0
FRF_c1_snap_20150511160000_EBG.jpg,1434,591,background,0
FRF_c1_snap_20150511160000_EBG.jpg,2280,1140,background,0
FRF_c1_snap_20150511160000_EBG.jpg,2200,857,background,0
FRF_c1_snap_20150511160000_EBG.jpg,2261,937,background,0
FRF_c1_snap_20150511160000_EBG.jpg,761,636,background,0
FRF_c1_snap_20150511160000_EBG.jpg,1813,866,background,0
FRF_c1_snap_20150511160000_EBG.jpg,2288,992,background,0
FRF_c1_snap_20150511160000_EBG.jpg,1631,649,background,0
FRF_c1_snap_20150511160000_EBG.jpg,1611,770,background,0
FRF_c1_snap_20150511160000_EBG.jpg,1403,567,background,0
FRF_c1_snap_20150511160000_EBG.jpg,2146,1266,background,0
FRF_c1_snap_20150511160000_EBG.jpg,1152,632,background,0
FRF_c1_snap_20150511160000_EBG.jpg,1717,669,background,0
FRF_c1_snap_20150511160000_EBG.jpg,1507,821,background,0
FRF_c1_snap_20150511160000_EBG.jpg,1763,876,background,0
FRF_c1_snap_20150511160000_EBG.jpg,2100,900,background,0
FRF_c1_snap_20150511160000_EBG.jpg,2092,1095,background,0
FRF_c1_snap_20150511160000_EBG.jpg,1789,909,background,0
FRF_c1_snap_20150511160000_EBG.jpg,2155,941,background,0
FRF_c1_snap_20150511160000_EBG.jpg,1262,552,background,0
FRF_c1_snap_20150511160000_EBG.jpg,2082,1091,background,0
FRF_c1_snap_20150511160000_EBG.jpg,1165,688,background,0
FRF_c1_snap_20150511160000_EBG.jpg,2242,892,background,0
FRF_c1_snap_20150511160000_EBG.jpg,1534,756,background,0
FRF_c1_snap_20150511160000_EBG.jpg,1221,706,background,0
FRF_c1_snap_20150511160000_EBG.jpg,1973,1007,background,0
FRF_c1_snap_20150511160000_EBG.jpg,1804,710,background,0
FRF_c1_snap_20150511160000_EBG.jpg,2119,1018,background,0
FRF_c1_snap_20150511160000_EBG.jpg,2214,1282,background,0
FRF_c1_snap_20150511160000_EBG.jpg,230,404,background,0
FRF_c1_snap_20150511160000_EBG.jpg,482,562,background,0
FRF_c1_snap_20150511160000_EBG.jpg,122,298,background,0
FRF_c1_snap_20150511160000_EBG.jpg,50,669,background,0
FRF_c1_snap_20150511160000_EBG.jpg,459,500,background,0
FRF_c1_snap_20150511160000_EBG.jpg,306,447,background,0
FRF_c1_snap_20150511160000_EBG.jpg,450,468,background,0
FRF_c1_snap_20150511160000_EBG.jpg,227,283,background,0
FRF_c1_snap_20150511160000_EBG.jpg,77,407,background,0
FRF_c1_snap_20150511160000_EBG.jpg,221,416,background,0
FRF_c1_snap_20150511160000_EBG.jpg,511,511,background,0
FRF_c1_snap_20150511160000_EBG.jpg,82,257,background,0
FRF_c1_snap_20150511160000_EBG.jpg,564,609,background,0
FRF_c1_snap_20150511160000_EBG.jpg,280,626,background,0
FRF_c1_snap_20150511160000_EBG.jpg,149,628,background,0
FRF_c1_snap_20150511160000_EBG.jpg,440,585,background,0
FRF_c1_snap_20150511160000_EBG.jpg,75,362,background,0
FRF_c1_snap_20150511160000_EBG.jpg,256,493,background,0
FRF_c1_snap_20150511160000_EBG.jpg,272,312,background,0
FRF_c1_snap_20150511160000_EBG.jpg,83,653,background,0
FRF_c1_snap_20150511160000_EBG.jpg,94,367,background,0
FRF_c1_snap_20150511160000_EBG.jpg,285,353,background,0
FRF_c1_snap_20150511160000_EBG.jpg,256,637,background,0
FRF_c1_snap_20150511160000_EBG.jpg,237,292,background,0
FRF_c1_snap_20150511160000_EBG.jpg,207,345,background,0
FRF_c1_snap_20150511160000_EBG.jpg,208,325,background,0
FRF_c1_snap_20150511160000_EBG.jpg,422,405,background,0
FRF_c1_snap_20150511160000_EBG.jpg,232,294,background,0
FRF_c1_snap_20150511160000_EBG.jpg,58,637,background,0
FRF_c1_snap_20150511160000_EBG.jpg,170,611,background,0
FRF_c1_snap_20150511160000_EBG.jpg,175,416,background,0
FRF_c1_snap_20150511160000_EBG.jpg,176,599,background,0
FRF_c1_snap_20150511160000_EBG.jpg,117,547,background,0
FRF_c1_snap_20150511160000_EBG.jpg,448,450,background,0
FRF_c1_snap_20150511160000_EBG.jpg,118,366,background,0
FRF_c1_snap_20150511160000_EBG.jpg,395,575,background,0
FRF_c1_snap_20150511160000_EBG.jpg,170,585,background,0
FRF_c1_snap_20150511160000_EBG.jpg,136,558,background,0
FRF_c1_snap_20150511160000_EBG.jpg,205,655,background,0
FRF_c1_snap_20150511160000_EBG.jpg,113,600,background,0
FRF_c1_snap_20150511160000_EBG.jpg,1898,1154,wetsand,1
FRF_c1_snap_20150511160000_EBG.jpg,2039,1303,wetsand,1
FRF_c1_snap_20150511160000_EBG.jpg,2143,1381,wetsand,1
FRF_c1_snap_20150511160000_EBG.jpg,1816,1092,wetsand,1
FRF_c1_snap_20150511160000_EBG.jpg,1880,1116,wetsand,1
FRF_c1_snap_20150511160000_EBG.jpg,1770,1055,wetsand,1
FRF_c1_snap_20150511160000_EBG.jpg,2098,1323,wetsand,1
FRF_c1_snap_20150511160000_EBG.jpg,2288,1456,wetsand,1
FRF_c1_snap_20150511160000_EBG.jpg,2321,1467,wetsand,1
FRF_c1_snap_20150511160000_EBG.jpg,2362,1745,wetsand,1
FRF_c1_snap_20150511160000_EBG.jpg,1880,1197,wetsand,1
FRF_c1_snap_20150511160000_EBG.jpg,1828,1136,wetsand,1
FRF_c1_snap_20150511160000_EBG.jpg,1825,1195,wetsand,1
FRF_c1_snap_20150511160000_EBG.jpg,2390,1742,wetsand,1
FRF_c1_snap_20150511160000_EBG.jpg,1944,1281,wetsand,1
FRF_c1_snap_20150511160000_EBG.jpg,1719,1090,wetsand,1
FRF_c1_snap_20150511160000_EBG.jpg,2358,1503,wetsand,1
FRF_c1_snap_20150511160000_EBG.jpg,1827,1073,wetsand,1
FRF_c1_snap_20150511160000_EBG.jpg,1690,1007,wetsand,1
FRF_c1_snap_20150511160000_EBG.jpg,2013,1305,wetsand,1
FRF_c1_snap_20150511160000_EBG.jpg,2253,1420,wetsand,1
FRF_c1_snap_20150511160000_EBG.jpg,1730,1099,wetsand,1
FRF_c1_snap_20150511160000_EBG.jpg,1841,1215,wetsand,1
FRF_c1_snap_20150511160000_EBG.jpg,1748,1085,wetsand,1
FRF_c1_snap_20150511160000_EBG.jpg,2410,1570,wetsand,1
FRF_c1_snap_20150511160000_EBG.jpg,1808,1126,wetsand,1
FRF_c1_snap_20150511160000_EBG.jpg,2385,1598,wetsand,1
FRF_c1_snap_20150511160000_EBG.jpg,1814,1130,wetsand,1
FRF_c1_snap_20150511160000_EBG.jpg,1824,1104,wetsand,1
FRF_c1_snap_20150511160000_EBG.jpg,2151,1318,wetsand,1
FRF_c1_snap_20150511160000_EBG.jpg,1839,1112,wetsand,1
FRF_c1_snap_20150511160000_EBG.jpg,2034,1307,wetsand,1
FRF_c1_snap_20150511160000_EBG.jpg,1870,1232,wetsand,1
FRF_c1_snap_20150511160000_EBG.jpg,2165,1333,wetsand,1
FRF_c1_snap_20150511160000_EBG.jpg,2158,1303,wetsand,1
FRF_c1_snap_20150511160000_EBG.jpg,2291,1495,wetsand,1
FRF_c1_snap_20150511160000_EBG.jpg,2202,1446,wetsand,1
FRF_c1_snap_20150511160000_EBG.jpg,1983,1262,wetsand,1
FRF_c1_snap_20150511160000_EBG.jpg,2163,1306,wetsand,1
FRF_c1_snap_20150511160000_EBG.jpg,2314,1496,wetsand,1
FRF_c1_snap_20150511160000_EBG.jpg,2375,1578,wetsand,1
FRF_c1_snap_20150511160000_EBG.jpg,2212,1325,wetsand,1
FRF_c1_snap_20150511160000_EBG.jpg,2194,1428,wetsand,1
FRF_c1_snap_20150511160000_EBG.jpg,1919,1259,wetsand,1
FRF_c1_snap_20150511160000_EBG.jpg,1751,1022,wetsand,1
FRF_c1_snap_20150511160000_EBG.jpg,1991,1272,wetsand,1
FRF_c1_snap_20150511160000_EBG.jpg,1702,1088,wetsand,1
FRF_c1_snap_20150511160000_EBG.jpg,1794,1075,wetsand,1
FRF_c1_snap_20150511160000_EBG.jpg,1858,1228,wetsand,1
FRF_c1_snap_20150511160000_EBG.jpg,2296,1492,wetsand,1
FRF_c1_snap_20150511160000_EBG.jpg,1790,1119,wetsand,1
FRF_c1_snap_20150511160000_EBG.jpg,1878,1233,wetsand,1
FRF_c1_snap_20150511160000_EBG.jpg,1901,1271,wetsand,1
FRF_c1_snap_20150511160000_EBG.jpg,1843,1111,wetsand,1
FRF_c1_snap_20150511160000_EBG.jpg,1664,1068,wetsand,1
FRF_c1_snap_20150511160000_EBG.jpg,1719,1013,wetsand,1
FRF_c1_snap_20150511160000_EBG.jpg,1874,1206,wetsand,1
FRF_c1_snap_20150511160000_EBG.jpg,1709,1199,wetsand,1
FRF_c1_snap_20150511160000_EBG.jpg,1752,1036,wetsand,1
FRF_c1_snap_20150511160000_EBG.jpg,2362,1574,wetsand,1
FRF_c1_snap_20150511160000_EBG.jpg,2045,1301,wetsand,1
FRF_c1_snap_20150511160000_EBG.jpg,2179,1482,wetsand,1
FRF_c1_snap_20150511160000_EBG.jpg,1984,1216,wetsand,1
FRF_c1_snap_20150511160000_EBG.jpg,1967,1208,wetsand,1
FRF_c1_snap_20150511160000_EBG.jpg,2109,1319,wetsand,1
FRF_c1_snap_20150511160000_EBG.jpg,1767,1085,wetsand,1
FRF_c1_snap_20150511160000_EBG.jpg,1839,1236,wetsand,1
FRF_c1_snap_20150511160000_EBG.jpg,1855,1211,wetsand,1
FRF_c1_snap_20150511160000_EBG.jpg,2361,1547,wetsand,1
FRF_c1_snap_20150511160000_EBG.jpg,2002,1283,wetsand,1
FRF_c1_snap_20150511160000_EBG.jpg,2297,1442,wetsand,1
FRF_c1_snap_20150511160000_EBG.jpg,1703,1053,wetsand,1
FRF_c1_snap_20150511160000_EBG.jpg,2411,1592,wetsand,1
FRF_c1_snap_20150511160000_EBG.jpg,1904,1451,wetsand,1
FRF_c1_snap_20150511160000_EBG.jpg,2282,1417,wetsand,1
FRF_c1_snap_20150511160000_EBG.jpg,1918,1131,wetsand,1
FRF_c1_snap_20150511160000_EBG.jpg,2007,1245,wetsand,1
FRF_c1_snap_20150511160000_EBG.jpg,1866,1175,wetsand,1
FRF_c1_snap_20150511160000_EBG.jpg,1811,1106,wetsand,1
FRF_c1_snap_20150511160000_EBG.jpg,1812,1223,wetsand,1
FRF_c1_snap_20150511160000_EBG.jpg,1755,1723,drysand,2
FRF_c1_snap_20150511160000_EBG.jpg,1132,1215,drysand,2
FRF_c1_snap_20150511160000_EBG.jpg,1305,940,drysand,2
FRF_c1_snap_20150511160000_EBG.jpg,2105,1665,drysand,2
FRF_c1_snap_20150511160000_EBG.jpg,1067,1150,drysand,2
FRF_c1_snap_20150511160000_EBG.jpg,1648,1234,drysand,2
FRF_c1_snap_20150511160000_EBG.jpg,768,808,drysand,2
FRF_c1_snap_20150511160000_EBG.jpg,1300,1232,drysand,2
FRF_c1_snap_20150511160000_EBG.jpg,1006,904,drysand,2
FRF_c1_snap_20150511160000_EBG.jpg,1315,952,drysand,2
FRF_c1_snap_20150511160000_EBG.jpg,1559,1629,drysand,2
FRF_c1_snap_20150511160000_EBG.jpg,1150,1017,drysand,2
FRF_c1_snap_20150511160000_EBG.jpg,1956,1370,drysand,2
FRF_c1_snap_20150511160000_EBG.jpg,1385,1124,drysand,2
FRF_c1_snap_20150511160000_EBG.jpg,2404,1669,drysand,2
FRF_c1_snap_20150511160000_EBG.jpg,1046,920,drysand,2
FRF_c1_snap_20150511160000_EBG.jpg,2055,1373,drysand,2
FRF_c1_snap_20150511160000_EBG.jpg,1039,993,drysand,2
FRF_c1_snap_20150511160000_EBG.jpg,1637,1627,drysand,2
FRF_c1_snap_20150511160000_EBG.jpg,1133,1049,drysand,2
FRF_c1_snap_20150511160000_EBG.jpg,1202,1192,drysand,2
FRF_c1_snap_20150511160000_EBG.jpg,1973,1701,drysand,2
FRF_c1_snap_20150511160000_EBG.jpg,785,738,drysand,2
FRF_c1_snap_20150511160000_EBG.jpg,1102,1166,drysand,2
FRF_c1_snap_20150511160000_EBG.jpg,800,834,drysand,2
FRF_c1_snap_20150511160000_EBG.jpg,1237,861,drysand,2
FRF_c1_snap_20150511160000_EBG.jpg,1720,1492,drysand,2
FRF_c1_snap_20150511160000_EBG.jpg,1129,1238,drysand,2
FRF_c1_snap_20150511160000_EBG.jpg,1839,1678,drysand,2
FRF_c1_snap_20150511160000_EBG.jpg,2179,1898,drysand,2
FRF_c1_snap_20150511160000_EBG.jpg,2111,1742,drysand,2
FRF_c1_snap_20150511160000_EBG.jpg,1265,827,drysand,2
FRF_c1_snap_20150511160000_EBG.jpg,1992,1669,drysand,2
FRF_c1_snap_20150511160000_EBG.jpg,1533,1052,drysand,2
FRF_c1_snap_20150511160000_EBG.jpg,956,1018,drysand,2
FRF_c1_snap_20150511160000_EBG.jpg,1400,1227,drysand,2
FRF_c1_snap_20150511160000_EBG.jpg,1989,1707,drysand,2
FRF_c1_snap_20150511160000_EBG.jpg,1123,804,drysand,2
FRF_c1_snap_20150511160000_EBG.jpg,1232,789,drysand,2
FRF_c1_snap_20150511160000_EBG.jpg,1256,951,drysand,2
FRF_c1_snap_20150511160000_EBG.jpg,1918,1423,drysand,2
FRF_c1_snap_20150511160000_EBG.jpg,2111,1810,drysand,2
FRF_c1_snap_20150511160000_EBG.jpg,1376,1319,drysand,2
FRF_c1_snap_20150511160000_EBG.jpg,1542,1630,drysand,2
FRF_c1_snap_20150511160000_EBG.jpg,1907,1723,drysand,2
FRF_c1_snap_20150511160000_EBG.jpg,1794,1456,drysand,2
FRF_c1_snap_20150511160000_EBG.jpg,1163,961,drysand,2
FRF_c1_snap_20150511160000_EBG.jpg,1758,1839,drysand,2
FRF_c1_snap_20150511160000_EBG.jpg,1530,1025,drysand,2
FRF_c1_snap_20150511160000_EBG.jpg,1089,859,drysand,2
FRF_c1_snap_20150511160000_EBG.jpg,1001,1097,drysand,2
FRF_c1_snap_20150511160000_EBG.jpg,1581,1017,drysand,2
FRF_c1_snap_20150511160000_EBG.jpg,706,1005,drysand,2
FRF_c1_snap_20150511160000_EBG.jpg,1037,1143,drysand,2
FRF_c1_snap_20150511160000_EBG.jpg,1166,1276,drysand,2
FRF_c1_snap_20150511160000_EBG.jpg,2294,1759,drysand,2
FRF_c1_snap_20150511160000_EBG.jpg,1319,1302,drysand,2
FRF_c1_snap_20150511160000_EBG.jpg,1609,1357,drysand,2
FRF_c1_snap_20150511160000_EBG.jpg,1898,1666,drysand,2
FRF_c1_snap_20150511160000_EBG.jpg,1150,1186,drysand,2
FRF_c1_snap_20150511160000_EBG.jpg,2052,1647,drysand,2
FRF_c1_snap_20150511160000_EBG.jpg,1568,1059,drysand,2
FRF_c1_snap_20150511160000_EBG.jpg,1626,1476,drysand,2
FRF_c1_snap_20150511160000_EBG.jpg,2118,1663,drysand,2
FRF_c1_snap_20150511160000_EBG.jpg,2131,1441,drysand,2
FRF_c1_snap_20150511160000_EBG.jpg,1049,901,drysand,2
FRF_c1_snap_20150511160000_EBG.jpg,1257,1048,drysand,2
FRF_c1_snap_20150511160000_EBG.jpg,2067,1736,drysand,2
FRF_c1_snap_20150511160000_EBG.jpg,1244,1072,drysand,2
FRF_c1_snap_20150511160000_EBG.jpg,996,802,drysand,2
FRF_c1_snap_20150511160000_EBG.jpg,2297,1639,drysand,2
FRF_c1_snap_20150511160000_EBG.jpg,1923,1752,drysand,2
FRF_c1_snap_20150511160000_EBG.jpg,859,890,drysand,2
FRF_c1_snap_20150511160000_EBG.jpg,756,975,drysand,2
FRF_c1_snap_20150511160000_EBG.jpg,1704,1521,drysand,2
FRF_c1_snap_20150511160000_EBG.jpg,1874,1420,drysand,2
FRF_c1_snap_20150511160000_EBG.jpg,1388,868,drysand,2
FRF_c1_snap_20150511160000_EBG.jpg,2301,1651,drysand,2
FRF_c1_snap_20150511160000_EBG.jpg,1551,1241,drysand,2
FRF_c1_snap_20150511160000_EBG.jpg,1346,1823,drysand,2
FRF_c1_snap_20150511160000_EBG.jpg,618,1253,vegetation,3
FRF_c1_snap_20150511160000_EBG.jpg,834,1882,vegetation,3
FRF_c1_snap_20150511160000_EBG.jpg,690,1729,vegetation,3
FRF_c1_snap_20150511160000_EBG.jpg,838,1420,vegetation,3
FRF_c1_snap_20150511160000_EBG.jpg,1245,1717,vegetation,3
FRF_c1_snap_20150511160000_EBG.jpg,939,1050,vegetation,3
FRF_c1_snap_20150511160000_EBG.jpg,747,1818,vegetation,3
FRF_c1_snap_20150511160000_EBG.jpg,764,1204,vegetation,3
FRF_c1_snap_20150511160000_EBG.jpg,1306,1261,vegetation,3
FRF_c1_snap_20150511160000_EBG.jpg,1163,1835,vegetation,3
FRF_c1_snap_20150511160000_EBG.jpg,1439,1548,vegetation,3
FRF_c1_snap_20150511160000_EBG.jpg,863,1766,vegetation,3
FRF_c1_snap_20150511160000_EBG.jpg,1148,1935,vegetation,3
FRF_c1_snap_20150511160000_EBG.jpg,1287,1416,vegetation,3
FRF_c1_snap_20150511160000_EBG.jpg,1282,1316,vegetation,3
FRF_c1_snap_20150511160000_EBG.jpg,752,1994,vegetation,3
FRF_c1_snap_20150511160000_EBG.jpg,1121,1866,vegetation,3
FRF_c1_snap_20150511160000_EBG.jpg,635,1761,vegetation,3
FRF_c1_snap_20150511160000_EBG.jpg,1121,1289,vegetation,3
FRF_c1_snap_20150511160000_EBG.jpg,1196,1832,vegetation,3
FRF_c1_snap_20150511160000_EBG.jpg,758,1532,vegetation,3
FRF_c1_snap_20150511160000_EBG.jpg,851,1968,vegetation,3
FRF_c1_snap_20150511160000_EBG.jpg,1297,1965,vegetation,3
FRF_c1_snap_20150511160000_EBG.jpg,990,1327,vegetation,3
FRF_c1_snap_20150511160000_EBG.jpg,906,1868,vegetation,3
FRF_c1_snap_20150511160000_EBG.jpg,723,1330,vegetation,3
FRF_c1_snap_20150511160000_EBG.jpg,1673,1812,vegetation,3
FRF_c1_snap_20150511160000_EBG.jpg,1389,1676,vegetation,3
FRF_c1_snap_20150511160000_EBG.jpg,743,1467,vegetation,3
FRF_c1_snap_20150511160000_EBG.jpg,1085,1977,vegetation,3
FRF_c1_snap_20150511160000_EBG.jpg,801,1285,vegetation,3
FRF_c1_snap_20150511160000_EBG.jpg,730,1342,vegetation,3
FRF_c1_snap_20150511160000_EBG.jpg,1368,1940,vegetation,3
FRF_c1_snap_20150511160000_EBG.jpg,633,1045,vegetation,3
FRF_c1_snap_20150511160000_EBG.jpg,993,1380,vegetation,3
FRF_c1_snap_20150511160000_EBG.jpg,691,762,vegetation,3
FRF_c1_snap_20150511160000_EBG.jpg,1139,1394,vegetation,3
FRF_c1_snap_20150511160000_EBG.jpg,1794,1768,vegetation,3
FRF_c1_snap_20150511160000_EBG.jpg,597,1673,vegetation,3
FRF_c1_snap_20150511160000_EBG.jpg,1127,1958,vegetation,3
FRF_c1_snap_20150511160000_EBG.jpg,521,1580,vegetation,3
FRF_c1_snap_20150511160000_EBG.jpg,71,1005,vegetation,3
FRF_c1_snap_20150511160000_EBG.jpg,41,954,vegetation,3
FRF_c1_snap_20150511160000_EBG.jpg,540,1310,vegetation,3
FRF_c1_snap_20150511160000_EBG.jpg,542,1312,vegetation,3
FRF_c1_snap_20150511160000_EBG.jpg,521,1970,vegetation,3
FRF_c1_snap_20150511160000_EBG.jpg,63,1120,vegetation,3
FRF_c1_snap_20150511160000_EBG.jpg,179,1622,vegetation,3
FRF_c1_snap_20150511160000_EBG.jpg,395,1439,vegetation,3
FRF_c1_snap_20150511160000_EBG.jpg,102,1959,vegetation,3
FRF_c1_snap_20150511160000_EBG.jpg,101,1696,vegetation,3
FRF_c1_snap_20150511160000_EBG.jpg,220,937,vegetation,3
FRF_c1_snap_20150511160000_EBG.jpg,411,1046,vegetation,3
FRF_c1_snap_20150511160000_EBG.jpg,200,1064,vegetation,3
FRF_c1_snap_20150511160000_EBG.jpg,359,1667,vegetation,3
FRF_c1_snap_20150511160000_EBG.jpg,504,1303,vegetation,3
FRF_c1_snap_20150511160000_EBG.jpg,84,1340,vegetation,3
FRF_c1_snap_20150511160000_EBG.jpg,353,1569,vegetation,3
FRF_c1_snap_20150511160000_EBG.jpg,77,1038,vegetation,3
FRF_c1_snap_20150511160000_EBG.jpg,273,1315,vegetation,3
FRF_c1_snap_20150511160000_EBG.jpg,70,1481,vegetation,3
FRF_c1_snap_20150511160000_EBG.jpg,361,1125,vegetation,3
FRF_c1_snap_20150511160000_EBG.jpg,149,1816,vegetation,3
FRF_c1_snap_20150511160000_EBG.jpg,416,1677,vegetation,3
FRF_c1_snap_20150511160000_EBG.jpg,347,1128,vegetation,3
FRF_c1_snap_20150511160000_EBG.jpg,304,1118,vegetation,3
FRF_c1_snap_20150511160000_EBG.jpg,392,965,vegetation,3
FRF_c1_snap_20150511160000_EBG.jpg,431,1047,vegetation,3
FRF_c1_snap_20150511160000_EBG.jpg,182,1176,vegetation,3
FRF_c1_snap_20150511160000_EBG.jpg,489,1071,vegetation,3
FRF_c1_snap_20150511160000_EBG.jpg,331,1001,vegetation,3
FRF_c1_snap_20150511160000_EBG.jpg,255,1060,vegetation,3
FRF_c1_snap_20150511160000_EBG.jpg,301,1371,vegetation,3
FRF_c1_snap_20150511160000_EBG.jpg,493,1888,vegetation,3
FRF_c1_snap_20150511160000_EBG.jpg,469,1941,vegetation,3
FRF_c1_snap_20150511160000_EBG.jpg,398,1303,vegetation,3
FRF_c1_snap_20150511160000_EBG.jpg,410,1077,vegetation,3
FRF_c1_snap_20150511160000_EBG.jpg,361,1680,vegetation,3
FRF_c1_snap_20150511160000_EBG.jpg,190,1376,vegetation,3
FRF_c1_snap_20150511160000_EBG.jpg,273,1388,vegetation,3
FRF_c1_snap_20150511160000_EBG.jpg,1386,930,heavies,4
FRF_c1_snap_20150511160000_EBG.jpg,1637,1083,heavies,4
FRF_c1_snap_20150511160000_EBG.jpg,1814,1357,heavies,4
FRF_c1_snap_20150511160000_EBG.jpg,1255,753,heavies,4
FRF_c1_snap_20150511160000_EBG.jpg,1415,999,heavies,4
FRF_c1_snap_20150511160000_EBG.jpg,1659,1206,heavies,4
FRF_c1_snap_20150511160000_EBG.jpg,1746,1206,heavies,4
FRF_c1_snap_20150511160000_EBG.jpg,1849,1448,heavies,4
FRF_c1_snap_20150511160000_EBG.jpg,1652,1195,heavies,4
FRF_c1_snap_20150511160000_EBG.jpg,1997,1478,heavies,4
FRF_c1_snap_20150511160000_EBG.jpg,1385,1062,heavies,4
FRF_c1_snap_20150511160000_EBG.jpg,1819,1413,heavies,4
FRF_c1_snap_20150511160000_EBG.jpg,1889,1453,heavies,4
FRF_c1_snap_20150511160000_EBG.jpg,1914,1431,heavies,4
FRF_c1_snap_20150511160000_EBG.jpg,1838,1450,heavies,4
FRF_c1_snap_20150511160000_EBG.jpg,1421,1076,heavies,4
FRF_c1_snap_20150511160000_EBG.jpg,1359,821,heavies,4
FRF_c1_snap_20150511160000_EBG.jpg,1722,1209,heavies,4
FRF_c1_snap_20150511160000_EBG.jpg,1539,1116,heavies,4
FRF_c1_snap_20150511160000_EBG.jpg,1318,925,heavies,4
FRF_c1_snap_20150511160000_EBG.jpg,1540,1099,heavies,4
FRF_c1_snap_20150511160000_EBG.jpg,1494,1099,heavies,4
FRF_c1_snap_20150511160000_EBG.jpg,1959,1449,heavies,4
FRF_c1_snap_20150511160000_EBG.jpg,1448,1072,heavies,4
FRF_c1_snap_20150511160000_EBG.jpg,1463,1087,heavies,4
FRF_c1_snap_20150511160000_EBG.jpg,1890,1451,heavies,4
FRF_c1_snap_20150511160000_EBG.jpg,1344,918,heavies,4
FRF_c1_snap_20150511160000_EBG.jpg,1881,1463,heavies,4
FRF_c1_snap_20150511160000_EBG.jpg,1803,1349,heavies,4
FRF_c1_snap_20150511160000_EBG.jpg,1416,1064,heavies,4
FRF_c1_snap_20150511160000_EBG.jpg,1381,924,heavies,4
FRF_c1_snap_20150511160000_EBG.jpg,1872,1444,heavies,4
FRF_c1_snap_20150511160000_EBG.jpg,1817,1350,heavies,4
FRF_c1_snap_20150511160000_EBG.jpg,1410,1077,heavies,4
FRF_c1_snap_20150511160000_EBG.jpg,1250,750,heavies,4
FRF_c1_snap_20150511160000_EBG.jpg,1958,1429,heavies,4
FRF_c1_snap_20150511160000_EBG.jpg,1921,1439,heavies,4
FRF_c1_snap_20150511160000_EBG.jpg,1928,1443,heavies,4
FRF_c1_snap_20150511160000_EBG.jpg,1362,925,heavies,4
FRF_c1_snap_20150511160000_EBG.jpg,1125,674,heavies,4
FRF_c1_snap_20150511160000_EBG.jpg,2175,1469,heavies,4
FRF_c1_snap_20150511160000_EBG.jpg,1359,939,heavies,4
FRF_c1_snap_20150511160000_EBG.jpg,1861,1441,heavies,4
FRF_c1_snap_20150511160000_EBG.jpg,1470,1088,heavies,4
FRF_c1_snap_20150511160000_EBG.jpg,1984,1489,heavies,4
FRF_c1_snap_20150511160000_EBG.jpg,1356,930,heavies,4
FRF_c1_snap_20150511160000_EBG.jpg,1834,1441,heavies,4
FRF_c1_snap_20150511160000_EBG.jpg,1411,1072,heavies,4
FRF_c1_snap_20150511160000_EBG.jpg,1917,1437,heavies,4
FRF_c1_snap_20150511160000_EBG.jpg,1619,1212,heavies,4
FRF_c1_snap_20150511160000_EBG.jpg,1254,757,heavies,4
FRF_c1_snap_20150511160000_EBG.jpg,1244,766,heavies,4
FRF_c1_snap_20150511160000_EBG.jpg,2155,1478,heavies,4
FRF_c1_snap_20150511160000_EBG.jpg,1823,1337,heavies,4
FRF_c1_snap_20150511160000_EBG.jpg,1882,1441,heavies,4
FRF_c1_snap_20150511160000_EBG.jpg,1329,915,heavies,4
FRF_c1_snap_20150511160000_EBG.jpg,1884,1438,heavies,4
FRF_c1_snap_20150511160000_EBG.jpg,1527,1107,heavies,4
FRF_c1_snap_20150511160000_EBG.jpg,1777,1344,heavies,4
FRF_c1_snap_20150511160000_EBG.jpg,1955,1427,heavies,4
FRF_c1_snap_20150511160000_EBG.jpg,1919,1434,heavies,4
FRF_c1_snap_20150511160000_EBG.jpg,1632,1201,heavies,4
FRF_c1_snap_20150511160000_EBG.jpg,1346,916,heavies,4
FRF_c1_snap_20150511160000_EBG.jpg,1353,827,heavies,4
FRF_c1_snap_20150511160000_EBG.jpg,1973,1461,heavies,4
FRF_c1_snap_20150511160000_EBG.jpg,1573,1210,heavies,4
FRF_c1_snap_20150511160000_EBG.jpg,1255,765,heavies,4
FRF_c1_snap_20150511160000_EBG.jpg,2158,1377,heavies,4
FRF_c1_snap_20150511160000_EBG.jpg,1991,1490,heavies,4
FRF_c1_snap_20150511160000_EBG.jpg,1652,1210,heavies,4
FRF_c1_snap_20150511160000_EBG.jpg,1577,1207,heavies,4
FRF_c1_snap_20150511160000_EBG.jpg,1822,1416,heavies,4
FRF_c1_snap_20150511160000_EBG.jpg,2008,1490,heavies,4
FRF_c1_snap_20150511160000_EBG.jpg,1994,1484,heavies,4
FRF_c1_snap_20150511160000_EBG.jpg,1378,937,heavies,4
FRF_c1_snap_20150511160000_EBG.jpg,1952,1426,heavies,4
FRF_c1_snap_20150511160000_EBG.jpg,1989,1492,heavies,4
FRF_c1_snap_20150511160000_EBG.jpg,1914,1432,heavies,4
FRF_c1_snap_20150511160000_EBG.jpg,1974,1445,heavies,4
FRF_c1_snap_20150511160000_EBG.jpg,1591,1213,heavies,4
FRF_c1_snap_20150511160000_EBG.jpg,2391,1807,lag,5
FRF_c1_snap_20150511160000_EBG.jpg,1442,1143,lag,5
FRF_c1_snap_20150511160000_EBG.jpg,2310,1563,lag,5
FRF_c1_snap_20150511160000_EBG.jpg,1164,916,lag,5
FRF_c1_snap_20150511160000_EBG.jpg,1173,923,lag,5
FRF_c1_snap_20150511160000_EBG.jpg,1939,1556,lag,5
FRF_c1_snap_20150511160000_EBG.jpg,1689,1337,lag,5
FRF_c1_snap_20150511160000_EBG.jpg,2205,1599,lag,5
FRF_c1_snap_20150511160000_EBG.jpg,1245,968,lag,5
FRF_c1_snap_20150511160000_EBG.jpg,1156,936,lag,5
FRF_c1_snap_20150511160000_EBG.jpg,1117,921,lag,5
FRF_c1_snap_20150511160000_EBG.jpg,1198,978,lag,5
FRF_c1_snap_20150511160000_EBG.jpg,1544,983,lag,5
FRF_c1_snap_20150511160000_EBG.jpg,1237,938,lag,5
FRF_c1_snap_20150511160000_EBG.jpg,1079,993,lag,5
FRF_c1_snap_20150511160000_EBG.jpg,1366,1010,lag,5
FRF_c1_snap_20150511160000_EBG.jpg,1140,916,lag,5
FRF_c1_snap_20150511160000_EBG.jpg,2035,1907,lag,5
FRF_c1_snap_20150511160000_EBG.jpg,1567,1298,lag,5
FRF_c1_snap_20150511160000_EBG.jpg,1741,1188,lag,5
FRF_c1_snap_20150511160000_EBG.jpg,1023,1043,lag,5
FRF_c1_snap_20150511160000_EBG.jpg,1372,1164,lag,5
FRF_c1_snap_20150511160000_EBG.jpg,1558,1356,lag,5
FRF_c1_snap_20150511160000_EBG.jpg,2360,1865,lag,5
FRF_c1_snap_20150511160000_EBG.jpg,2094,1572,lag,5
FRF_c1_snap_20150511160000_EBG.jpg,1893,1579,lag,5
FRF_c1_snap_20150511160000_EBG.jpg,1116,982,lag,5
FRF_c1_snap_20150511160000_EBG.jpg,1831,1578,lag,5
FRF_c1_snap_20150511160000_EBG.jpg,858,846,lag,5
FRF_c1_snap_20150511160000_EBG.jpg,1756,1505,lag,5
FRF_c1_snap_20150511160000_EBG.jpg,1545,1336,lag,5
FRF_c1_snap_20150511160000_EBG.jpg,1846,1591,lag,5
FRF_c1_snap_20150511160000_EBG.jpg,1421,1194,lag,5
FRF_c1_snap_20150511160000_EBG.jpg,1135,984,lag,5
FRF_c1_snap_20150511160000_EBG.jpg,1381,1280,lag,5
FRF_c1_snap_20150511160000_EBG.jpg,2281,1559,lag,5
FRF_c1_snap_20150511160000_EBG.jpg,1340,1163,lag,5
FRF_c1_snap_20150511160000_EBG.jpg,2139,1590,lag,5
FRF_c1_snap_20150511160000_EBG.jpg,2404,1899,lag,5
FRF_c1_snap_20150511160000_EBG.jpg,1211,1001,lag,5
FRF_c1_snap_20150511160000_EBG.jpg,1188,925,lag,5
FRF_c1_snap_20150511160000_EBG.jpg,1392,1312,lag,5
FRF_c1_snap_20150511160000_EBG.jpg,1331,1142,lag,5
FRF_c1_snap_20150511160000_EBG.jpg,2386,1894,lag,5
FRF_c1_snap_20150511160000_EBG.jpg,1290,933,lag,5
FRF_c1_snap_20150511160000_EBG.jpg,1472,1494,lag,5
FRF_c1_snap_20150511160000_EBG.jpg,1906,1547,lag,5
FRF_c1_snap_20150511160000_EBG.jpg,1406,1132,lag,5
FRF_c1_snap_20150511160000_EBG.jpg,1434,1285,lag,5
FRF_c1_snap_20150511160000_EBG.jpg,1395,1303,lag,5
FRF_c1_snap_20150511160000_EBG.jpg,1595,1000,lag,5
FRF_c1_snap_20150511160000_EBG.jpg,2049,1928,lag,5
FRF_c1_snap_20150511160000_EBG.jpg,1652,1156,lag,5
FRF_c1_snap_20150511160000_EBG.jpg,1788,1584,lag,5
FRF_c1_snap_20150511160000_EBG.jpg,2122,1591,lag,5
FRF_c1_snap_20150511160000_EBG.jpg,2154,1927,lag,5
FRF_c1_snap_20150511160000_EBG.jpg,1149,914,lag,5
FRF_c1_snap_20150511160000_EBG.jpg,1243,1000,lag,5
FRF_c1_snap_20150511160000_EBG.jpg,1061,1064,lag,5
FRF_c1_snap_20150511160000_EBG.jpg,1498,1334,lag,5
FRF_c1_snap_20150511160000_EBG.jpg,1431,1179,lag,5
FRF_c1_snap_20150511160000_EBG.jpg,1334,979,lag,5
FRF_c1_snap_20150511160000_EBG.jpg,1787,1503,lag,5
FRF_c1_snap_20150511160000_EBG.jpg,2291,1941,lag,5
FRF_c1_snap_20150511160000_EBG.jpg,1153,893,lag,5
FRF_c1_snap_20150511160000_EBG.jpg,1513,1172,lag,5
FRF_c1_snap_20150511160000_EBG.jpg,1236,1001,lag,5
FRF_c1_snap_20150511160000_EBG.jpg,1839,1570,lag,5
FRF_c1_snap_20150511160000_EBG.jpg,1280,987,lag,5
FRF_c1_snap_20150511160000_EBG.jpg,2150,1596,lag,5
FRF_c1_snap_20150511160000_EBG.jpg,1377,1275,lag,5
FRF_c1_snap_20150511160000_EBG.jpg,1406,1302,lag,5
FRF_c1_snap_20150511160000_EBG.jpg,1695,1315,lag,5
FRF_c1_snap_20150511160000_EBG.jpg,1283,1178,lag,5
FRF_c1_snap_20150511160000_EBG.jpg,1758,1544,lag,5
FRF_c1_snap_20150511160000_EBG.jpg,1530,1357,lag,5
FRF_c1_snap_20150511160000_EBG.jpg,1085,900,lag,5
FRF_c1_snap_20150511160000_EBG.jpg,1436,1286,lag,5
FRF_c1_snap_20150511160000_EBG.jpg,2303,1530,lag,5
FRF_c1_snap_20150511160000_EBG.jpg,2356,1714,lag,5
FRF_c1_snap_20151029160000_EBG.jpg,2181,955,background,0
FRF_c1_snap_20151029160000_EBG.jpg,1271,528,background,0
FRF_c1_snap_20151029160000_EBG.jpg,1810,856,background,0
FRF_c1_snap_20151029160000_EBG.jpg,1351,919,background,0
FRF_c1_snap_20151029160000_EBG.jpg,1534,694,background,0
FRF_c1_snap_20151029160000_EBG.jpg,1425,947,background,0
FRF_c1_snap_20151029160000_EBG.jpg,963,596,background,0
FRF_c1_snap_20151029160000_EBG.jpg,1492,672,background,0
FRF_c1_snap_20151029160000_EBG.jpg,2125,1021,background,0
FRF_c1_snap_20151029160000_EBG.jpg,2371,1260,background,0
FRF_c1_snap_20151029160000_EBG.jpg,1120,618,background,0
FRF_c1_snap_20151029160000_EBG.jpg,2135,1058,background,0
FRF_c1_snap_20151029160000_EBG.jpg,2202,906,background,0
FRF_c1_snap_20151029160000_EBG.jpg,1765,720,background,0
FRF_c1_snap_20151029160000_EBG.jpg,1842,918,background,0
FRF_c1_snap_20151029160000_EBG.jpg,1845,866,background,0
FRF_c1_snap_20151029160000_EBG.jpg,2143,1247,background,0
FRF_c1_snap_20151029160000_EBG.jpg,966,559,background,0
FRF_c1_snap_20151029160000_EBG.jpg,2151,956,background,0
FRF_c1_snap_20151029160000_EBG.jpg,736,664,background,0
FRF_c1_snap_20151029160000_EBG.jpg,2110,1035,background,0
FRF_c1_snap_20151029160000_EBG.jpg,1130,628,background,0
FRF_c1_snap_20151029160000_EBG.jpg,2088,1249,background,0
FRF_c1_snap_20151029160000_EBG.jpg,1806,721,background,0
FRF_c1_snap_20151029160000_EBG.jpg,2264,998,background,0
FRF_c1_snap_20151029160000_EBG.jpg,2048,917,background,0
FRF_c1_snap_20151029160000_EBG.jpg,1710,931,background,0
FRF_c1_snap_20151029160000_EBG.jpg,1657,851,background,0
FRF_c1_snap_20151029160000_EBG.jpg,1444,683,background,0
FRF_c1_snap_20151029160000_EBG.jpg,1933,1189,background,0
FRF_c1_snap_20151029160000_EBG.jpg,1360,900,background,0
FRF_c1_snap_20151029160000_EBG.jpg,1592,870,background,0
FRF_c1_snap_20151029160000_EBG.jpg,2213,940,background,0
FRF_c1_snap_20151029160000_EBG.jpg,2055,1213,background,0
FRF_c1_snap_20151029160000_EBG.jpg,1654,892,background,0
FRF_c1_snap_20151029160000_EBG.jpg,2067,986,background,0
FRF_c1_snap_20151029160000_EBG.jpg,2059,881,background,0
FRF_c1_snap_20151029160000_EBG.jpg,2280,1240,background,0
FRF_c1_snap_20151029160000_EBG.jpg,1930,806,background,0
FRF_c1_snap_20151029160000_EBG.jpg,1311,828,background,0
FRF_c1_snap_20151029160000_EBG.jpg,526,633,background,0
FRF_c1_snap_20151029160000_EBG.jpg,357,516,background,0
FRF_c1_snap_20151029160000_EBG.jpg,254,542,background,0
FRF_c1_snap_20151029160000_EBG.jpg,136,553,background,0
FRF_c1_snap_20151029160000_EBG.jpg,426,460,background,0
FRF_c1_snap_20151029160000_EBG.jpg,199,505,background,0
FRF_c1_snap_20151029160000_EBG.jpg,267,382,background,0
FRF_c1_snap_20151029160000_EBG.jpg,291,542,background,0
FRF_c1_snap_20151029160000_EBG.jpg,243,372,background,0
FRF_c1_snap_20151029160000_EBG.jpg,16,280,background,0
FRF_c1_snap_20151029160000_EBG.jpg,361,430,background,0
FRF_c1_snap_20151029160000_EBG.jpg,310,600,background,0
FRF_c1_snap_20151029160000_EBG.jpg,61,656,background,0
FRF_c1_snap_20151029160000_EBG.jpg,531,608,background,0
FRF_c1_snap_20151029160000_EBG.jpg,213,670,background,0
FRF_c1_snap_20151029160000_EBG.jpg,193,390,background,0
FRF_c1_snap_20151029160000_EBG.jpg,404,417,background,0
FRF_c1_snap_20151029160000_EBG.jpg,413,402,background,0
FRF_c1_snap_20151029160000_EBG.jpg,318,643,background,0
FRF_c1_snap_20151029160000_EBG.jpg,518,511,background,0
FRF_c1_snap_20151029160000_EBG.jpg,431,521,background,0
FRF_c1_snap_20151029160000_EBG.jpg,224,597,background,0
FRF_c1_snap_20151029160000_EBG.jpg,268,571,background,0
FRF_c1_snap_20151029160000_EBG.jpg,460,556,background,0
FRF_c1_snap_20151029160000_EBG.jpg,22,358,background,0
FRF_c1_snap_20151029160000_EBG.jpg,209,425,background,0
FRF_c1_snap_20151029160000_EBG.jpg,444,580,background,0
FRF_c1_snap_20151029160000_EBG.jpg,189,458,background,0
FRF_c1_snap_20151029160000_EBG.jpg,259,462,background,0
FRF_c1_snap_20151029160000_EBG.jpg,66,618,background,0
FRF_c1_snap_20151029160000_EBG.jpg,467,472,background,0
FRF_c1_snap_20151029160000_EBG.jpg,97,497,background,0
FRF_c1_snap_20151029160000_EBG.jpg,236,306,background,0
FRF_c1_snap_20151029160000_EBG.jpg,350,638,background,0
FRF_c1_snap_20151029160000_EBG.jpg,172,449,background,0
FRF_c1_snap_20151029160000_EBG.jpg,80,671,background,0
FRF_c1_snap_20151029160000_EBG.jpg,59,426,background,0
FRF_c1_snap_20151029160000_EBG.jpg,476,523,background,0
FRF_c1_snap_20151029160000_EBG.jpg,29,646,background,0
FRF_c1_snap_20151029160000_EBG.jpg,206,476,background,0
FRF_c1_snap_20151029160000_EBG.jpg,1956,1492,wetsand,1
FRF_c1_snap_20151029160000_EBG.jpg,2230,1388,wetsand,1
FRF_c1_snap_20151029160000_EBG.jpg,1812,1362,wetsand,1
FRF_c1_snap_20151029160000_EBG.jpg,2077,1759,wetsand,1
FRF_c1_snap_20151029160000_EBG.jpg,1780,1316,wetsand,1
FRF_c1_snap_20151029160000_EBG.jpg,2106,1591,wetsand,1
FRF_c1_snap_20151029160000_EBG.jpg,1808,1230,wetsand,1
FRF_c1_snap_20151029160000_EBG.jpg,2238,1861,wetsand,1
FRF_c1_snap_20151029160000_EBG.jpg,1183,753,wetsand,1
FRF_c1_snap_20151029160000_EBG.jpg,2350,1722,wetsand,1
FRF_c1_snap_20151029160000_EBG.jpg,2209,1818,wetsand,1
FRF_c1_snap_20151029160000_EBG.jpg,1488,1129,wetsand,1
FRF_c1_snap_20151029160000_EBG.jpg,2073,1570,wetsand,1
FRF_c1_snap_20151029160000_EBG.jpg,2262,1761,wetsand,1
FRF_c1_snap_20151029160000_EBG.jpg,1080,754,wetsand,1
FRF_c1_snap_20151029160000_EBG.jpg,2371,1519,wetsand,1
FRF_c1_snap_20151029160000_EBG.jpg,1053,623,wetsand,1
FRF_c1_snap_20151029160000_EBG.jpg,2175,1818,wetsand,1
FRF_c1_snap_20151029160000_EBG.jpg,1820,1423,wetsand,1
FRF_c1_snap_20151029160000_EBG.jpg,2316,1620,wetsand,1
FRF_c1_snap_20151029160000_EBG.jpg,1389,1077,wetsand,1
FRF_c1_snap_20151029160000_EBG.jpg,1154,860,wetsand,1
FRF_c1_snap_20151029160000_EBG.jpg,1340,1052,wetsand,1
FRF_c1_snap_20151029160000_EBG.jpg,2348,1463,wetsand,1
FRF_c1_snap_20151029160000_EBG.jpg,1920,1411,wetsand,1
FRF_c1_snap_20151029160000_EBG.jpg,2090,1544,wetsand,1
FRF_c1_snap_20151029160000_EBG.jpg,1873,1193,wetsand,1
FRF_c1_snap_20151029160000_EBG.jpg,2297,1753,wetsand,1
FRF_c1_snap_20151029160000_EBG.jpg,1963,1693,wetsand,1
FRF_c1_snap_20151029160000_EBG.jpg,2151,1825,wetsand,1
FRF_c1_snap_20151029160000_EBG.jpg,2143,1666,wetsand,1
FRF_c1_snap_20151029160000_EBG.jpg,1619,1101,wetsand,1
FRF_c1_snap_20151029160000_EBG.jpg,2301,1325,wetsand,1
FRF_c1_snap_20151029160000_EBG.jpg,1982,1514,wetsand,1
FRF_c1_snap_20151029160000_EBG.jpg,1859,1687,wetsand,1
FRF_c1_snap_20151029160000_EBG.jpg,2059,1447,wetsand,1
FRF_c1_snap_20151029160000_EBG.jpg,2284,1678,wetsand,1
FRF_c1_snap_20151029160000_EBG.jpg,1972,1416,wetsand,1
FRF_c1_snap_20151029160000_EBG.jpg,1840,1197,wetsand,1
FRF_c1_snap_20151029160000_EBG.jpg,1861,1343,wetsand,1
FRF_c1_snap_20151029160000_EBG.jpg,1505,1157,wetsand,1
FRF_c1_snap_20151029160000_EBG.jpg,1266,829,wetsand,1
FRF_c1_snap_20151029160000_EBG.jpg,1063,740,wetsand,1
FRF_c1_snap_20151029160000_EBG.jpg,1394,1055,wetsand,1
FRF_c1_snap_20151029160000_EBG.jpg,2275,1566,wetsand,1
FRF_c1_snap_20151029160000_EBG.jpg,2329,1639,wetsand,1
FRF_c1_snap_20151029160000_EBG.jpg,1734,1166,wetsand,1
FRF_c1_snap_20151029160000_EBG.jpg,2039,1926,wetsand,1
FRF_c1_snap_20151029160000_EBG.jpg,1158,932,wetsand,1
FRF_c1_snap_20151029160000_EBG.jpg,2333,1595,wetsand,1
FRF_c1_snap_20151029160000_EBG.jpg,2325,1606,wetsand,1
FRF_c1_snap_20151029160000_EBG.jpg,1435,1126,wetsand,1
FRF_c1_snap_20151029160000_EBG.jpg,2305,1633,wetsand,1
FRF_c1_snap_20151029160000_EBG.jpg,2151,1414,wetsand,1
FRF_c1_snap_20151029160000_EBG.jpg,1184,941,wetsand,1
FRF_c1_snap_20151029160000_EBG.jpg,2117,1918,wetsand,1
FRF_c1_snap_20151029160000_EBG.jpg,2120,1849,wetsand,1
FRF_c1_snap_20151029160000_EBG.jpg,2210,1651,wetsand,1
FRF_c1_snap_20151029160000_EBG.jpg,2185,1518,wetsand,1
FRF_c1_snap_20151029160000_EBG.jpg,2300,1576,wetsand,1
FRF_c1_snap_20151029160000_EBG.jpg,1294,1016,wetsand,1
FRF_c1_snap_20151029160000_EBG.jpg,2324,1666,wetsand,1
FRF_c1_snap_20151029160000_EBG.jpg,2369,1425,wetsand,1
FRF_c1_snap_20151029160000_EBG.jpg,1051,650,wetsand,1
FRF_c1_snap_20151029160000_EBG.jpg,2310,1727,wetsand,1
FRF_c1_snap_20151029160000_EBG.jpg,1958,1573,wetsand,1
FRF_c1_snap_20151029160000_EBG.jpg,1665,1292,wetsand,1
FRF_c1_snap_20151029160000_EBG.jpg,1650,1128,wetsand,1
FRF_c1_snap_20151029160000_EBG.jpg,1927,1881,wetsand,1
FRF_c1_snap_20151029160000_EBG.jpg,1984,1445,wetsand,1
FRF_c1_snap_20151029160000_EBG.jpg,2055,1854,wetsand,1
FRF_c1_snap_20151029160000_EBG.jpg,1901,1203,wetsand,1
FRF_c1_snap_20151029160000_EBG.jpg,2210,1343,wetsand,1
FRF_c1_snap_20151029160000_EBG.jpg,1806,1227,wetsand,1
FRF_c1_snap_20151029160000_EBG.jpg,1877,1452,wetsand,1
FRF_c1_snap_20151029160000_EBG.jpg,2274,1561,wetsand,1
FRF_c1_snap_20151029160000_EBG.jpg,2232,1529,wetsand,1
FRF_c1_snap_20151029160000_EBG.jpg,1784,1196,wetsand,1
FRF_c1_snap_20151029160000_EBG.jpg,2337,1337,wetsand,1
FRF_c1_snap_20151029160000_EBG.jpg,1947,1586,wetsand,1
FRF_c1_snap_20151029160000_EBG.jpg,1764,1508,drysand,2
FRF_c1_snap_20151029160000_EBG.jpg,1777,1843,drysand,2
FRF_c1_snap_20151029160000_EBG.jpg,1432,1439,drysand,2
FRF_c1_snap_20151029160000_EBG.jpg,1476,1911,drysand,2
FRF_c1_snap_20151029160000_EBG.jpg,825,818,drysand,2
FRF_c1_snap_20151029160000_EBG.jpg,1650,1676,drysand,2
FRF_c1_snap_20151029160000_EBG.jpg,1037,977,drysand,2
FRF_c1_snap_20151029160000_EBG.jpg,1130,950,drysand,2
FRF_c1_snap_20151029160000_EBG.jpg,1365,1183,drysand,2
FRF_c1_snap_20151029160000_EBG.jpg,997,729,drysand,2
FRF_c1_snap_20151029160000_EBG.jpg,1566,1832,drysand,2
FRF_c1_snap_20151029160000_EBG.jpg,1273,1391,drysand,2
FRF_c1_snap_20151029160000_EBG.jpg,1088,1168,drysand,2
FRF_c1_snap_20151029160000_EBG.jpg,1208,1314,drysand,2
FRF_c1_snap_20151029160000_EBG.jpg,1631,1598,drysand,2
FRF_c1_snap_20151029160000_EBG.jpg,1324,1527,drysand,2
FRF_c1_snap_20151029160000_EBG.jpg,1447,1628,drysand,2
FRF_c1_snap_20151029160000_EBG.jpg,1136,951,drysand,2
FRF_c1_snap_20151029160000_EBG.jpg,1074,866,drysand,2
FRF_c1_snap_20151029160000_EBG.jpg,914,955,drysand,2
FRF_c1_snap_20151029160000_EBG.jpg,1359,1507,drysand,2
FRF_c1_snap_20151029160000_EBG.jpg,1225,1279,drysand,2
FRF_c1_snap_20151029160000_EBG.jpg,1617,1527,drysand,2
FRF_c1_snap_20151029160000_EBG.jpg,1649,1436,drysand,2
FRF_c1_snap_20151029160000_EBG.jpg,1713,1635,drysand,2
FRF_c1_snap_20151029160000_EBG.jpg,1655,1527,drysand,2
FRF_c1_snap_20151029160000_EBG.jpg,1271,1138,drysand,2
FRF_c1_snap_20151029160000_EBG.jpg,1584,1465,drysand,2
FRF_c1_snap_20151029160000_EBG.jpg,994,721,drysand,2
FRF_c1_snap_20151029160000_EBG.jpg,1383,1741,drysand,2
FRF_c1_snap_20151029160000_EBG.jpg,1050,917,drysand,2
FRF_c1_snap_20151029160000_EBG.jpg,900,753,drysand,2
FRF_c1_snap_20151029160000_EBG.jpg,1292,1225,drysand,2
FRF_c1_snap_20151029160000_EBG.jpg,1450,1234,drysand,2
FRF_c1_snap_20151029160000_EBG.jpg,1333,1658,drysand,2
FRF_c1_snap_20151029160000_EBG.jpg,1413,1193,drysand,2
FRF_c1_snap_20151029160000_EBG.jpg,1189,1390,drysand,2
FRF_c1_snap_20151029160000_EBG.jpg,850,704,drysand,2
FRF_c1_snap_20151029160000_EBG.jpg,1369,1669,drysand,2
FRF_c1_snap_20151029160000_EBG.jpg,1401,1635,drysand,2
FRF_c1_snap_20151029160000_EBG.jpg,1211,1143,drysand,2
FRF_c1_snap_20151029160000_EBG.jpg,971,973,drysand,2
FRF_c1_snap_20151029160000_EBG.jpg,1308,1248,drysand,2
FRF_c1_snap_20151029160000_EBG.jpg,1765,1741,drysand,2
FRF_c1_snap_20151029160000_EBG.jpg,1487,1478,drysand,2
FRF_c1_snap_20151029160000_EBG.jpg,1257,1430,drysand,2
FRF_c1_snap_20151029160000_EBG.jpg,1048,853,drysand,2
FRF_c1_snap_20151029160000_EBG.jpg,1754,1869,drysand,2
FRF_c1_snap_20151029160000_EBG.jpg,1170,1220,drysand,2
FRF_c1_snap_20151029160000_EBG.jpg,1225,1435,drysand,2
FRF_c1_snap_20151029160000_EBG.jpg,1294,1388,drysand,2
FRF_c1_snap_20151029160000_EBG.jpg,1219,1044,drysand,2
FRF_c1_snap_20151029160000_EBG.jpg,1760,1406,drysand,2
FRF_c1_snap_20151029160000_EBG.jpg,1451,1261,drysand,2
FRF_c1_snap_20151029160000_EBG.jpg,1442,1671,drysand,2
FRF_c1_snap_20151029160000_EBG.jpg,1230,1188,drysand,2
FRF_c1_snap_20151029160000_EBG.jpg,1477,1424,drysand,2
FRF_c1_snap_20151029160000_EBG.jpg,899,891,drysand,2
FRF_c1_snap_20151029160000_EBG.jpg,1313,1152,drysand,2
FRF_c1_snap_20151029160000_EBG.jpg,1420,1673,drysand,2
FRF_c1_snap_20151029160000_EBG.jpg,860,663,drysand,2
FRF_c1_snap_20151029160000_EBG.jpg,918,935,drysand,2
FRF_c1_snap_20151029160000_EBG.jpg,1279,1463,drysand,2
FRF_c1_snap_20151029160000_EBG.jpg,1344,1170,drysand,2
FRF_c1_snap_20151029160000_EBG.jpg,1646,1829,drysand,2
FRF_c1_snap_20151029160000_EBG.jpg,1000,903,drysand,2
FRF_c1_snap_20151029160000_EBG.jpg,1730,1602,drysand,2
FRF_c1_snap_20151029160000_EBG.jpg,1634,1972,drysand,2
FRF_c1_snap_20151029160000_EBG.jpg,1059,1049,drysand,2
FRF_c1_snap_20151029160000_EBG.jpg,1762,1654,drysand,2
FRF_c1_snap_20151029160000_EBG.jpg,1544,1938,drysand,2
FRF_c1_snap_20151029160000_EBG.jpg,1523,1747,drysand,2
FRF_c1_snap_20151029160000_EBG.jpg,1130,1256,drysand,2
FRF_c1_snap_20151029160000_EBG.jpg,1402,1575,drysand,2
FRF_c1_snap_20151029160000_EBG.jpg,1725,1673,drysand,2
FRF_c1_snap_20151029160000_EBG.jpg,1194,1080,drysand,2
FRF_c1_snap_20151029160000_EBG.jpg,1701,1716,drysand,2
FRF_c1_snap_20151029160000_EBG.jpg,1363,1191,drysand,2
FRF_c1_snap_20151029160000_EBG.jpg,1545,1788,drysand,2
FRF_c1_snap_20151029160000_EBG.jpg,1436,1499,drysand,2
FRF_c1_snap_20151029160000_EBG.jpg,1021,1599,vegetation,3
FRF_c1_snap_20151029160000_EBG.jpg,1183,1889,vegetation,3
FRF_c1_snap_20151029160000_EBG.jpg,693,829,vegetation,3
FRF_c1_snap_20151029160000_EBG.jpg,1034,1276,vegetation,3
FRF_c1_snap_20151029160000_EBG.jpg,946,1762,vegetation,3
FRF_c1_snap_20151029160000_EBG.jpg,929,1316,vegetation,3
FRF_c1_snap_20151029160000_EBG.jpg,1063,1739,vegetation,3
FRF_c1_snap_20151029160000_EBG.jpg,631,1769,vegetation,3
FRF_c1_snap_20151029160000_EBG.jpg,1247,1972,vegetation,3
FRF_c1_snap_20151029160000_EBG.jpg,1043,1461,vegetation,3
FRF_c1_snap_20151029160000_EBG.jpg,1175,1570,vegetation,3
FRF_c1_snap_20151029160000_EBG.jpg,878,1191,vegetation,3
FRF_c1_snap_20151029160000_EBG.jpg,1126,1976,vegetation,3
FRF_c1_snap_20151029160000_EBG.jpg,1006,1340,vegetation,3
FRF_c1_snap_20151029160000_EBG.jpg,913,1241,vegetation,3
FRF_c1_snap_20151029160000_EBG.jpg,868,1395,vegetation,3
FRF_c1_snap_20151029160000_EBG.jpg,779,1533,vegetation,3
FRF_c1_snap_20151029160000_EBG.jpg,676,1519,vegetation,3
FRF_c1_snap_20151029160000_EBG.jpg,860,1073,vegetation,3
FRF_c1_snap_20151029160000_EBG.jpg,614,1943,vegetation,3
FRF_c1_snap_20151029160000_EBG.jpg,1126,1782,vegetation,3
FRF_c1_snap_20151029160000_EBG.jpg,1118,1474,vegetation,3
FRF_c1_snap_20151029160000_EBG.jpg,949,1616,vegetation,3
FRF_c1_snap_20151029160000_EBG.jpg,1033,1886,vegetation,3
FRF_c1_snap_20151029160000_EBG.jpg,1226,1494,vegetation,3
FRF_c1_snap_20151029160000_EBG.jpg,1032,1364,vegetation,3
FRF_c1_snap_20151029160000_EBG.jpg,983,1463,vegetation,3
FRF_c1_snap_20151029160000_EBG.jpg,1005,1223,vegetation,3
FRF_c1_snap_20151029160000_EBG.jpg,789,918,vegetation,3
FRF_c1_snap_20151029160000_EBG.jpg,761,1892,vegetation,3
FRF_c1_snap_20151029160000_EBG.jpg,1062,1631,vegetation,3
FRF_c1_snap_20151029160000_EBG.jpg,835,1906,vegetation,3
FRF_c1_snap_20151029160000_EBG.jpg,710,1242,vegetation,3
FRF_c1_snap_20151029160000_EBG.jpg,1237,1572,vegetation,3
FRF_c1_snap_20151029160000_EBG.jpg,1028,1139,vegetation,3
FRF_c1_snap_20151029160000_EBG.jpg,1258,1974,vegetation,3
FRF_c1_snap_20151029160000_EBG.jpg,633,1779,vegetation,3
FRF_c1_snap_20151029160000_EBG.jpg,1075,1929,vegetation,3
FRF_c1_snap_20151029160000_EBG.jpg,1247,1484,vegetation,3
FRF_c1_snap_20151029160000_EBG.jpg,575,1984,vegetation,3
FRF_c1_snap_20151029160000_EBG.jpg,200,1907,vegetation,3
FRF_c1_snap_20151029160000_EBG.jpg,462,1516,vegetation,3
FRF_c1_snap_20151029160000_EBG.jpg,182,1897,vegetation,3
FRF_c1_snap_20151029160000_EBG.jpg,498,900,vegetation,3
FRF_c1_snap_20151029160000_EBG.jpg,102,1153,vegetation,3
FRF_c1_snap_20151029160000_EBG.jpg,80,1137,vegetation,3
FRF_c1_snap_20151029160000_EBG.jpg,421,1761,vegetation,3
FRF_c1_snap_20151029160000_EBG.jpg,322,937,vegetation,3
FRF_c1_snap_20151029160000_EBG.jpg,532,873,vegetation,3
FRF_c1_snap_20151029160000_EBG.jpg,435,1688,vegetation,3
FRF_c1_snap_20151029160000_EBG.jpg,142,1143,vegetation,3
FRF_c1_snap_20151029160000_EBG.jpg,494,1713,vegetation,3
FRF_c1_snap_20151029160000_EBG.jpg,450,1019,vegetation,3
FRF_c1_snap_20151029160000_EBG.jpg,144,1524,vegetation,3
FRF_c1_snap_20151029160000_EBG.jpg,196,1048,vegetation,3
FRF_c1_snap_20151029160000_EBG.jpg,41,1430,vegetation,3
FRF_c1_snap_20151029160000_EBG.jpg,232,1603,vegetation,3
FRF_c1_snap_20151029160000_EBG.jpg,167,1515,vegetation,3
FRF_c1_snap_20151029160000_EBG.jpg,495,1234,vegetation,3
FRF_c1_snap_20151029160000_EBG.jpg,460,1239,vegetation,3
FRF_c1_snap_20151029160000_EBG.jpg,457,1345,vegetation,3
FRF_c1_snap_20151029160000_EBG.jpg,420,893,vegetation,3
FRF_c1_snap_20151029160000_EBG.jpg,545,1436,vegetation,3
FRF_c1_snap_20151029160000_EBG.jpg,42,1308,vegetation,3
FRF_c1_snap_20151029160000_EBG.jpg,57,1885,vegetation,3
FRF_c1_snap_20151029160000_EBG.jpg,390,1631,vegetation,3
FRF_c1_snap_20151029160000_EBG.jpg,94,1854,vegetation,3
FRF_c1_snap_20151029160000_EBG.jpg,434,1762,vegetation,3
FRF_c1_snap_20151029160000_EBG.jpg,121,1102,vegetation,3
FRF_c1_snap_20151029160000_EBG.jpg,411,1969,vegetation,3
FRF_c1_snap_20151029160000_EBG.jpg,245,974,vegetation,3
FRF_c1_snap_20151029160000_EBG.jpg,521,1158,vegetation,3
FRF_c1_snap_20151029160000_EBG.jpg,203,1228,vegetation,3
FRF_c1_snap_20151029160000_EBG.jpg,219,1117,vegetation,3
FRF_c1_snap_20151029160000_EBG.jpg,209,1032,vegetation,3
FRF_c1_snap_20151029160000_EBG.jpg,500,1421,vegetation,3
FRF_c1_snap_20151029160000_EBG.jpg,97,978,vegetation,3
FRF_c1_snap_20151029160000_EBG.jpg,54,1222,vegetation,3
FRF_c1_snap_20151029160000_EBG.jpg,299,1635,vegetation,3
FRF_c1_snap_20151029160000_EBG.jpg,166,1389,vegetation,3
FRF_c1_snap_20151029160000_EBG.jpg,1225,1296,heavies,4
FRF_c1_snap_20151029160000_EBG.jpg,1370,1304,heavies,4
FRF_c1_snap_20151029160000_EBG.jpg,1227,1316,heavies,4
FRF_c1_snap_20151029160000_EBG.jpg,1273,1355,heavies,4
FRF_c1_snap_20151029160000_EBG.jpg,1337,1428,heavies,4
FRF_c1_snap_20151029160000_EBG.jpg,1328,1430,heavies,4
FRF_c1_snap_20151029160000_EBG.jpg,1334,1457,heavies,4
FRF_c1_snap_20151029160000_EBG.jpg,1240,1323,heavies,4
FRF_c1_snap_20151029160000_EBG.jpg,1386,1310,heavies,4
FRF_c1_snap_20151029160000_EBG.jpg,1420,1320,heavies,4
FRF_c1_snap_20151029160000_EBG.jpg,1408,1402,heavies,4
FRF_c1_snap_20151029160000_EBG.jpg,1308,1276,heavies,4
FRF_c1_snap_20151029160000_EBG.jpg,1230,1316,heavies,4
FRF_c1_snap_20151029160000_EBG.jpg,1346,1390,heavies,4
FRF_c1_snap_20151029160000_EBG.jpg,1330,1293,heavies,4
FRF_c1_snap_20151029160000_EBG.jpg,1345,1443,heavies,4
FRF_c1_snap_20151029160000_EBG.jpg,1526,1217,heavies,4
FRF_c1_snap_20151029160000_EBG.jpg,1520,1214,heavies,4
FRF_c1_snap_20151029160000_EBG.jpg,1230,1307,heavies,4
FRF_c1_snap_20151029160000_EBG.jpg,1317,1512,heavies,4
FRF_c1_snap_20151029160000_EBG.jpg,1340,1464,heavies,4
FRF_c1_snap_20151029160000_EBG.jpg,1217,1295,heavies,4
FRF_c1_snap_20151029160000_EBG.jpg,1376,1317,heavies,4
FRF_c1_snap_20151029160000_EBG.jpg,1347,1330,heavies,4
FRF_c1_snap_20151029160000_EBG.jpg,1437,1170,heavies,4
FRF_c1_snap_20151029160000_EBG.jpg,1361,1412,heavies,4
FRF_c1_snap_20151029160000_EBG.jpg,1465,1183,heavies,4
FRF_c1_snap_20151029160000_EBG.jpg,1393,1307,heavies,4
FRF_c1_snap_20151029160000_EBG.jpg,1340,1398,heavies,4
FRF_c1_snap_20151029160000_EBG.jpg,1322,1503,heavies,4
FRF_c1_snap_20151029160000_EBG.jpg,1373,1407,heavies,4
FRF_c1_snap_20151029160000_EBG.jpg,1148,1263,heavies,4
FRF_c1_snap_20151029160000_EBG.jpg,1329,1505,heavies,4
FRF_c1_snap_20151029160000_EBG.jpg,1377,1316,heavies,4
FRF_c1_snap_20151029160000_EBG.jpg,1205,1302,heavies,4
FRF_c1_snap_20151029160000_EBG.jpg,1285,1344,heavies,4
FRF_c1_snap_20151029160000_EBG.jpg,1280,1330,heavies,4
FRF_c1_snap_20151029160000_EBG.jpg,1337,1402,heavies,4
FRF_c1_snap_20151029160000_EBG.jpg,1382,1326,heavies,4
FRF_c1_snap_20151029160000_EBG.jpg,1321,1377,heavies,4
FRF_c1_snap_20151029160000_EBG.jpg,1315,1522,heavies,4
FRF_c1_snap_20151029160000_EBG.jpg,1328,1505,heavies,4
FRF_c1_snap_20151029160000_EBG.jpg,1407,1395,heavies,4
FRF_c1_snap_20151029160000_EBG.jpg,1497,1201,heavies,4
FRF_c1_snap_20151029160000_EBG.jpg,1385,1347,heavies,4
FRF_c1_snap_20151029160000_EBG.jpg,1319,1297,heavies,4
FRF_c1_snap_20151029160000_EBG.jpg,1395,1399,heavies,4
FRF_c1_snap_20151029160000_EBG.jpg,1414,1380,heavies,4
FRF_c1_snap_20151029160000_EBG.jpg,1104,1214,heavies,4
FRF_c1_snap_20151029160000_EBG.jpg,1400,1317,heavies,4
FRF_c1_snap_20151029160000_EBG.jpg,1384,1333,heavies,4
FRF_c1_snap_20151029160000_EBG.jpg,1424,1323,heavies,4
FRF_c1_snap_20151029160000_EBG.jpg,1404,1401,heavies,4
FRF_c1_snap_20151029160000_EBG.jpg,1309,1437,heavies,4
FRF_c1_snap_20151029160000_EBG.jpg,1329,1463,heavies,4
FRF_c1_snap_20151029160000_EBG.jpg,1354,1426,heavies,4
FRF_c1_snap_20151029160000_EBG.jpg,1444,1379,heavies,4
FRF_c1_snap_20151029160000_EBG.jpg,1323,1401,heavies,4
FRF_c1_snap_20151029160000_EBG.jpg,1329,1297,heavies,4
FRF_c1_snap_20151029160000_EBG.jpg,1458,1180,heavies,4
FRF_c1_snap_20151029160000_EBG.jpg,1395,1411,heavies,4
FRF_c1_snap_20151029160000_EBG.jpg,1126,1177,heavies,4
FRF_c1_snap_20151029160000_EBG.jpg,1406,1410,heavies,4
FRF_c1_snap_20151029160000_EBG.jpg,1268,1328,heavies,4
FRF_c1_snap_20151029160000_EBG.jpg,1424,1357,heavies,4
FRF_c1_snap_20151029160000_EBG.jpg,1463,1181,heavies,4
FRF_c1_snap_20151029160000_EBG.jpg,1277,1329,heavies,4
FRF_c1_snap_20151029160000_EBG.jpg,1144,1248,heavies,4
FRF_c1_snap_20151029160000_EBG.jpg,1357,1417,heavies,4
FRF_c1_snap_20151029160000_EBG.jpg,1343,1090,heavies,4
FRF_c1_snap_20151029160000_EBG.jpg,1341,1395,heavies,4
FRF_c1_snap_20151029160000_EBG.jpg,1341,1293,heavies,4
FRF_c1_snap_20151029160000_EBG.jpg,1443,1375,heavies,4
FRF_c1_snap_20151029160000_EBG.jpg,1400,1402,heavies,4
FRF_c1_snap_20151029160000_EBG.jpg,1327,1426,heavies,4
FRF_c1_snap_20151029160000_EBG.jpg,1234,1313,heavies,4
FRF_c1_snap_20151029160000_EBG.jpg,1350,1491,heavies,4
FRF_c1_snap_20151029160000_EBG.jpg,1346,1320,heavies,4
FRF_c1_snap_20151029160000_EBG.jpg,1437,1172,heavies,4
FRF_c1_snap_20151029160000_EBG.jpg,1244,1341,heavies,4
FRF_c1_snap_20151029160000_EBG.jpg,1542,1331,lag,5
FRF_c1_snap_20151029160000_EBG.jpg,1607,1377,lag,5
FRF_c1_snap_20151029160000_EBG.jpg,1520,1437,lag,5
FRF_c1_snap_20151029160000_EBG.jpg,1574,1351,lag,5
FRF_c1_snap_20151029160000_EBG.jpg,1647,1332,lag,5
FRF_c1_snap_20151029160000_EBG.jpg,916,787,lag,5
FRF_c1_snap_20151029160000_EBG.jpg,1316,1709,lag,5
FRF_c1_snap_20151029160000_EBG.jpg,1516,1449,lag,5
FRF_c1_snap_20151029160000_EBG.jpg,1580,1400,lag,5
FRF_c1_snap_20151029160000_EBG.jpg,1568,1439,lag,5
FRF_c1_snap_20151029160000_EBG.jpg,1575,1356,lag,5
FRF_c1_snap_20151029160000_EBG.jpg,1677,1377,lag,5
FRF_c1_snap_20151029160000_EBG.jpg,1606,1338,lag,5
FRF_c1_snap_20151029160000_EBG.jpg,1543,1329,lag,5
FRF_c1_snap_20151029160000_EBG.jpg,1659,1348,lag,5
FRF_c1_snap_20151029160000_EBG.jpg,1582,1335,lag,5
FRF_c1_snap_20151029160000_EBG.jpg,1675,1366,lag,5
FRF_c1_snap_20151029160000_EBG.jpg,1330,1727,lag,5
FRF_c1_snap_20151029160000_EBG.jpg,1708,1389,lag,5
FRF_c1_snap_20151029160000_EBG.jpg,1578,1321,lag,5
FRF_c1_snap_20151029160000_EBG.jpg,831,790,lag,5
FRF_c1_snap_20151029160000_EBG.jpg,1567,1465,lag,5
FRF_c1_snap_20151029160000_EBG.jpg,1293,1417,lag,5
FRF_c1_snap_20151029160000_EBG.jpg,1611,1369,lag,5
FRF_c1_snap_20151029160000_EBG.jpg,1635,1406,lag,5
FRF_c1_snap_20151029160000_EBG.jpg,1617,1341,lag,5
FRF_c1_snap_20151029160000_EBG.jpg,1664,1384,lag,5
FRF_c1_snap_20151029160000_EBG.jpg,1546,1457,lag,5
FRF_c1_snap_20151029160000_EBG.jpg,1562,1418,lag,5
FRF_c1_snap_20151029160000_EBG.jpg,1606,1309,lag,5
FRF_c1_snap_20151029160000_EBG.jpg,1540,1445,lag,5
FRF_c1_snap_20151029160000_EBG.jpg,1649,1389,lag,5
FRF_c1_snap_20151029160000_EBG.jpg,1127,1192,lag,5
FRF_c1_snap_20151029160000_EBG.jpg,1525,1470,lag,5
FRF_c1_snap_20151029160000_EBG.jpg,1127,1190,lag,5
FRF_c1_snap_20151029160000_EBG.jpg,897,780,lag,5
FRF_c1_snap_20151029160000_EBG.jpg,870,771,lag,5
FRF_c1_snap_20151029160000_EBG.jpg,1558,1411,lag,5
FRF_c1_snap_20151029160000_EBG.jpg,927,775,lag,5
FRF_c1_snap_20151029160000_EBG.jpg,1580,1312,lag,5
FRF_c1_snap_20151029160000_EBG.jpg,1610,1305,lag,5
FRF_c1_snap_20151029160000_EBG.jpg,1634,1404,lag,5
FRF_c1_snap_20151029160000_EBG.jpg,1606,1377,lag,5
FRF_c1_snap_20151029160000_EBG.jpg,958,785,lag,5
FRF_c1_snap_20151029160000_EBG.jpg,1568,1477,lag,5
FRF_c1_snap_20151029160000_EBG.jpg,1582,1340,lag,5
FRF_c1_snap_20151029160000_EBG.jpg,1523,1355,lag,5
FRF_c1_snap_20151029160000_EBG.jpg,1316,1717,lag,5
FRF_c1_snap_20151029160000_EBG.jpg,1686,1381,lag,5
FRF_c1_snap_20151029160000_EBG.jpg,865,791,lag,5
FRF_c1_snap_20151029160000_EBG.jpg,1701,1357,lag,5
FRF_c1_snap_20151029160000_EBG.jpg,1620,1363,lag,5
FRF_c1_snap_20151029160000_EBG.jpg,1705,1397,lag,5
FRF_c1_snap_20151029160000_EBG.jpg,1585,1456,lag,5
FRF_c1_snap_20151029160000_EBG.jpg,1137,1201,lag,5
FRF_c1_snap_20151029160000_EBG.jpg,962,793,lag,5
FRF_c1_snap_20151029160000_EBG.jpg,1649,1323,lag,5
FRF_c1_snap_20151029160000_EBG.jpg,1536,1443,lag,5
FRF_c1_snap_20151029160000_EBG.jpg,1674,1391,lag,5
FRF_c1_snap_20151029160000_EBG.jpg,1581,1344,lag,5
FRF_c1_snap_20151029160000_EBG.jpg,1569,1323,lag,5
FRF_c1_snap_20151029160000_EBG.jpg,1660,1365,lag,5
FRF_c1_snap_20151029160000_EBG.jpg,865,779,lag,5
FRF_c1_snap_20151029160000_EBG.jpg,1576,1431,lag,5
FRF_c1_snap_20151029160000_EBG.jpg,1694,1396,lag,5
FRF_c1_snap_20151029160000_EBG.jpg,1548,1334,lag,5
FRF_c1_snap_20151029160000_EBG.jpg,1633,1397,lag,5
FRF_c1_snap_20151029160000_EBG.jpg,1552,1452,lag,5
FRF_c1_snap_20151029160000_EBG.jpg,1610,1366,lag,5
FRF_c1_snap_20151029160000_EBG.jpg,1014,778,lag,5
FRF_c1_snap_20151029160000_EBG.jpg,1522,1342,lag,5
FRF_c1_snap_20151029160000_EBG.jpg,1655,1325,lag,5
FRF_c1_snap_20151029160000_EBG.jpg,1693,1398,lag,5
FRF_c1_snap_20151029160000_EBG.jpg,1654,1325,lag,5
FRF_c1_snap_20151029160000_EBG.jpg,1664,1367,lag,5
FRF_c1_snap_20151029160000_EBG.jpg,1588,1338,lag,5
FRF_c1_snap_20151029160000_EBG.jpg,1561,1309,lag,5
FRF_c1_snap_20151029160000_EBG.jpg,1619,1346,lag,5
FRF_c1_snap_20151029160000_EBG.jpg,1662,1354,lag,5
FRF_c1_snap_20151029160000_EBG.jpg,1611,1313,lag,5
FRF_c1_snap_20160217160000_EBG.jpg,2069,827,background,0
FRF_c1_snap_20160217160000_EBG.jpg,2360,1086,background,0
FRF_c1_snap_20160217160000_EBG.jpg,1801,897,background,0
FRF_c1_snap_20160217160000_EBG.jpg,2254,1058,background,0
FRF_c1_snap_20160217160000_EBG.jpg,2194,1065,background,0
FRF_c1_snap_20160217160000_EBG.jpg,1552,742,background,0
FRF_c1_snap_20160217160000_EBG.jpg,1261,588,background,0
FRF_c1_snap_20160217160000_EBG.jpg,752,666,background,0
FRF_c1_snap_20160217160000_EBG.jpg,1779,822,background,0
FRF_c1_snap_20160217160000_EBG.jpg,1954,970,background,0
FRF_c1_snap_20160217160000_EBG.jpg,2226,1149,background,0
FRF_c1_snap_20160217160000_EBG.jpg,2195,1129,background,0
FRF_c1_snap_20160217160000_EBG.jpg,1247,553,background,0
FRF_c1_snap_20160217160000_EBG.jpg,2357,1204,background,0
FRF_c1_snap_20160217160000_EBG.jpg,1204,530,background,0
FRF_c1_snap_20160217160000_EBG.jpg,1800,969,background,0
FRF_c1_snap_20160217160000_EBG.jpg,1182,1646,background,0
FRF_c1_snap_20160217160000_EBG.jpg,2303,1063,background,0
FRF_c1_snap_20160217160000_EBG.jpg,2245,1231,background,0
FRF_c1_snap_20160217160000_EBG.jpg,1303,598,background,0
FRF_c1_snap_20160217160000_EBG.jpg,1926,799,background,0
FRF_c1_snap_20160217160000_EBG.jpg,1719,857,background,0
FRF_c1_snap_20160217160000_EBG.jpg,2332,1131,background,0
FRF_c1_snap_20160217160000_EBG.jpg,1866,939,background,0
FRF_c1_snap_20160217160000_EBG.jpg,1556,660,background,0
FRF_c1_snap_20160217160000_EBG.jpg,2394,959,background,0
FRF_c1_snap_20160217160000_EBG.jpg,1819,752,background,0
FRF_c1_snap_20160217160000_EBG.jpg,2309,1178,background,0
FRF_c1_snap_20160217160000_EBG.jpg,818,714,background,0
FRF_c1_snap_20160217160000_EBG.jpg,2192,860,background,0
FRF_c1_snap_20160217160000_EBG.jpg,2101,903,background,0
FRF_c1_snap_20160217160000_EBG.jpg,1542,604,background,0
FRF_c1_snap_20160217160000_EBG.jpg,1959,756,background,0
FRF_c1_snap_20160217160000_EBG.jpg,687,781,background,0
FRF_c1_snap_20160217160000_EBG.jpg,2234,918,background,0
FRF_c1_snap_20160217160000_EBG.jpg,2246,1290,background,0
FRF_c1_snap_20160217160000_EBG.jpg,1541,637,background,0
FRF_c1_snap_20160217160000_EBG.jpg,1996,978,background,0
FRF_c1_snap_20160217160000_EBG.jpg,1634,691,background,0
FRF_c1_snap_20160217160000_EBG.jpg,1957,887,background,0
FRF_c1_snap_20160217160000_EBG.jpg,233,622,background,0
FRF_c1_snap_20160217160000_EBG.jpg,322,414,background,0
FRF_c1_snap_20160217160000_EBG.jpg,172,517,background,0
FRF_c1_snap_20160217160000_EBG.jpg,348,507,background,0
FRF_c1_snap_20160217160000_EBG.jpg,455,622,background,0
FRF_c1_snap_20160217160000_EBG.jpg,263,302,background,0
FRF_c1_snap_20160217160000_EBG.jpg,388,604,background,0
FRF_c1_snap_20160217160000_EBG.jpg,46,675,background,0
FRF_c1_snap_20160217160000_EBG.jpg,403,407,background,0
FRF_c1_snap_20160217160000_EBG.jpg,99,291,background,0
FRF_c1_snap_20160217160000_EBG.jpg,71,509,background,0
FRF_c1_snap_20160217160000_EBG.jpg,556,558,background,0
FRF_c1_snap_20160217160000_EBG.jpg,91,647,background,0
FRF_c1_snap_20160217160000_EBG.jpg,255,310,background,0
FRF_c1_snap_20160217160000_EBG.jpg,221,492,background,0
FRF_c1_snap_20160217160000_EBG.jpg,205,455,background,0
FRF_c1_snap_20160217160000_EBG.jpg,450,621,background,0
FRF_c1_snap_20160217160000_EBG.jpg,200,562,background,0
FRF_c1_snap_20160217160000_EBG.jpg,169,259,background,0
FRF_c1_snap_20160217160000_EBG.jpg,43,465,background,0
FRF_c1_snap_20160217160000_EBG.jpg,238,481,background,0
FRF_c1_snap_20160217160000_EBG.jpg,111,409,background,0
FRF_c1_snap_20160217160000_EBG.jpg,201,582,background,0
FRF_c1_snap_20160217160000_EBG.jpg,135,254,background,0
FRF_c1_snap_20160217160000_EBG.jpg,151,297,background,0
FRF_c1_snap_20160217160000_EBG.jpg,45,299,background,0
FRF_c1_snap_20160217160000_EBG.jpg,87,603,background,0
FRF_c1_snap_20160217160000_EBG.jpg,189,385,background,0
FRF_c1_snap_20160217160000_EBG.jpg,396,567,background,0
FRF_c1_snap_20160217160000_EBG.jpg,254,571,background,0
FRF_c1_snap_20160217160000_EBG.jpg,78,273,background,0
FRF_c1_snap_20160217160000_EBG.jpg,296,591,background,0
FRF_c1_snap_20160217160000_EBG.jpg,408,610,background,0
FRF_c1_snap_20160217160000_EBG.jpg,109,673,background,0
FRF_c1_snap_20160217160000_EBG.jpg,110,488,background,0
FRF_c1_snap_20160217160000_EBG.jpg,49,569,background,0
FRF_c1_snap_20160217160000_EBG.jpg,122,270,background,0
FRF_c1_snap_20160217160000_EBG.jpg,371,613,background,0
FRF_c1_snap_20160217160000_EBG.jpg,94,498,background,0
FRF_c1_snap_20160217160000_EBG.jpg,85,344,background,0
FRF_c1_snap_20160217160000_EBG.jpg,1585,892,wetsand,1
FRF_c1_snap_20160217160000_EBG.jpg,1715,880,wetsand,1
FRF_c1_snap_20160217160000_EBG.jpg,1205,706,wetsand,1
FRF_c1_snap_20160217160000_EBG.jpg,1441,778,wetsand,1
FRF_c1_snap_20160217160000_EBG.jpg,1414,825,wetsand,1
FRF_c1_snap_20160217160000_EBG.jpg,2164,1248,wetsand,1
FRF_c1_snap_20160217160000_EBG.jpg,1379,792,wetsand,1
FRF_c1_snap_20160217160000_EBG.jpg,1162,662,wetsand,1
FRF_c1_snap_20160217160000_EBG.jpg,1611,880,wetsand,1
FRF_c1_snap_20160217160000_EBG.jpg,1535,900,wetsand,1
FRF_c1_snap_20160217160000_EBG.jpg,1914,1085,wetsand,1
FRF_c1_snap_20160217160000_EBG.jpg,1566,913,wetsand,1
FRF_c1_snap_20160217160000_EBG.jpg,1347,672,wetsand,1
FRF_c1_snap_20160217160000_EBG.jpg,1535,827,wetsand,1
FRF_c1_snap_20160217160000_EBG.jpg,2172,1275,wetsand,1
FRF_c1_snap_20160217160000_EBG.jpg,1367,691,wetsand,1
FRF_c1_snap_20160217160000_EBG.jpg,1864,1034,wetsand,1
FRF_c1_snap_20160217160000_EBG.jpg,1313,730,wetsand,1
FRF_c1_snap_20160217160000_EBG.jpg,2033,1188,wetsand,1
FRF_c1_snap_20160217160000_EBG.jpg,1975,1143,wetsand,1
FRF_c1_snap_20160217160000_EBG.jpg,1719,870,wetsand,1
FRF_c1_snap_20160217160000_EBG.jpg,2392,1472,wetsand,1
FRF_c1_snap_20160217160000_EBG.jpg,1375,733,wetsand,1
FRF_c1_snap_20160217160000_EBG.jpg,1179,643,wetsand,1
FRF_c1_snap_20160217160000_EBG.jpg,1401,800,wetsand,1
FRF_c1_snap_20160217160000_EBG.jpg,1843,1089,wetsand,1
FRF_c1_snap_20160217160000_EBG.jpg,1425,762,wetsand,1
FRF_c1_snap_20160217160000_EBG.jpg,1941,1107,wetsand,1
FRF_c1_snap_20160217160000_EBG.jpg,1244,687,wetsand,1
FRF_c1_snap_20160217160000_EBG.jpg,1824,1080,wetsand,1
FRF_c1_snap_20160217160000_EBG.jpg,1517,824,wetsand,1
FRF_c1_snap_20160217160000_EBG.jpg,1532,869,wetsand,1
FRF_c1_snap_20160217160000_EBG.jpg,1473,749,wetsand,1
FRF_c1_snap_20160217160000_EBG.jpg,1972,1083,wetsand,1
FRF_c1_snap_20160217160000_EBG.jpg,1408,809,wetsand,1
FRF_c1_snap_20160217160000_EBG.jpg,1665,864,wetsand,1
FRF_c1_snap_20160217160000_EBG.jpg,2040,1145,wetsand,1
FRF_c1_snap_20160217160000_EBG.jpg,1102,642,wetsand,1
FRF_c1_snap_20160217160000_EBG.jpg,1824,1044,wetsand,1
FRF_c1_snap_20160217160000_EBG.jpg,1642,928,wetsand,1
FRF_c1_snap_20160217160000_EBG.jpg,2052,1148,wetsand,1
FRF_c1_snap_20160217160000_EBG.jpg,2411,1379,wetsand,1
FRF_c1_snap_20160217160000_EBG.jpg,1609,885,wetsand,1
FRF_c1_snap_20160217160000_EBG.jpg,1979,1147,wetsand,1
FRF_c1_snap_20160217160000_EBG.jpg,1372,674,wetsand,1
FRF_c1_snap_20160217160000_EBG.jpg,2411,1485,wetsand,1
FRF_c1_snap_20160217160000_EBG.jpg,1196,663,wetsand,1
FRF_c1_snap_20160217160000_EBG.jpg,1609,915,wetsand,1
FRF_c1_snap_20160217160000_EBG.jpg,1281,750,wetsand,1
FRF_c1_snap_20160217160000_EBG.jpg,1521,824,wetsand,1
FRF_c1_snap_20160217160000_EBG.jpg,1973,1089,wetsand,1
FRF_c1_snap_20160217160000_EBG.jpg,1363,699,wetsand,1
FRF_c1_snap_20160217160000_EBG.jpg,1932,1117,wetsand,1
FRF_c1_snap_20160217160000_EBG.jpg,1296,691,wetsand,1
FRF_c1_snap_20160217160000_EBG.jpg,1574,895,wetsand,1
FRF_c1_snap_20160217160000_EBG.jpg,1258,758,wetsand,1
FRF_c1_snap_20160217160000_EBG.jpg,1433,803,wetsand,1
FRF_c1_snap_20160217160000_EBG.jpg,1415,743,wetsand,1
FRF_c1_snap_20160217160000_EBG.jpg,1657,892,wetsand,1
FRF_c1_snap_20160217160000_EBG.jpg,1308,736,wetsand,1
FRF_c1_snap_20160217160000_EBG.jpg,1669,884,wetsand,1
FRF_c1_snap_20160217160000_EBG.jpg,2115,1229,wetsand,1
FRF_c1_snap_20160217160000_EBG.jpg,1987,1080,wetsand,1
FRF_c1_snap_20160217160000_EBG.jpg,1607,916,wetsand,1
FRF_c1_snap_20160217160000_EBG.jpg,1447,774,wetsand,1
FRF_c1_snap_20160217160000_EBG.jpg,1627,857,wetsand,1
FRF_c1_snap_20160217160000_EBG.jpg,1475,845,wetsand,1
FRF_c1_snap_20160217160000_EBG.jpg,1326,712,wetsand,1
FRF_c1_snap_20160217160000_EBG.jpg,2408,1434,wetsand,1
FRF_c1_snap_20160217160000_EBG.jpg,1248,754,wetsand,1
FRF_c1_snap_20160217160000_EBG.jpg,1365,733,wetsand,1
FRF_c1_snap_20160217160000_EBG.jpg,1412,837,wetsand,1
FRF_c1_snap_20160217160000_EBG.jpg,1231,725,wetsand,1
FRF_c1_snap_20160217160000_EBG.jpg,2223,1311,wetsand,1
FRF_c1_snap_20160217160000_EBG.jpg,2406,1409,wetsand,1
FRF_c1_snap_20160217160000_EBG.jpg,2203,1312,wetsand,1
FRF_c1_snap_20160217160000_EBG.jpg,1592,883,wetsand,1
FRF_c1_snap_20160217160000_EBG.jpg,1453,795,wetsand,1
FRF_c1_snap_20160217160000_EBG.jpg,1362,694,wetsand,1
FRF_c1_snap_20160217160000_EBG.jpg,1463,773,wetsand,1
FRF_c1_snap_20160217160000_EBG.jpg,1790,1599,drysand,2
FRF_c1_snap_20160217160000_EBG.jpg,1650,1937,drysand,2
FRF_c1_snap_20160217160000_EBG.jpg,1974,1877,drysand,2
FRF_c1_snap_20160217160000_EBG.jpg,1670,1210,drysand,2
FRF_c1_snap_20160217160000_EBG.jpg,2343,1717,drysand,2
FRF_c1_snap_20160217160000_EBG.jpg,1450,1221,drysand,2
FRF_c1_snap_20160217160000_EBG.jpg,1317,1266,drysand,2
FRF_c1_snap_20160217160000_EBG.jpg,2199,1649,drysand,2
FRF_c1_snap_20160217160000_EBG.jpg,1355,1353,drysand,2
FRF_c1_snap_20160217160000_EBG.jpg,1186,750,drysand,2
FRF_c1_snap_20160217160000_EBG.jpg,1338,880,drysand,2
FRF_c1_snap_20160217160000_EBG.jpg,1290,1269,drysand,2
FRF_c1_snap_20160217160000_EBG.jpg,1371,870,drysand,2
FRF_c1_snap_20160217160000_EBG.jpg,1638,1505,drysand,2
FRF_c1_snap_20160217160000_EBG.jpg,2331,1929,drysand,2
FRF_c1_snap_20160217160000_EBG.jpg,916,752,drysand,2
FRF_c1_snap_20160217160000_EBG.jpg,2337,1962,drysand,2
FRF_c1_snap_20160217160000_EBG.jpg,1435,1164,drysand,2
FRF_c1_snap_20160217160000_EBG.jpg,1986,1802,drysand,2
FRF_c1_snap_20160217160000_EBG.jpg,2069,1909,drysand,2
FRF_c1_snap_20160217160000_EBG.jpg,1598,1016,drysand,2
FRF_c1_snap_20160217160000_EBG.jpg,1405,1836,drysand,2
FRF_c1_snap_20160217160000_EBG.jpg,2345,1565,drysand,2
FRF_c1_snap_20160217160000_EBG.jpg,1555,1044,drysand,2
FRF_c1_snap_20160217160000_EBG.jpg,2315,1780,drysand,2
FRF_c1_snap_20160217160000_EBG.jpg,1593,1823,drysand,2
FRF_c1_snap_20160217160000_EBG.jpg,930,710,drysand,2
FRF_c1_snap_20160217160000_EBG.jpg,1244,1008,drysand,2
FRF_c1_snap_20160217160000_EBG.jpg,1512,1211,drysand,2
FRF_c1_snap_20160217160000_EBG.jpg,1412,1706,drysand,2
FRF_c1_snap_20160217160000_EBG.jpg,1325,1121,drysand,2
FRF_c1_snap_20160217160000_EBG.jpg,1010,1059,drysand,2
FRF_c1_snap_20160217160000_EBG.jpg,2175,1558,drysand,2
FRF_c1_snap_20160217160000_EBG.jpg,2148,1261,drysand,2
FRF_c1_snap_20160217160000_EBG.jpg,2112,1854,drysand,2
FRF_c1_snap_20160217160000_EBG.jpg,2013,1259,drysand,2
FRF_c1_snap_20160217160000_EBG.jpg,1500,1654,drysand,2
FRF_c1_snap_20160217160000_EBG.jpg,2065,1755,drysand,2
FRF_c1_snap_20160217160000_EBG.jpg,1057,1065,drysand,2
FRF_c1_snap_20160217160000_EBG.jpg,1468,1274,drysand,2
FRF_c1_snap_20160217160000_EBG.jpg,1680,1000,drysand,2
FRF_c1_snap_20160217160000_EBG.jpg,1589,1414,drysand,2
FRF_c1_snap_20160217160000_EBG.jpg,2121,1485,drysand,2
FRF_c1_snap_20160217160000_EBG.jpg,2406,1740,drysand,2
FRF_c1_snap_20160217160000_EBG.jpg,767,630,drysand,2
FRF_c1_snap_20160217160000_EBG.jpg,1869,1950,drysand,2
FRF_c1_snap_20160217160000_EBG.jpg,1857,1739,drysand,2
FRF_c1_snap_20160217160000_EBG.jpg,1712,1504,drysand,2
FRF_c1_snap_20160217160000_EBG.jpg,1451,1883,drysand,2
FRF_c1_snap_20160217160000_EBG.jpg,2156,1407,drysand,2
FRF_c1_snap_20160217160000_EBG.jpg,1377,1662,drysand,2
FRF_c1_snap_20160217160000_EBG.jpg,1580,1463,drysand,2
FRF_c1_snap_20160217160000_EBG.jpg,1091,839,drysand,2
FRF_c1_snap_20160217160000_EBG.jpg,1380,1769,drysand,2
FRF_c1_snap_20160217160000_EBG.jpg,1452,1297,drysand,2
FRF_c1_snap_20160217160000_EBG.jpg,2194,1927,drysand,2
FRF_c1_snap_20160217160000_EBG.jpg,2242,1812,drysand,2
FRF_c1_snap_20160217160000_EBG.jpg,905,1016,drysand,2
FRF_c1_snap_20160217160000_EBG.jpg,1351,1429,drysand,2
FRF_c1_snap_20160217160000_EBG.jpg,2060,1676,drysand,2
FRF_c1_snap_20160217160000_EBG.jpg,2379,1908,drysand,2
FRF_c1_snap_20160217160000_EBG.jpg,2354,1759,drysand,2
FRF_c1_snap_20160217160000_EBG.jpg,1307,940,drysand,2
FRF_c1_snap_20160217160000_EBG.jpg,1963,1893,drysand,2
FRF_c1_snap_20160217160000_EBG.jpg,2164,1970,drysand,2
FRF_c1_snap_20160217160000_EBG.jpg,1180,1078,drysand,2
FRF_c1_snap_20160217160000_EBG.jpg,1614,1301,drysand,2
FRF_c1_snap_20160217160000_EBG.jpg,1580,1276,drysand,2
FRF_c1_snap_20160217160000_EBG.jpg,1210,1600,drysand,2
FRF_c1_snap_20160217160000_EBG.jpg,1800,1522,drysand,2
FRF_c1_snap_20160217160000_EBG.jpg,1816,1221,drysand,2
FRF_c1_snap_20160217160000_EBG.jpg,1606,1278,drysand,2
FRF_c1_snap_20160217160000_EBG.jpg,2329,1856,drysand,2
FRF_c1_snap_20160217160000_EBG.jpg,705,968,drysand,2
FRF_c1_snap_20160217160000_EBG.jpg,1945,1431,drysand,2
FRF_c1_snap_20160217160000_EBG.jpg,1684,1883,drysand,2
FRF_c1_snap_20160217160000_EBG.jpg,2220,1779,drysand,2
FRF_c1_snap_20160217160000_EBG.jpg,943,714,drysand,2
FRF_c1_snap_20160217160000_EBG.jpg,1258,1466,drysand,2
FRF_c1_snap_20160217160000_EBG.jpg,1928,1506,drysand,2
FRF_c1_snap_20160217160000_EBG.jpg,1254,1724,vegetation,3
FRF_c1_snap_20160217160000_EBG.jpg,969,1701,vegetation,3
FRF_c1_snap_20160217160000_EBG.jpg,640,1330,vegetation,3
FRF_c1_snap_20160217160000_EBG.jpg,679,752,vegetation,3
FRF_c1_snap_20160217160000_EBG.jpg,1165,1554,vegetation,3
FRF_c1_snap_20160217160000_EBG.jpg,784,1310,vegetation,3
FRF_c1_snap_20160217160000_EBG.jpg,743,1536,vegetation,3
FRF_c1_snap_20160217160000_EBG.jpg,864,1005,vegetation,3
FRF_c1_snap_20160217160000_EBG.jpg,998,1362,vegetation,3
FRF_c1_snap_20160217160000_EBG.jpg,776,1612,vegetation,3
FRF_c1_snap_20160217160000_EBG.jpg,696,914,vegetation,3
FRF_c1_snap_20160217160000_EBG.jpg,770,1643,vegetation,3
FRF_c1_snap_20160217160000_EBG.jpg,1005,1424,vegetation,3
FRF_c1_snap_20160217160000_EBG.jpg,1092,1337,vegetation,3
FRF_c1_snap_20160217160000_EBG.jpg,953,1960,vegetation,3
FRF_c1_snap_20160217160000_EBG.jpg,898,1766,vegetation,3
FRF_c1_snap_20160217160000_EBG.jpg,1072,1818,vegetation,3
FRF_c1_snap_20160217160000_EBG.jpg,1114,1601,vegetation,3
FRF_c1_snap_20160217160000_EBG.jpg,911,1875,vegetation,3
FRF_c1_snap_20160217160000_EBG.jpg,863,1952,vegetation,3
FRF_c1_snap_20160217160000_EBG.jpg,857,1988,vegetation,3
FRF_c1_snap_20160217160000_EBG.jpg,1031,1973,vegetation,3
FRF_c1_snap_20160217160000_EBG.jpg,671,1620,vegetation,3
FRF_c1_snap_20160217160000_EBG.jpg,647,1599,vegetation,3
FRF_c1_snap_20160217160000_EBG.jpg,1004,1408,vegetation,3
FRF_c1_snap_20160217160000_EBG.jpg,1373,1906,vegetation,3
FRF_c1_snap_20160217160000_EBG.jpg,1135,1462,vegetation,3
FRF_c1_snap_20160217160000_EBG.jpg,898,1917,vegetation,3
FRF_c1_snap_20160217160000_EBG.jpg,893,1181,vegetation,3
FRF_c1_snap_20160217160000_EBG.jpg,915,1401,vegetation,3
FRF_c1_snap_20160217160000_EBG.jpg,654,1372,vegetation,3
FRF_c1_snap_20160217160000_EBG.jpg,742,1230,vegetation,3
FRF_c1_snap_20160217160000_EBG.jpg,984,1323,vegetation,3
FRF_c1_snap_20160217160000_EBG.jpg,750,1134,vegetation,3
FRF_c1_snap_20160217160000_EBG.jpg,1117,1528,vegetation,3
FRF_c1_snap_20160217160000_EBG.jpg,1156,1590,vegetation,3
FRF_c1_snap_20160217160000_EBG.jpg,768,1636,vegetation,3
FRF_c1_snap_20160217160000_EBG.jpg,732,1315,vegetation,3
FRF_c1_snap_20160217160000_EBG.jpg,1201,1641,vegetation,3
FRF_c1_snap_20160217160000_EBG.jpg,910,1397,vegetation,3
FRF_c1_snap_20160217160000_EBG.jpg,339,1164,vegetation,3
FRF_c1_snap_20160217160000_EBG.jpg,338,1897,vegetation,3
FRF_c1_snap_20160217160000_EBG.jpg,58,1237,vegetation,3
FRF_c1_snap_20160217160000_EBG.jpg,202,1289,vegetation,3
FRF_c1_snap_20160217160000_EBG.jpg,106,1065,vegetation,3
FRF_c1_snap_20160217160000_EBG.jpg,357,952,vegetation,3
FRF_c1_snap_20160217160000_EBG.jpg,100,863,vegetation,3
FRF_c1_snap_20160217160000_EBG.jpg,147,954,vegetation,3
FRF_c1_snap_20160217160000_EBG.jpg,162,1562,vegetation,3
FRF_c1_snap_20160217160000_EBG.jpg,129,1800,vegetation,3
FRF_c1_snap_20160217160000_EBG.jpg,302,1639,vegetation,3
FRF_c1_snap_20160217160000_EBG.jpg,471,1706,vegetation,3
FRF_c1_snap_20160217160000_EBG.jpg,167,1071,vegetation,3
FRF_c1_snap_20160217160000_EBG.jpg,508,941,vegetation,3
FRF_c1_snap_20160217160000_EBG.jpg,52,1832,vegetation,3
FRF_c1_snap_20160217160000_EBG.jpg,193,991,vegetation,3
FRF_c1_snap_20160217160000_EBG.jpg,64,1544,vegetation,3
FRF_c1_snap_20160217160000_EBG.jpg,338,1173,vegetation,3
FRF_c1_snap_20160217160000_EBG.jpg,188,1239,vegetation,3
FRF_c1_snap_20160217160000_EBG.jpg,301,1881,vegetation,3
FRF_c1_snap_20160217160000_EBG.jpg,405,1336,vegetation,3
FRF_c1_snap_20160217160000_EBG.jpg,162,1856,vegetation,3
FRF_c1_snap_20160217160000_EBG.jpg,455,1769,vegetation,3
FRF_c1_snap_20160217160000_EBG.jpg,141,1343,vegetation,3
FRF_c1_snap_20160217160000_EBG.jpg,163,1653,vegetation,3
FRF_c1_snap_20160217160000_EBG.jpg,406,1503,vegetation,3
FRF_c1_snap_20160217160000_EBG.jpg,335,886,vegetation,3
FRF_c1_snap_20160217160000_EBG.jpg,435,1266,vegetation,3
FRF_c1_snap_20160217160000_EBG.jpg,149,1005,vegetation,3
FRF_c1_snap_20160217160000_EBG.jpg,233,1804,vegetation,3
FRF_c1_snap_20160217160000_EBG.jpg,497,1391,vegetation,3
FRF_c1_snap_20160217160000_EBG.jpg,521,1904,vegetation,3
FRF_c1_snap_20160217160000_EBG.jpg,140,1255,vegetation,3
FRF_c1_snap_20160217160000_EBG.jpg,461,1034,vegetation,3
FRF_c1_snap_20160217160000_EBG.jpg,238,1692,vegetation,3
FRF_c1_snap_20160217160000_EBG.jpg,405,1748,vegetation,3
FRF_c1_snap_20160217160000_EBG.jpg,40,1218,vegetation,3
FRF_c1_snap_20160217160000_EBG.jpg,151,1076,vegetation,3
FRF_c1_snap_20160217160000_EBG.jpg,531,1293,vegetation,3
FRF_c1_snap_20160217160000_EBG.jpg,525,1790,vegetation,3
FRF_c1_snap_20160217160000_EBG.jpg,1713,987,lag,5
FRF_c1_snap_20160217160000_EBG.jpg,1511,905,lag,5
FRF_c1_snap_20160217160000_EBG.jpg,2020,1186,lag,5
FRF_c1_snap_20160217160000_EBG.jpg,1550,915,lag,5
FRF_c1_snap_20160217160000_EBG.jpg,1547,924,lag,5
FRF_c1_snap_20160217160000_EBG.jpg,1533,919,lag,5
FRF_c1_snap_20160217160000_EBG.jpg,1706,988,lag,5
FRF_c1_snap_20160217160000_EBG.jpg,1714,993,lag,5
FRF_c1_snap_20160217160000_EBG.jpg,1714,988,lag,5
FRF_c1_snap_20160217160000_EBG.jpg,1708,982,lag,5
FRF_c1_snap_20160217160000_EBG.jpg,1541,924,lag,5
FRF_c1_snap_20160217160000_EBG.jpg,1712,979,lag,5
FRF_c1_snap_20160217160000_EBG.jpg,1710,981,lag,5
FRF_c1_snap_20160217160000_EBG.jpg,1541,920,lag,5
FRF_c1_snap_20160217160000_EBG.jpg,1702,987,lag,5
FRF_c1_snap_20160217160000_EBG.jpg,1602,935,lag,5
FRF_c1_snap_20160217160000_EBG.jpg,1686,971,lag,5
FRF_c1_snap_20160217160000_EBG.jpg,1535,914,lag,5
FRF_c1_snap_20160217160000_EBG.jpg,1531,919,lag,5
FRF_c1_snap_20160217160000_EBG.jpg,1607,935,lag,5
FRF_c1_snap_20160217160000_EBG.jpg,1539,914,lag,5
FRF_c1_snap_20160217160000_EBG.jpg,1526,917,lag,5
FRF_c1_snap_20160217160000_EBG.jpg,1519,908,lag,5
FRF_c1_snap_20160217160000_EBG.jpg,1699,977,lag,5
FRF_c1_snap_20160217160000_EBG.jpg,1551,921,lag,5
FRF_c1_snap_20160217160000_EBG.jpg,1527,910,lag,5
FRF_c1_snap_20160217160000_EBG.jpg,1703,973,lag,5
FRF_c1_snap_20160217160000_EBG.jpg,1541,914,lag,5
FRF_c1_snap_20160217160000_EBG.jpg,1504,897,lag,5
FRF_c1_snap_20160217160000_EBG.jpg,1703,978,lag,5
FRF_c1_snap_20160217160000_EBG.jpg,1706,986,lag,5
FRF_c1_snap_20160217160000_EBG.jpg,1527,906,lag,5
FRF_c1_snap_20160217160000_EBG.jpg,1601,934,lag,5
FRF_c1_snap_20160217160000_EBG.jpg,1538,910,lag,5
FRF_c1_snap_20160217160000_EBG.jpg,1694,977,lag,5
FRF_c1_snap_20160217160000_EBG.jpg,1711,979,lag,5
FRF_c1_snap_20160217160000_EBG.jpg,1517,907,lag,5
FRF_c1_snap_20160217160000_EBG.jpg,1702,984,lag,5
FRF_c1_snap_20160217160000_EBG.jpg,1707,987,lag,5
FRF_c1_snap_20160217160000_EBG.jpg,1711,994,lag,5
FRF_c1_snap_20160217160000_EBG.jpg,1508,898,lag,5
FRF_c1_snap_20160217160000_EBG.jpg,1543,914,lag,5
FRF_c1_snap_20160217160000_EBG.jpg,1526,910,lag,5
FRF_c1_snap_20160217160000_EBG.jpg,2019,1179,lag,5
FRF_c1_snap_20160217160000_EBG.jpg,1704,988,lag,5
FRF_c1_snap_20160217160000_EBG.jpg,1536,912,lag,5
FRF_c1_snap_20160217160000_EBG.jpg,1710,990,lag,5
FRF_c1_snap_20160217160000_EBG.jpg,1518,909,lag,5
FRF_c1_snap_20160217160000_EBG.jpg,1542,912,lag,5
FRF_c1_snap_20160217160000_EBG.jpg,2022,1183,lag,5
FRF_c1_snap_20160217160000_EBG.jpg,2018,1189,lag,5
FRF_c1_snap_20160217160000_EBG.jpg,1529,912,lag,5
FRF_c1_snap_20160217160000_EBG.jpg,1695,976,lag,5
FRF_c1_snap_20160217160000_EBG.jpg,1550,916,lag,5
FRF_c1_snap_20160217160000_EBG.jpg,1708,975,lag,5
FRF_c1_snap_20160217160000_EBG.jpg,1495,890,lag,5
FRF_c1_snap_20160217160000_EBG.jpg,1546,916,lag,5
FRF_c1_snap_20160217160000_EBG.jpg,1708,983,lag,5
FRF_c1_snap_20160217160000_EBG.jpg,1524,910,lag,5
FRF_c1_snap_20160217160000_EBG.jpg,1542,917,lag,5
FRF_c1_snap_20160217160000_EBG.jpg,1714,983,lag,5
FRF_c1_snap_20160217160000_EBG.jpg,1709,985,lag,5
FRF_c1_snap_20160217160000_EBG.jpg,1532,908,lag,5
FRF_c1_snap_20160217160000_EBG.jpg,1716,993,lag,5
FRF_c1_snap_20160217160000_EBG.jpg,1605,935,lag,5
FRF_c1_snap_20160217160000_EBG.jpg,1708,984,lag,5
FRF_c1_snap_20160217160000_EBG.jpg,1688,969,lag,5
FRF_c1_snap_20160217160000_EBG.jpg,1520,907,lag,5
FRF_c1_snap_20160217160000_EBG.jpg,1602,931,lag,5
FRF_c1_snap_20160217160000_EBG.jpg,1536,917,lag,5
FRF_c1_snap_20160217160000_EBG.jpg,1706,983,lag,5
FRF_c1_snap_20160217160000_EBG.jpg,2017,1185,lag,5
FRF_c1_snap_20160217160000_EBG.jpg,1545,917,lag,5
FRF_c1_snap_20160217160000_EBG.jpg,1539,923,lag,5
FRF_c1_snap_20160217160000_EBG.jpg,1536,911,lag,5
FRF_c1_snap_20160217160000_EBG.jpg,1507,898,lag,5
FRF_c1_snap_20160217160000_EBG.jpg,1513,899,lag,5
FRF_c1_snap_20160217160000_EBG.jpg,1538,914,lag,5
FRF_c1_snap_20160217160000_EBG.jpg,1706,974,lag,5
FRF_c1_snap_20160217160000_EBG.jpg,1527,909,lag,5
FRF_c1_snap_20160306160000_EBG.jpg,2261,1023,background,0
FRF_c1_snap_20160306160000_EBG.jpg,2256,930,background,0
FRF_c1_snap_20160306160000_EBG.jpg,1826,1011,background,0
FRF_c1_snap_20160306160000_EBG.jpg,1817,999,background,0
FRF_c1_snap_20160306160000_EBG.jpg,1315,723,background,0
FRF_c1_snap_20160306160000_EBG.jpg,2219,1126,background,0
FRF_c1_snap_20160306160000_EBG.jpg,1593,825,background,0
FRF_c1_snap_20160306160000_EBG.jpg,1299,564,background,0
FRF_c1_snap_20160306160000_EBG.jpg,1909,931,background,0
FRF_c1_snap_20160306160000_EBG.jpg,2275,897,background,0
FRF_c1_snap_20160306160000_EBG.jpg,1596,674,background,0
FRF_c1_snap_20160306160000_EBG.jpg,2316,973,background,0
FRF_c1_snap_20160306160000_EBG.jpg,1542,712,background,0
FRF_c1_snap_20160306160000_EBG.jpg,2380,1344,background,0
FRF_c1_snap_20160306160000_EBG.jpg,2288,911,background,0
FRF_c1_snap_20160306160000_EBG.jpg,1115,555,background,0
FRF_c1_snap_20160306160000_EBG.jpg,1961,876,background,0
FRF_c1_snap_20160306160000_EBG.jpg,2068,820,background,0
FRF_c1_snap_20160306160000_EBG.jpg,2366,915,background,0
FRF_c1_snap_20160306160000_EBG.jpg,948,1138,background,0
FRF_c1_snap_20160306160000_EBG.jpg,2341,1249,background,0
FRF_c1_snap_20160306160000_EBG.jpg,2345,1382,background,0
FRF_c1_snap_20160306160000_EBG.jpg,1876,1073,background,0
FRF_c1_snap_20160306160000_EBG.jpg,1673,724,background,0
FRF_c1_snap_20160306160000_EBG.jpg,1392,710,background,0
FRF_c1_snap_20160306160000_EBG.jpg,1916,990,background,0
FRF_c1_snap_20160306160000_EBG.jpg,2158,1116,background,0
FRF_c1_snap_20160306160000_EBG.jpg,1879,758,background,0
FRF_c1_snap_20160306160000_EBG.jpg,2068,1093,background,0
FRF_c1_snap_20160306160000_EBG.jpg,1724,780,background,0
FRF_c1_snap_20160306160000_EBG.jpg,2128,1081,background,0
FRF_c1_snap_20160306160000_EBG.jpg,1347,558,background,0
FRF_c1_snap_20160306160000_EBG.jpg,1377,607,background,0
FRF_c1_snap_20160306160000_EBG.jpg,1217,655,background,0
FRF_c1_snap_20160306160000_EBG.jpg,2160,1164,background,0
FRF_c1_snap_20160306160000_EBG.jpg,1905,765,background,0
FRF_c1_snap_20160306160000_EBG.jpg,2014,793,background,0
FRF_c1_snap_20160306160000_EBG.jpg,959,1604,background,0
FRF_c1_snap_20160306160000_EBG.jpg,2316,1277,background,0
FRF_c1_snap_20160306160000_EBG.jpg,2135,900,background,0
FRF_c1_snap_20160306160000_EBG.jpg,373,416,background,0
FRF_c1_snap_20160306160000_EBG.jpg,371,357,background,0
FRF_c1_snap_20160306160000_EBG.jpg,200,674,background,0
FRF_c1_snap_20160306160000_EBG.jpg,292,313,background,0
FRF_c1_snap_20160306160000_EBG.jpg,549,584,background,0
FRF_c1_snap_20160306160000_EBG.jpg,219,306,background,0
FRF_c1_snap_20160306160000_EBG.jpg,57,675,background,0
FRF_c1_snap_20160306160000_EBG.jpg,201,382,background,0
FRF_c1_snap_20160306160000_EBG.jpg,157,459,background,0
FRF_c1_snap_20160306160000_EBG.jpg,343,497,background,0
FRF_c1_snap_20160306160000_EBG.jpg,76,591,background,0
FRF_c1_snap_20160306160000_EBG.jpg,42,587,background,0
FRF_c1_snap_20160306160000_EBG.jpg,205,322,background,0
FRF_c1_snap_20160306160000_EBG.jpg,96,565,background,0
FRF_c1_snap_20160306160000_EBG.jpg,493,520,background,0
FRF_c1_snap_20160306160000_EBG.jpg,71,571,background,0
FRF_c1_snap_20160306160000_EBG.jpg,392,609,background,0
FRF_c1_snap_20160306160000_EBG.jpg,399,624,background,0
FRF_c1_snap_20160306160000_EBG.jpg,114,596,background,0
FRF_c1_snap_20160306160000_EBG.jpg,300,617,background,0
FRF_c1_snap_20160306160000_EBG.jpg,209,633,background,0
FRF_c1_snap_20160306160000_EBG.jpg,247,506,background,0
FRF_c1_snap_20160306160000_EBG.jpg,285,376,background,0
FRF_c1_snap_20160306160000_EBG.jpg,106,518,background,0
FRF_c1_snap_20160306160000_EBG.jpg,172,441,background,0
FRF_c1_snap_20160306160000_EBG.jpg,23,397,background,0
FRF_c1_snap_20160306160000_EBG.jpg,42,505,background,0
FRF_c1_snap_20160306160000_EBG.jpg,24,612,background,0
FRF_c1_snap_20160306160000_EBG.jpg,366,358,background,0
FRF_c1_snap_20160306160000_EBG.jpg,324,313,background,0
FRF_c1_snap_20160306160000_EBG.jpg,165,588,background,0
FRF_c1_snap_20160306160000_EBG.jpg,68,506,background,0
FRF_c1_snap_20160306160000_EBG.jpg,221,276,background,0
FRF_c1_snap_20160306160000_EBG.jpg,241,493,background,0
FRF_c1_snap_20160306160000_EBG.jpg,511,484,background,0
FRF_c1_snap_20160306160000_EBG.jpg,173,373,background,0
FRF_c1_snap_20160306160000_EBG.jpg,284,620,background,0
FRF_c1_snap_20160306160000_EBG.jpg,104,649,background,0
FRF_c1_snap_20160306160000_EBG.jpg,321,363,background,0
FRF_c1_snap_20160306160000_EBG.jpg,60,278,background,0
FRF_c1_snap_20160306160000_EBG.jpg,1575,988,wetsand,1
FRF_c1_snap_20160306160000_EBG.jpg,1940,1271,wetsand,1
FRF_c1_snap_20160306160000_EBG.jpg,1761,1095,wetsand,1
FRF_c1_snap_20160306160000_EBG.jpg,2199,1392,wetsand,1
FRF_c1_snap_20160306160000_EBG.jpg,1502,827,wetsand,1
FRF_c1_snap_20160306160000_EBG.jpg,1019,586,wetsand,1
FRF_c1_snap_20160306160000_EBG.jpg,1155,736,wetsand,1
FRF_c1_snap_20160306160000_EBG.jpg,2235,1244,wetsand,1
FRF_c1_snap_20160306160000_EBG.jpg,1224,759,wetsand,1
FRF_c1_snap_20160306160000_EBG.jpg,2220,1380,wetsand,1
FRF_c1_snap_20160306160000_EBG.jpg,2048,1284,wetsand,1
FRF_c1_snap_20160306160000_EBG.jpg,1581,994,wetsand,1
FRF_c1_snap_20160306160000_EBG.jpg,2344,1413,wetsand,1
FRF_c1_snap_20160306160000_EBG.jpg,1987,1315,wetsand,1
FRF_c1_snap_20160306160000_EBG.jpg,1990,1188,wetsand,1
FRF_c1_snap_20160306160000_EBG.jpg,1808,1180,wetsand,1
FRF_c1_snap_20160306160000_EBG.jpg,2167,1534,wetsand,1
FRF_c1_snap_20160306160000_EBG.jpg,1536,932,wetsand,1
FRF_c1_snap_20160306160000_EBG.jpg,2394,1463,wetsand,1
FRF_c1_snap_20160306160000_EBG.jpg,1857,1186,wetsand,1
FRF_c1_snap_20160306160000_EBG.jpg,1914,1250,wetsand,1
FRF_c1_snap_20160306160000_EBG.jpg,1571,912,wetsand,1
FRF_c1_snap_20160306160000_EBG.jpg,1040,624,wetsand,1
FRF_c1_snap_20160306160000_EBG.jpg,881,568,wetsand,1
FRF_c1_snap_20160306160000_EBG.jpg,1328,788,wetsand,1
FRF_c1_snap_20160306160000_EBG.jpg,2278,1290,wetsand,1
FRF_c1_snap_20160306160000_EBG.jpg,2098,1207,wetsand,1
FRF_c1_snap_20160306160000_EBG.jpg,1968,1158,wetsand,1
FRF_c1_snap_20160306160000_EBG.jpg,2240,1437,wetsand,1
FRF_c1_snap_20160306160000_EBG.jpg,2187,1456,wetsand,1
FRF_c1_snap_20160306160000_EBG.jpg,1059,690,wetsand,1
FRF_c1_snap_20160306160000_EBG.jpg,2168,1342,wetsand,1
FRF_c1_snap_20160306160000_EBG.jpg,1978,1129,wetsand,1
FRF_c1_snap_20160306160000_EBG.jpg,2054,1304,wetsand,1
FRF_c1_snap_20160306160000_EBG.jpg,2195,1238,wetsand,1
FRF_c1_snap_20160306160000_EBG.jpg,1624,940,wetsand,1
FRF_c1_snap_20160306160000_EBG.jpg,1767,1092,wetsand,1
FRF_c1_snap_20160306160000_EBG.jpg,2155,1330,wetsand,1
FRF_c1_snap_20160306160000_EBG.jpg,1195,715,wetsand,1
FRF_c1_snap_20160306160000_EBG.jpg,2016,1274,wetsand,1
FRF_c1_snap_20160306160000_EBG.jpg,1896,1259,wetsand,1
FRF_c1_snap_20160306160000_EBG.jpg,1999,1314,wetsand,1
FRF_c1_snap_20160306160000_EBG.jpg,1982,1221,wetsand,1
FRF_c1_snap_20160306160000_EBG.jpg,1546,902,wetsand,1
FRF_c1_snap_20160306160000_EBG.jpg,1897,1193,wetsand,1
FRF_c1_snap_20160306160000_EBG.jpg,2132,1498,wetsand,1
FRF_c1_snap_20160306160000_EBG.jpg,1961,1250,wetsand,1
FRF_c1_snap_20160306160000_EBG.jpg,1184,739,wetsand,1
FRF_c1_snap_20160306160000_EBG.jpg,2255,1289,wetsand,1
FRF_c1_snap_20160306160000_EBG.jpg,2400,1523,wetsand,1
FRF_c1_snap_20160306160000_EBG.jpg,2294,1649,wetsand,1
FRF_c1_snap_20160306160000_EBG.jpg,2074,1449,wetsand,1
FRF_c1_snap_20160306160000_EBG.jpg,2078,1340,wetsand,1
FRF_c1_snap_20160306160000_EBG.jpg,1957,1207,wetsand,1
FRF_c1_snap_20160306160000_EBG.jpg,2375,1537,wetsand,1
FRF_c1_snap_20160306160000_EBG.jpg,1098,673,wetsand,1
FRF_c1_snap_20160306160000_EBG.jpg,2127,1488,wetsand,1
FRF_c1_snap_20160306160000_EBG.jpg,1473,889,wetsand,1
FRF_c1_snap_20160306160000_EBG.jpg,1430,908,wetsand,1
FRF_c1_snap_20160306160000_EBG.jpg,1601,1034,wetsand,1
FRF_c1_snap_20160306160000_EBG.jpg,2094,1410,wetsand,1
FRF_c1_snap_20160306160000_EBG.jpg,1465,877,wetsand,1
FRF_c1_snap_20160306160000_EBG.jpg,1791,1068,wetsand,1
FRF_c1_snap_20160306160000_EBG.jpg,1006,594,wetsand,1
FRF_c1_snap_20160306160000_EBG.jpg,1410,850,wetsand,1
FRF_c1_snap_20160306160000_EBG.jpg,954,559,wetsand,1
FRF_c1_snap_20160306160000_EBG.jpg,2378,1601,wetsand,1
FRF_c1_snap_20160306160000_EBG.jpg,1785,1055,wetsand,1
FRF_c1_snap_20160306160000_EBG.jpg,1473,965,wetsand,1
FRF_c1_snap_20160306160000_EBG.jpg,1935,1255,wetsand,1
FRF_c1_snap_20160306160000_EBG.jpg,2117,1394,wetsand,1
FRF_c1_snap_20160306160000_EBG.jpg,962,542,wetsand,1
FRF_c1_snap_20160306160000_EBG.jpg,1946,1259,wetsand,1
FRF_c1_snap_20160306160000_EBG.jpg,1211,762,wetsand,1
FRF_c1_snap_20160306160000_EBG.jpg,2246,1563,wetsand,1
FRF_c1_snap_20160306160000_EBG.jpg,2371,1478,wetsand,1
FRF_c1_snap_20160306160000_EBG.jpg,2368,1778,wetsand,1
FRF_c1_snap_20160306160000_EBG.jpg,2223,1387,wetsand,1
FRF_c1_snap_20160306160000_EBG.jpg,2400,1829,wetsand,1
FRF_c1_snap_20160306160000_EBG.jpg,2028,1430,wetsand,1
FRF_c1_snap_20160306160000_EBG.jpg,1717,1523,drysand,2
FRF_c1_snap_20160306160000_EBG.jpg,1942,1878,drysand,2
FRF_c1_snap_20160306160000_EBG.jpg,1567,1532,drysand,2
FRF_c1_snap_20160306160000_EBG.jpg,2102,1836,drysand,2
FRF_c1_snap_20160306160000_EBG.jpg,1087,1058,drysand,2
FRF_c1_snap_20160306160000_EBG.jpg,2396,1968,drysand,2
FRF_c1_snap_20160306160000_EBG.jpg,1458,1925,drysand,2
FRF_c1_snap_20160306160000_EBG.jpg,1973,1545,drysand,2
FRF_c1_snap_20160306160000_EBG.jpg,1844,1383,drysand,2
FRF_c1_snap_20160306160000_EBG.jpg,1617,1403,drysand,2
FRF_c1_snap_20160306160000_EBG.jpg,1317,1271,drysand,2
FRF_c1_snap_20160306160000_EBG.jpg,832,693,drysand,2
FRF_c1_snap_20160306160000_EBG.jpg,911,942,drysand,2
FRF_c1_snap_20160306160000_EBG.jpg,1150,1377,drysand,2
FRF_c1_snap_20160306160000_EBG.jpg,2000,1466,drysand,2
FRF_c1_snap_20160306160000_EBG.jpg,1792,1273,drysand,2
FRF_c1_snap_20160306160000_EBG.jpg,1432,1383,drysand,2
FRF_c1_snap_20160306160000_EBG.jpg,1140,1025,drysand,2
FRF_c1_snap_20160306160000_EBG.jpg,820,553,drysand,2
FRF_c1_snap_20160306160000_EBG.jpg,1604,1498,drysand,2
FRF_c1_snap_20160306160000_EBG.jpg,907,844,drysand,2
FRF_c1_snap_20160306160000_EBG.jpg,1331,1247,drysand,2
FRF_c1_snap_20160306160000_EBG.jpg,712,730,drysand,2
FRF_c1_snap_20160306160000_EBG.jpg,1801,1907,drysand,2
FRF_c1_snap_20160306160000_EBG.jpg,1465,1354,drysand,2
FRF_c1_snap_20160306160000_EBG.jpg,1231,1512,drysand,2
FRF_c1_snap_20160306160000_EBG.jpg,1749,1274,drysand,2
FRF_c1_snap_20160306160000_EBG.jpg,1845,1744,drysand,2
FRF_c1_snap_20160306160000_EBG.jpg,666,1443,drysand,2
FRF_c1_snap_20160306160000_EBG.jpg,1912,1641,drysand,2
FRF_c1_snap_20160306160000_EBG.jpg,2224,1829,drysand,2
FRF_c1_snap_20160306160000_EBG.jpg,917,873,drysand,2
FRF_c1_snap_20160306160000_EBG.jpg,1360,1519,drysand,2
FRF_c1_snap_20160306160000_EBG.jpg,1280,1362,drysand,2
FRF_c1_snap_20160306160000_EBG.jpg,1015,1062,drysand,2
FRF_c1_snap_20160306160000_EBG.jpg,1535,1940,drysand,2
FRF_c1_snap_20160306160000_EBG.jpg,1364,1870,drysand,2
FRF_c1_snap_20160306160000_EBG.jpg,2008,1524,drysand,2
FRF_c1_snap_20160306160000_EBG.jpg,883,895,drysand,2
FRF_c1_snap_20160306160000_EBG.jpg,1262,1599,drysand,2
FRF_c1_snap_20160306160000_EBG.jpg,1395,1405,drysand,2
FRF_c1_snap_20160306160000_EBG.jpg,1978,1430,drysand,2
FRF_c1_snap_20160306160000_EBG.jpg,1148,864,drysand,2
FRF_c1_snap_20160306160000_EBG.jpg,1491,1378,drysand,2
FRF_c1_snap_20160306160000_EBG.jpg,882,605,drysand,2
FRF_c1_snap_20160306160000_EBG.jpg,1300,1226,drysand,2
FRF_c1_snap_20160306160000_EBG.jpg,926,1027,drysand,2
FRF_c1_snap_20160306160000_EBG.jpg,897,973,drysand,2
FRF_c1_snap_20160306160000_EBG.jpg,1295,1075,drysand,2
FRF_c1_snap_20160306160000_EBG.jpg,1714,1962,drysand,2
FRF_c1_snap_20160306160000_EBG.jpg,795,1504,drysand,2
FRF_c1_snap_20160306160000_EBG.jpg,988,893,drysand,2
FRF_c1_snap_20160306160000_EBG.jpg,998,676,drysand,2
FRF_c1_snap_20160306160000_EBG.jpg,1833,1430,drysand,2
FRF_c1_snap_20160306160000_EBG.jpg,1171,946,drysand,2
FRF_c1_snap_20160306160000_EBG.jpg,1688,1240,drysand,2
FRF_c1_snap_20160306160000_EBG.jpg,1047,1203,drysand,2
FRF_c1_snap_20160306160000_EBG.jpg,1398,1034,drysand,2
FRF_c1_snap_20160306160000_EBG.jpg,1373,1117,drysand,2
FRF_c1_snap_20160306160000_EBG.jpg,649,1071,drysand,2
FRF_c1_snap_20160306160000_EBG.jpg,1220,903,drysand,2
FRF_c1_snap_20160306160000_EBG.jpg,1219,1154,drysand,2
FRF_c1_snap_20160306160000_EBG.jpg,1561,1591,drysand,2
FRF_c1_snap_20160306160000_EBG.jpg,1557,1915,drysand,2
FRF_c1_snap_20160306160000_EBG.jpg,2038,1963,drysand,2
FRF_c1_snap_20160306160000_EBG.jpg,1928,1872,drysand,2
FRF_c1_snap_20160306160000_EBG.jpg,2005,1602,drysand,2
FRF_c1_snap_20160306160000_EBG.jpg,1360,1500,drysand,2
FRF_c1_snap_20160306160000_EBG.jpg,2177,1631,drysand,2
FRF_c1_snap_20160306160000_EBG.jpg,1846,1695,drysand,2
FRF_c1_snap_20160306160000_EBG.jpg,1310,1626,drysand,2
FRF_c1_snap_20160306160000_EBG.jpg,1329,1747,drysand,2
FRF_c1_snap_20160306160000_EBG.jpg,2005,1666,drysand,2
FRF_c1_snap_20160306160000_EBG.jpg,780,835,drysand,2
FRF_c1_snap_20160306160000_EBG.jpg,1662,1366,drysand,2
FRF_c1_snap_20160306160000_EBG.jpg,1207,905,drysand,2
FRF_c1_snap_20160306160000_EBG.jpg,1129,909,drysand,2
FRF_c1_snap_20160306160000_EBG.jpg,1881,1383,drysand,2
FRF_c1_snap_20160306160000_EBG.jpg,854,662,drysand,2
FRF_c1_snap_20160306160000_EBG.jpg,1837,1727,drysand,2
FRF_c1_snap_20160306160000_EBG.jpg,773,859,vegetation,3
FRF_c1_snap_20160306160000_EBG.jpg,801,1809,vegetation,3
FRF_c1_snap_20160306160000_EBG.jpg,758,1251,vegetation,3
FRF_c1_snap_20160306160000_EBG.jpg,746,1408,vegetation,3
FRF_c1_snap_20160306160000_EBG.jpg,912,1745,vegetation,3
FRF_c1_snap_20160306160000_EBG.jpg,1117,1984,vegetation,3
FRF_c1_snap_20160306160000_EBG.jpg,1247,1849,vegetation,3
FRF_c1_snap_20160306160000_EBG.jpg,932,1172,vegetation,3
FRF_c1_snap_20160306160000_EBG.jpg,785,1879,vegetation,3
FRF_c1_snap_20160306160000_EBG.jpg,1065,1404,vegetation,3
FRF_c1_snap_20160306160000_EBG.jpg,603,1637,vegetation,3
FRF_c1_snap_20160306160000_EBG.jpg,678,1096,vegetation,3
FRF_c1_snap_20160306160000_EBG.jpg,869,1361,vegetation,3
FRF_c1_snap_20160306160000_EBG.jpg,1312,1864,vegetation,3
FRF_c1_snap_20160306160000_EBG.jpg,1100,1563,vegetation,3
FRF_c1_snap_20160306160000_EBG.jpg,748,1199,vegetation,3
FRF_c1_snap_20160306160000_EBG.jpg,1308,1834,vegetation,3
FRF_c1_snap_20160306160000_EBG.jpg,916,1226,vegetation,3
FRF_c1_snap_20160306160000_EBG.jpg,719,1422,vegetation,3
FRF_c1_snap_20160306160000_EBG.jpg,624,1262,vegetation,3
FRF_c1_snap_20160306160000_EBG.jpg,1037,1936,vegetation,3
FRF_c1_snap_20160306160000_EBG.jpg,837,1163,vegetation,3
FRF_c1_snap_20160306160000_EBG.jpg,1020,1317,vegetation,3
FRF_c1_snap_20160306160000_EBG.jpg,975,1733,vegetation,3
FRF_c1_snap_20160306160000_EBG.jpg,1358,1986,vegetation,3
FRF_c1_snap_20160306160000_EBG.jpg,1008,1206,vegetation,3
FRF_c1_snap_20160306160000_EBG.jpg,827,1783,vegetation,3
FRF_c1_snap_20160306160000_EBG.jpg,1385,1965,vegetation,3
FRF_c1_snap_20160306160000_EBG.jpg,1195,1947,vegetation,3
FRF_c1_snap_20160306160000_EBG.jpg,697,1617,vegetation,3
FRF_c1_snap_20160306160000_EBG.jpg,651,897,vegetation,3
FRF_c1_snap_20160306160000_EBG.jpg,678,1937,vegetation,3
FRF_c1_snap_20160306160000_EBG.jpg,970,1108,vegetation,3
FRF_c1_snap_20160306160000_EBG.jpg,1318,1851,vegetation,3
FRF_c1_snap_20160306160000_EBG.jpg,939,1209,vegetation,3
FRF_c1_snap_20160306160000_EBG.jpg,962,1292,vegetation,3
FRF_c1_snap_20160306160000_EBG.jpg,651,1804,vegetation,3
FRF_c1_snap_20160306160000_EBG.jpg,963,1513,vegetation,3
FRF_c1_snap_20160306160000_EBG.jpg,785,1739,vegetation,3
FRF_c1_snap_20160306160000_EBG.jpg,1129,1909,vegetation,3
FRF_c1_snap_20160306160000_EBG.jpg,521,1889,vegetation,3
FRF_c1_snap_20160306160000_EBG.jpg,106,1752,vegetation,3
FRF_c1_snap_20160306160000_EBG.jpg,143,1668,vegetation,3
FRF_c1_snap_20160306160000_EBG.jpg,250,1089,vegetation,3
FRF_c1_snap_20160306160000_EBG.jpg,138,1116,vegetation,3
FRF_c1_snap_20160306160000_EBG.jpg,495,964,vegetation,3
FRF_c1_snap_20160306160000_EBG.jpg,481,1884,vegetation,3
FRF_c1_snap_20160306160000_EBG.jpg,465,1189,vegetation,3
FRF_c1_snap_20160306160000_EBG.jpg,485,1763,vegetation,3
FRF_c1_snap_20160306160000_EBG.jpg,475,1930,vegetation,3
FRF_c1_snap_20160306160000_EBG.jpg,232,1567,vegetation,3
FRF_c1_snap_20160306160000_EBG.jpg,229,1515,vegetation,3
FRF_c1_snap_20160306160000_EBG.jpg,424,1075,vegetation,3
FRF_c1_snap_20160306160000_EBG.jpg,388,1720,vegetation,3
FRF_c1_snap_20160306160000_EBG.jpg,283,1447,vegetation,3
FRF_c1_snap_20160306160000_EBG.jpg,188,1394,vegetation,3
FRF_c1_snap_20160306160000_EBG.jpg,473,1041,vegetation,3
FRF_c1_snap_20160306160000_EBG.jpg,495,1518,vegetation,3
FRF_c1_snap_20160306160000_EBG.jpg,314,1027,vegetation,3
FRF_c1_snap_20160306160000_EBG.jpg,388,1638,vegetation,3
FRF_c1_snap_20160306160000_EBG.jpg,326,1814,vegetation,3
FRF_c1_snap_20160306160000_EBG.jpg,478,924,vegetation,3
FRF_c1_snap_20160306160000_EBG.jpg,541,1062,vegetation,3
FRF_c1_snap_20160306160000_EBG.jpg,69,1061,vegetation,3
FRF_c1_snap_20160306160000_EBG.jpg,316,1858,vegetation,3
FRF_c1_snap_20160306160000_EBG.jpg,222,1636,vegetation,3
FRF_c1_snap_20160306160000_EBG.jpg,187,1155,vegetation,3
FRF_c1_snap_20160306160000_EBG.jpg,407,1510,vegetation,3
FRF_c1_snap_20160306160000_EBG.jpg,483,912,vegetation,3
FRF_c1_snap_20160306160000_EBG.jpg,377,1462,vegetation,3
FRF_c1_snap_20160306160000_EBG.jpg,54,1670,vegetation,3
FRF_c1_snap_20160306160000_EBG.jpg,186,1595,vegetation,3
FRF_c1_snap_20160306160000_EBG.jpg,75,1806,vegetation,3
FRF_c1_snap_20160306160000_EBG.jpg,61,1007,vegetation,3
FRF_c1_snap_20160306160000_EBG.jpg,440,1508,vegetation,3
FRF_c1_snap_20160306160000_EBG.jpg,61,1517,vegetation,3
FRF_c1_snap_20160306160000_EBG.jpg,37,1629,vegetation,3
FRF_c1_snap_20160306160000_EBG.jpg,226,1447,vegetation,3
FRF_c1_snap_20160306160000_EBG.jpg,466,1754,vegetation,3
FRF_c1_snap_20160306160000_EBG.jpg,461,930,vegetation,3
FRF_c1_snap_20160306160000_EBG.jpg,1218,1670,heavies,4
FRF_c1_snap_20160306160000_EBG.jpg,1219,1669,heavies,4
FRF_c1_snap_20160306160000_EBG.jpg,1220,1669,heavies,4
FRF_c1_snap_20160306160000_EBG.jpg,1220,1670,heavies,4
FRF_c1_snap_20160306160000_EBG.jpg,1216,1668,heavies,4
FRF_c1_snap_20160306160000_EBG.jpg,1218,1667,heavies,4
FRF_c1_snap_20160306160000_EBG.jpg,1217,1669,heavies,4
FRF_c1_snap_20160306160000_EBG.jpg,1217,1668,heavies,4
FRF_c1_snap_20160306160000_EBG.jpg,1219,1668,heavies,4
FRF_c1_snap_20160306160000_EBG.jpg,1216,1668,heavies,4
FRF_c1_snap_20160306160000_EBG.jpg,1219,1668,heavies,4
FRF_c1_snap_20160306160000_EBG.jpg,1219,1668,heavies,4
FRF_c1_snap_20160306160000_EBG.jpg,1218,1668,heavies,4
FRF_c1_snap_20160306160000_EBG.jpg,1220,1669,heavies,4
FRF_c1_snap_20160306160000_EBG.jpg,1217,1669,heavies,4
FRF_c1_snap_20160306160000_EBG.jpg,1220,1668,heavies,4
FRF_c1_snap_20160306160000_EBG.jpg,1219,1667,heavies,4
FRF_c1_snap_20160306160000_EBG.jpg,1217,1669,heavies,4
FRF_c1_snap_20160306160000_EBG.jpg,1220,1667,heavies,4
FRF_c1_snap_20160306160000_EBG.jpg,1217,1668,heavies,4
FRF_c1_snap_20160306160000_EBG.jpg,1219,1668,heavies,4
FRF_c1_snap_20160306160000_EBG.jpg,1219,1667,heavies,4
FRF_c1_snap_20160306160000_EBG.jpg,1219,1668,heavies,4
FRF_c1_snap_20160306160000_EBG.jpg,1216,1668,heavies,4
FRF_c1_snap_20160306160000_EBG.jpg,1218,1670,heavies,4
FRF_c1_snap_20160306160000_EBG.jpg,1218,1670,heavies,4
FRF_c1_snap_20160306160000_EBG.jpg,1217,1667,heavies,4
FRF_c1_snap_20160306160000_EBG.jpg,1217,1669,heavies,4
FRF_c1_snap_20160306160000_EBG.jpg,1218,1669,heavies,4
FRF_c1_snap_20160306160000_EBG.jpg,1218,1668,heavies,4
FRF_c1_snap_20160306160000_EBG.jpg,1220,1668,heavies,4
FRF_c1_snap_20160306160000_EBG.jpg,1221,1669,heavies,4
FRF_c1_snap_20160306160000_EBG.jpg,1218,1668,heavies,4
FRF_c1_snap_20160306160000_EBG.jpg,1218,1667,heavies,4
FRF_c1_snap_20160306160000_EBG.jpg,1218,1668,heavies,4
FRF_c1_snap_20160306160000_EBG.jpg,1216,1668,heavies,4
FRF_c1_snap_20160306160000_EBG.jpg,1218,1668,heavies,4
FRF_c1_snap_20160306160000_EBG.jpg,1216,1668,heavies,4
FRF_c1_snap_20160306160000_EBG.jpg,1219,1667,heavies,4
FRF_c1_snap_20160306160000_EBG.jpg,1220,1670,heavies,4
FRF_c1_snap_20160306160000_EBG.jpg,1219,1667,heavies,4
FRF_c1_snap_20160306160000_EBG.jpg,1219,1669,heavies,4
FRF_c1_snap_20160306160000_EBG.jpg,1219,1669,heavies,4
FRF_c1_snap_20160306160000_EBG.jpg,1218,1669,heavies,4
FRF_c1_snap_20160306160000_EBG.jpg,1219,1670,heavies,4
FRF_c1_snap_20160306160000_EBG.jpg,1217,1667,heavies,4
FRF_c1_snap_20160306160000_EBG.jpg,1217,1668,heavies,4
FRF_c1_snap_20160306160000_EBG.jpg,1220,1667,heavies,4
FRF_c1_snap_20160306160000_EBG.jpg,1217,1669,heavies,4
FRF_c1_snap_20160306160000_EBG.jpg,1218,1669,heavies,4
FRF_c1_snap_20160306160000_EBG.jpg,1219,1670,heavies,4
FRF_c1_snap_20160306160000_EBG.jpg,1218,1668,heavies,4
FRF_c1_snap_20160306160000_EBG.jpg,1216,1668,heavies,4
FRF_c1_snap_20160306160000_EBG.jpg,1219,1670,heavies,4
FRF_c1_snap_20160306160000_EBG.jpg,1219,1669,heavies,4
FRF_c1_snap_20160306160000_EBG.jpg,1220,1669,heavies,4
FRF_c1_snap_20160306160000_EBG.jpg,1220,1668,heavies,4
FRF_c1_snap_20160306160000_EBG.jpg,1220,1668,heavies,4
FRF_c1_snap_20160306160000_EBG.jpg,1219,1668,heavies,4
FRF_c1_snap_20160306160000_EBG.jpg,1220,1669,heavies,4
FRF_c1_snap_20160306160000_EBG.jpg,1220,1667,heavies,4
FRF_c1_snap_20160306160000_EBG.jpg,1220,1670,heavies,4
FRF_c1_snap_20160306160000_EBG.jpg,1220,1667,heavies,4
FRF_c1_snap_20160306160000_EBG.jpg,1220,1668,heavies,4
FRF_c1_snap_20160306160000_EBG.jpg,1217,1668,heavies,4
FRF_c1_snap_20160306160000_EBG.jpg,1218,1669,heavies,4
FRF_c1_snap_20160306160000_EBG.jpg,1219,1669,heavies,4
FRF_c1_snap_20160306160000_EBG.jpg,1219,1670,heavies,4
FRF_c1_snap_20160306160000_EBG.jpg,1221,1669,heavies,4
FRF_c1_snap_20160306160000_EBG.jpg,1216,1668,heavies,4
FRF_c1_snap_20160306160000_EBG.jpg,1220,1667,heavies,4
FRF_c1_snap_20160306160000_EBG.jpg,1218,1670,heavies,4
FRF_c1_snap_20160306160000_EBG.jpg,1220,1668,heavies,4
FRF_c1_snap_20160306160000_EBG.jpg,1218,1667,heavies,4
FRF_c1_snap_20160306160000_EBG.jpg,1221,1669,heavies,4
FRF_c1_snap_20160306160000_EBG.jpg,1218,1669,heavies,4
FRF_c1_snap_20160306160000_EBG.jpg,1217,1667,heavies,4
FRF_c1_snap_20160306160000_EBG.jpg,1221,1669,heavies,4
FRF_c1_snap_20160306160000_EBG.jpg,1217,1669,heavies,4
FRF_c1_snap_20160306160000_EBG.jpg,1218,1669,heavies,4
FRF_c1_snap_20160306160000_EBG.jpg,1272,1115,lag,5
FRF_c1_snap_20160306160000_EBG.jpg,1830,1246,lag,5
FRF_c1_snap_20160306160000_EBG.jpg,1375,1249,lag,5
FRF_c1_snap_20160306160000_EBG.jpg,1759,1226,lag,5
FRF_c1_snap_20160306160000_EBG.jpg,1570,1718,lag,5
FRF_c1_snap_20160306160000_EBG.jpg,1410,937,lag,5
FRF_c1_snap_20160306160000_EBG.jpg,1418,1209,lag,5
FRF_c1_snap_20160306160000_EBG.jpg,1531,1076,lag,5
FRF_c1_snap_20160306160000_EBG.jpg,1328,914,lag,5
FRF_c1_snap_20160306160000_EBG.jpg,2079,1651,lag,5
FRF_c1_snap_20160306160000_EBG.jpg,1485,1722,lag,5
FRF_c1_snap_20160306160000_EBG.jpg,1455,1209,lag,5
FRF_c1_snap_20160306160000_EBG.jpg,1247,1083,lag,5
FRF_c1_snap_20160306160000_EBG.jpg,1383,947,lag,5
FRF_c1_snap_20160306160000_EBG.jpg,1852,1222,lag,5
FRF_c1_snap_20160306160000_EBG.jpg,1664,1106,lag,5
FRF_c1_snap_20160306160000_EBG.jpg,1691,1123,lag,5
FRF_c1_snap_20160306160000_EBG.jpg,1902,1295,lag,5
FRF_c1_snap_20160306160000_EBG.jpg,1388,1659,lag,5
FRF_c1_snap_20160306160000_EBG.jpg,2117,1574,lag,5
FRF_c1_snap_20160306160000_EBG.jpg,2133,1590,lag,5
FRF_c1_snap_20160306160000_EBG.jpg,1681,1120,lag,5
FRF_c1_snap_20160306160000_EBG.jpg,1668,1133,lag,5
FRF_c1_snap_20160306160000_EBG.jpg,1275,855,lag,5
FRF_c1_snap_20160306160000_EBG.jpg,1326,1195,lag,5
FRF_c1_snap_20160306160000_EBG.jpg,1454,1752,lag,5
FRF_c1_snap_20160306160000_EBG.jpg,1181,1189,lag,5
FRF_c1_snap_20160306160000_EBG.jpg,1548,1084,lag,5
FRF_c1_snap_20160306160000_EBG.jpg,1270,1099,lag,5
FRF_c1_snap_20160306160000_EBG.jpg,1912,1297,lag,5
FRF_c1_snap_20160306160000_EBG.jpg,1216,787,lag,5
FRF_c1_snap_20160306160000_EBG.jpg,1346,860,lag,5
FRF_c1_snap_20160306160000_EBG.jpg,1431,1237,lag,5
FRF_c1_snap_20160306160000_EBG.jpg,1372,1159,lag,5
FRF_c1_snap_20160306160000_EBG.jpg,1425,981,lag,5
FRF_c1_snap_20160306160000_EBG.jpg,2142,1557,lag,5
FRF_c1_snap_20160306160000_EBG.jpg,1357,1397,lag,5
FRF_c1_snap_20160306160000_EBG.jpg,1525,1069,lag,5
FRF_c1_snap_20160306160000_EBG.jpg,1527,1693,lag,5
FRF_c1_snap_20160306160000_EBG.jpg,1454,1205,lag,5
FRF_c1_snap_20160306160000_EBG.jpg,1246,1184,lag,5
FRF_c1_snap_20160306160000_EBG.jpg,1493,1699,lag,5
FRF_c1_snap_20160306160000_EBG.jpg,1388,909,lag,5
FRF_c1_snap_20160306160000_EBG.jpg,1440,1064,lag,5
FRF_c1_snap_20160306160000_EBG.jpg,1252,1148,lag,5
FRF_c1_snap_20160306160000_EBG.jpg,1433,1707,lag,5
FRF_c1_snap_20160306160000_EBG.jpg,2137,1703,lag,5
FRF_c1_snap_20160306160000_EBG.jpg,1564,1244,lag,5
FRF_c1_snap_20160306160000_EBG.jpg,1249,1169,lag,5
FRF_c1_snap_20160306160000_EBG.jpg,1492,1061,lag,5
FRF_c1_snap_20160306160000_EBG.jpg,1709,1227,lag,5
FRF_c1_snap_20160306160000_EBG.jpg,1367,1235,lag,5
FRF_c1_snap_20160306160000_EBG.jpg,1280,1170,lag,5
FRF_c1_snap_20160306160000_EBG.jpg,1190,1214,lag,5
FRF_c1_snap_20160306160000_EBG.jpg,2131,1678,lag,5
FRF_c1_snap_20160306160000_EBG.jpg,1523,1680,lag,5
FRF_c1_snap_20160306160000_EBG.jpg,1479,1188,lag,5
FRF_c1_snap_20160306160000_EBG.jpg,1470,1751,lag,5
FRF_c1_snap_20160306160000_EBG.jpg,1338,1247,lag,5
FRF_c1_snap_20160306160000_EBG.jpg,1480,1671,lag,5
FRF_c1_snap_20160306160000_EBG.jpg,1473,1701,lag,5
FRF_c1_snap_20160306160000_EBG.jpg,1851,1227,lag,5
FRF_c1_snap_20160306160000_EBG.jpg,1448,1267,lag,5
FRF_c1_snap_20160306160000_EBG.jpg,1552,1723,lag,5
FRF_c1_snap_20160306160000_EBG.jpg,1561,1730,lag,5
FRF_c1_snap_20160306160000_EBG.jpg,1453,1055,lag,5
FRF_c1_snap_20160306160000_EBG.jpg,1841,1221,lag,5
FRF_c1_snap_20160306160000_EBG.jpg,1720,1155,lag,5
FRF_c1_snap_20160306160000_EBG.jpg,1458,1725,lag,5
FRF_c1_snap_20160306160000_EBG.jpg,1845,1224,lag,5
FRF_c1_snap_20160306160000_EBG.jpg,2068,1672,lag,5
FRF_c1_snap_20160306160000_EBG.jpg,1868,1263,lag,5
FRF_c1_snap_20160306160000_EBG.jpg,1474,1189,lag,5
FRF_c1_snap_20160306160000_EBG.jpg,1343,1268,lag,5
FRF_c1_snap_20160306160000_EBG.jpg,1541,1223,lag,5
FRF_c1_snap_20160306160000_EBG.jpg,1856,1288,lag,5
FRF_c1_snap_20160306160000_EBG.jpg,2105,1690,lag,5
FRF_c1_snap_20160306160000_EBG.jpg,1369,916,lag,5
FRF_c1_snap_20160306160000_EBG.jpg,1381,1270,lag,5
FRF_c1_snap_20160306160000_EBG.jpg,1398,1079,lag,5
FRF_c1_snap_20160412160000_EBG.jpg,2399,1011,background,0
FRF_c1_snap_20160412160000_EBG.jpg,2328,1735,background,0
FRF_c1_snap_20160412160000_EBG.jpg,1550,897,background,0
FRF_c1_snap_20160412160000_EBG.jpg,1790,875,background,0
FRF_c1_snap_20160412160000_EBG.jpg,1012,548,background,0
FRF_c1_snap_20160412160000_EBG.jpg,1962,844,background,0
FRF_c1_snap_20160412160000_EBG.jpg,2086,1328,background,0
FRF_c1_snap_20160412160000_EBG.jpg,1309,609,background,0
FRF_c1_snap_20160412160000_EBG.jpg,2386,1036,background,0
FRF_c1_snap_20160412160000_EBG.jpg,1357,594,background,0
FRF_c1_snap_20160412160000_EBG.jpg,2214,1236,background,0
FRF_c1_snap_20160412160000_EBG.jpg,808,713,background,0
FRF_c1_snap_20160412160000_EBG.jpg,2180,889,background,0
FRF_c1_snap_20160412160000_EBG.jpg,1549,814,background,0
FRF_c1_snap_20160412160000_EBG.jpg,1977,1168,background,0
FRF_c1_snap_20160412160000_EBG.jpg,760,663,background,0
FRF_c1_snap_20160412160000_EBG.jpg,2245,1184,background,0
FRF_c1_snap_20160412160000_EBG.jpg,1497,788,background,0
FRF_c1_snap_20160412160000_EBG.jpg,2140,1304,background,0
FRF_c1_snap_20160412160000_EBG.jpg,2301,1276,background,0
FRF_c1_snap_20160412160000_EBG.jpg,2032,1352,background,0
FRF_c1_snap_20160412160000_EBG.jpg,2302,940,background,0
FRF_c1_snap_20160412160000_EBG.jpg,1236,697,background,0
FRF_c1_snap_20160412160000_EBG.jpg,2101,1156,background,0
FRF_c1_snap_20160412160000_EBG.jpg,983,569,background,0
FRF_c1_snap_20160412160000_EBG.jpg,976,529,background,0
FRF_c1_snap_20160412160000_EBG.jpg,1950,1018,background,0
FRF_c1_snap_20160412160000_EBG.jpg,1410,683,background,0
FRF_c1_snap_20160412160000_EBG.jpg,2404,1074,background,0
FRF_c1_snap_20160412160000_EBG.jpg,1184,574,background,0
FRF_c1_snap_20160412160000_EBG.jpg,1696,703,background,0
FRF_c1_snap_20160412160000_EBG.jpg,2201,1039,background,0
FRF_c1_snap_20160412160000_EBG.jpg,1161,606,background,0
FRF_c1_snap_20160412160000_EBG.jpg,1503,858,background,0
FRF_c1_snap_20160412160000_EBG.jpg,1483,810,background,0
FRF_c1_snap_20160412160000_EBG.jpg,2189,1216,background,0
FRF_c1_snap_20160412160000_EBG.jpg,1918,970,background,0
FRF_c1_snap_20160412160000_EBG.jpg,1709,816,background,0
FRF_c1_snap_20160412160000_EBG.jpg,1122,602,background,0
FRF_c1_snap_20160412160000_EBG.jpg,1206,610,background,0
FRF_c1_snap_20160412160000_EBG.jpg,284,491,background,0
FRF_c1_snap_20160412160000_EBG.jpg,194,675,background,0
FRF_c1_snap_20160412160000_EBG.jpg,177,578,background,0
FRF_c1_snap_20160412160000_EBG.jpg,53,523,background,0
FRF_c1_snap_20160412160000_EBG.jpg,324,343,background,0
FRF_c1_snap_20160412160000_EBG.jpg,338,646,background,0
FRF_c1_snap_20160412160000_EBG.jpg,26,499,background,0
FRF_c1_snap_20160412160000_EBG.jpg,423,621,background,0
FRF_c1_snap_20160412160000_EBG.jpg,507,539,background,0
FRF_c1_snap_20160412160000_EBG.jpg,256,272,background,0
FRF_c1_snap_20160412160000_EBG.jpg,156,412,background,0
FRF_c1_snap_20160412160000_EBG.jpg,405,434,background,0
FRF_c1_snap_20160412160000_EBG.jpg,355,392,background,0
FRF_c1_snap_20160412160000_EBG.jpg,199,413,background,0
FRF_c1_snap_20160412160000_EBG.jpg,195,488,background,0
FRF_c1_snap_20160412160000_EBG.jpg,517,557,background,0
FRF_c1_snap_20160412160000_EBG.jpg,267,444,background,0
FRF_c1_snap_20160412160000_EBG.jpg,245,515,background,0
FRF_c1_snap_20160412160000_EBG.jpg,166,342,background,0
FRF_c1_snap_20160412160000_EBG.jpg,237,279,background,0
FRF_c1_snap_20160412160000_EBG.jpg,362,645,background,0
FRF_c1_snap_20160412160000_EBG.jpg,182,604,background,0
FRF_c1_snap_20160412160000_EBG.jpg,17,293,background,0
FRF_c1_snap_20160412160000_EBG.jpg,378,368,background,0
FRF_c1_snap_20160412160000_EBG.jpg,22,307,background,0
FRF_c1_snap_20160412160000_EBG.jpg,236,565,background,0
FRF_c1_snap_20160412160000_EBG.jpg,140,272,background,0
FRF_c1_snap_20160412160000_EBG.jpg,198,398,background,0
FRF_c1_snap_20160412160000_EBG.jpg,451,620,background,0
FRF_c1_snap_20160412160000_EBG.jpg,181,493,background,0
FRF_c1_snap_20160412160000_EBG.jpg,54,334,background,0
FRF_c1_snap_20160412160000_EBG.jpg,552,607,background,0
FRF_c1_snap_20160412160000_EBG.jpg,232,281,background,0
FRF_c1_snap_20160412160000_EBG.jpg,41,534,background,0
FRF_c1_snap_20160412160000_EBG.jpg,127,358,background,0
FRF_c1_snap_20160412160000_EBG.jpg,50,257,background,0
FRF_c1_snap_20160412160000_EBG.jpg,335,585,background,0
FRF_c1_snap_20160412160000_EBG.jpg,334,342,background,0
FRF_c1_snap_20160412160000_EBG.jpg,323,574,background,0
FRF_c1_snap_20160412160000_EBG.jpg,372,564,background,0
FRF_c1_snap_20160412160000_EBG.jpg,1390,861,wetsand,1
FRF_c1_snap_20160412160000_EBG.jpg,1599,980,wetsand,1
FRF_c1_snap_20160412160000_EBG.jpg,1680,1043,wetsand,1
FRF_c1_snap_20160412160000_EBG.jpg,1843,1109,wetsand,1
FRF_c1_snap_20160412160000_EBG.jpg,1669,1003,wetsand,1
FRF_c1_snap_20160412160000_EBG.jpg,1341,805,wetsand,1
FRF_c1_snap_20160412160000_EBG.jpg,1378,827,wetsand,1
FRF_c1_snap_20160412160000_EBG.jpg,2026,1351,wetsand,1
FRF_c1_snap_20160412160000_EBG.jpg,1941,1247,wetsand,1
FRF_c1_snap_20160412160000_EBG.jpg,1477,892,wetsand,1
FRF_c1_snap_20160412160000_EBG.jpg,1437,828,wetsand,1
FRF_c1_snap_20160412160000_EBG.jpg,1486,905,wetsand,1
FRF_c1_snap_20160412160000_EBG.jpg,1696,1076,wetsand,1
FRF_c1_snap_20160412160000_EBG.jpg,1151,699,wetsand,1
FRF_c1_snap_20160412160000_EBG.jpg,1619,991,wetsand,1
FRF_c1_snap_20160412160000_EBG.jpg,1446,879,wetsand,1
FRF_c1_snap_20160412160000_EBG.jpg,1577,968,wetsand,1
FRF_c1_snap_20160412160000_EBG.jpg,1381,806,wetsand,1
FRF_c1_snap_20160412160000_EBG.jpg,1585,1007,wetsand,1
FRF_c1_snap_20160412160000_EBG.jpg,1715,1055,wetsand,1
FRF_c1_snap_20160412160000_EBG.jpg,1558,922,wetsand,1
FRF_c1_snap_20160412160000_EBG.jpg,1500,965,wetsand,1
FRF_c1_snap_20160412160000_EBG.jpg,1781,1103,wetsand,1
FRF_c1_snap_20160412160000_EBG.jpg,1481,909,wetsand,1
FRF_c1_snap_20160412160000_EBG.jpg,1320,780,wetsand,1
FRF_c1_snap_20160412160000_EBG.jpg,1356,814,wetsand,1
FRF_c1_snap_20160412160000_EBG.jpg,1503,932,wetsand,1
FRF_c1_snap_20160412160000_EBG.jpg,1489,888,wetsand,1
FRF_c1_snap_20160412160000_EBG.jpg,1898,1155,wetsand,1
FRF_c1_snap_20160412160000_EBG.jpg,1893,1112,wetsand,1
FRF_c1_snap_20160412160000_EBG.jpg,1620,989,wetsand,1
FRF_c1_snap_20160412160000_EBG.jpg,1554,935,wetsand,1
FRF_c1_snap_20160412160000_EBG.jpg,1885,1107,wetsand,1
FRF_c1_snap_20160412160000_EBG.jpg,1899,1110,wetsand,1
FRF_c1_snap_20160412160000_EBG.jpg,1910,1186,wetsand,1
FRF_c1_snap_20160412160000_EBG.jpg,1466,904,wetsand,1
FRF_c1_snap_20160412160000_EBG.jpg,1726,1066,wetsand,1
FRF_c1_snap_20160412160000_EBG.jpg,1570,990,wetsand,1
FRF_c1_snap_20160412160000_EBG.jpg,1482,911,wetsand,1
FRF_c1_snap_20160412160000_EBG.jpg,1370,798,wetsand,1
FRF_c1_snap_20160412160000_EBG.jpg,1504,977,wetsand,1
FRF_c1_snap_20160412160000_EBG.jpg,1163,703,wetsand,1
FRF_c1_snap_20160412160000_EBG.jpg,1414,809,wetsand,1
FRF_c1_snap_20160412160000_EBG.jpg,1700,1057,wetsand,1
FRF_c1_snap_20160412160000_EBG.jpg,1468,881,wetsand,1
FRF_c1_snap_20160412160000_EBG.jpg,1963,1262,wetsand,1
FRF_c1_snap_20160412160000_EBG.jpg,1931,1136,wetsand,1
FRF_c1_snap_20160412160000_EBG.jpg,2001,1314,wetsand,1
FRF_c1_snap_20160412160000_EBG.jpg,1647,998,wetsand,1
FRF_c1_snap_20160412160000_EBG.jpg,1392,863,wetsand,1
FRF_c1_snap_20160412160000_EBG.jpg,1219,725,wetsand,1
FRF_c1_snap_20160412160000_EBG.jpg,1576,1027,wetsand,1
FRF_c1_snap_20160412160000_EBG.jpg,1704,1078,wetsand,1
FRF_c1_snap_20160412160000_EBG.jpg,1532,1005,wetsand,1
FRF_c1_snap_20160412160000_EBG.jpg,1604,974,wetsand,1
FRF_c1_snap_20160412160000_EBG.jpg,1485,926,wetsand,1
FRF_c1_snap_20160412160000_EBG.jpg,1902,1124,wetsand,1
FRF_c1_snap_20160412160000_EBG.jpg,1908,1135,wetsand,1
FRF_c1_snap_20160412160000_EBG.jpg,1444,863,wetsand,1
FRF_c1_snap_20160412160000_EBG.jpg,1376,839,wetsand,1
FRF_c1_snap_20160412160000_EBG.jpg,1485,932,wetsand,1
FRF_c1_snap_20160412160000_EBG.jpg,1761,1090,wetsand,1
FRF_c1_snap_20160412160000_EBG.jpg,1798,1094,wetsand,1
FRF_c1_snap_20160412160000_EBG.jpg,1388,814,wetsand,1
FRF_c1_snap_20160412160000_EBG.jpg,1459,887,wetsand,1
FRF_c1_snap_20160412160000_EBG.jpg,1415,869,wetsand,1
FRF_c1_snap_20160412160000_EBG.jpg,1606,1017,wetsand,1
FRF_c1_snap_20160412160000_EBG.jpg,1576,956,wetsand,1
FRF_c1_snap_20160412160000_EBG.jpg,1889,1118,wetsand,1
FRF_c1_snap_20160412160000_EBG.jpg,1963,1253,wetsand,1
FRF_c1_snap_20160412160000_EBG.jpg,1498,896,wetsand,1
FRF_c1_snap_20160412160000_EBG.jpg,1359,817,wetsand,1
FRF_c1_snap_20160412160000_EBG.jpg,1891,1102,wetsand,1
FRF_c1_snap_20160412160000_EBG.jpg,1583,1026,wetsand,1
FRF_c1_snap_20160412160000_EBG.jpg,1517,935,wetsand,1
FRF_c1_snap_20160412160000_EBG.jpg,1363,814,wetsand,1
FRF_c1_snap_20160412160000_EBG.jpg,1393,836,wetsand,1
FRF_c1_snap_20160412160000_EBG.jpg,1376,820,wetsand,1
FRF_c1_snap_20160412160000_EBG.jpg,1699,1048,wetsand,1
FRF_c1_snap_20160412160000_EBG.jpg,1556,939,wetsand,1
FRF_c1_snap_20160412160000_EBG.jpg,1803,1983,drysand,2
FRF_c1_snap_20160412160000_EBG.jpg,861,642,drysand,2
FRF_c1_snap_20160412160000_EBG.jpg,1502,1478,drysand,2
FRF_c1_snap_20160412160000_EBG.jpg,963,1073,drysand,2
FRF_c1_snap_20160412160000_EBG.jpg,1227,799,drysand,2
FRF_c1_snap_20160412160000_EBG.jpg,659,1405,drysand,2
FRF_c1_snap_20160412160000_EBG.jpg,855,792,drysand,2
FRF_c1_snap_20160412160000_EBG.jpg,2005,1814,drysand,2
FRF_c1_snap_20160412160000_EBG.jpg,1119,740,drysand,2
FRF_c1_snap_20160412160000_EBG.jpg,1234,1485,drysand,2
FRF_c1_snap_20160412160000_EBG.jpg,858,596,drysand,2
FRF_c1_snap_20160412160000_EBG.jpg,1847,1337,drysand,2
FRF_c1_snap_20160412160000_EBG.jpg,1052,876,drysand,2
FRF_c1_snap_20160412160000_EBG.jpg,2165,1937,drysand,2
FRF_c1_snap_20160412160000_EBG.jpg,1317,1095,drysand,2
FRF_c1_snap_20160412160000_EBG.jpg,966,747,drysand,2
FRF_c1_snap_20160412160000_EBG.jpg,1725,1947,drysand,2
FRF_c1_snap_20160412160000_EBG.jpg,1239,1019,drysand,2
FRF_c1_snap_20160412160000_EBG.jpg,1613,1605,drysand,2
FRF_c1_snap_20160412160000_EBG.jpg,1526,1129,drysand,2
FRF_c1_snap_20160412160000_EBG.jpg,2236,1910,drysand,2
FRF_c1_snap_20160412160000_EBG.jpg,1519,1723,drysand,2
FRF_c1_snap_20160412160000_EBG.jpg,1347,996,drysand,2
FRF_c1_snap_20160412160000_EBG.jpg,1059,736,drysand,2
FRF_c1_snap_20160412160000_EBG.jpg,1989,1502,drysand,2
FRF_c1_snap_20160412160000_EBG.jpg,1348,962,drysand,2
FRF_c1_snap_20160412160000_EBG.jpg,1353,1131,drysand,2
FRF_c1_snap_20160412160000_EBG.jpg,2022,1712,drysand,2
FRF_c1_snap_20160412160000_EBG.jpg,813,755,drysand,2
FRF_c1_snap_20160412160000_EBG.jpg,1497,1321,drysand,2
FRF_c1_snap_20160412160000_EBG.jpg,2162,1924,drysand,2
FRF_c1_snap_20160412160000_EBG.jpg,920,639,drysand,2
FRF_c1_snap_20160412160000_EBG.jpg,1578,1138,drysand,2
FRF_c1_snap_20160412160000_EBG.jpg,1630,1589,drysand,2
FRF_c1_snap_20160412160000_EBG.jpg,1825,1450,drysand,2
FRF_c1_snap_20160412160000_EBG.jpg,2046,1831,drysand,2
FRF_c1_snap_20160412160000_EBG.jpg,1451,951,drysand,2
FRF_c1_snap_20160412160000_EBG.jpg,1938,1861,drysand,2
FRF_c1_snap_20160412160000_EBG.jpg,2057,1811,drysand,2
FRF_c1_snap_20160412160000_EBG.jpg,1412,1404,drysand,2
FRF_c1_snap_20160412160000_EBG.jpg,923,808,drysand,2
FRF_c1_snap_20160412160000_EBG.jpg,1442,1839,drysand,2
FRF_c1_snap_20160412160000_EBG.jpg,759,587,drysand,2
FRF_c1_snap_20160412160000_EBG.jpg,1636,1229,drysand,2
FRF_c1_snap_20160412160000_EBG.jpg,1823,1343,drysand,2
FRF_c1_snap_20160412160000_EBG.jpg,1718,1262,drysand,2
FRF_c1_snap_20160412160000_EBG.jpg,1409,1278,drysand,2
FRF_c1_snap_20160412160000_EBG.jpg,2411,1922,drysand,2
FRF_c1_snap_20160412160000_EBG.jpg,2158,1916,drysand,2
FRF_c1_snap_20160412160000_EBG.jpg,1083,1120,drysand,2
FRF_c1_snap_20160412160000_EBG.jpg,1232,1316,drysand,2
FRF_c1_snap_20160412160000_EBG.jpg,1613,1666,drysand,2
FRF_c1_snap_20160412160000_EBG.jpg,1722,1265,drysand,2
FRF_c1_snap_20160412160000_EBG.jpg,1898,1335,drysand,2
FRF_c1_snap_20160412160000_EBG.jpg,1666,1739,drysand,2
FRF_c1_snap_20160412160000_EBG.jpg,985,703,drysand,2
FRF_c1_snap_20160412160000_EBG.jpg,1527,1332,drysand,2
FRF_c1_snap_20160412160000_EBG.jpg,1328,1361,drysand,2
FRF_c1_snap_20160412160000_EBG.jpg,925,641,drysand,2
FRF_c1_snap_20160412160000_EBG.jpg,1357,1327,drysand,2
FRF_c1_snap_20160412160000_EBG.jpg,1560,1350,drysand,2
FRF_c1_snap_20160412160000_EBG.jpg,1691,1618,drysand,2
FRF_c1_snap_20160412160000_EBG.jpg,893,780,drysand,2
FRF_c1_snap_20160412160000_EBG.jpg,1388,1642,drysand,2
FRF_c1_snap_20160412160000_EBG.jpg,829,779,drysand,2
FRF_c1_snap_20160412160000_EBG.jpg,1009,860,drysand,2
FRF_c1_snap_20160412160000_EBG.jpg,809,832,drysand,2
FRF_c1_snap_20160412160000_EBG.jpg,1331,1731,drysand,2
FRF_c1_snap_20160412160000_EBG.jpg,2197,1841,drysand,2
FRF_c1_snap_20160412160000_EBG.jpg,2067,1953,drysand,2
FRF_c1_snap_20160412160000_EBG.jpg,1341,1410,drysand,2
FRF_c1_snap_20160412160000_EBG.jpg,1634,1704,drysand,2
FRF_c1_snap_20160412160000_EBG.jpg,1771,1387,drysand,2
FRF_c1_snap_20160412160000_EBG.jpg,1036,1149,drysand,2
FRF_c1_snap_20160412160000_EBG.jpg,1659,1900,drysand,2
FRF_c1_snap_20160412160000_EBG.jpg,900,866,drysand,2
FRF_c1_snap_20160412160000_EBG.jpg,1160,970,drysand,2
FRF_c1_snap_20160412160000_EBG.jpg,2169,1912,drysand,2
FRF_c1_snap_20160412160000_EBG.jpg,1318,1046,drysand,2
FRF_c1_snap_20160412160000_EBG.jpg,1204,1188,drysand,2
FRF_c1_snap_20160412160000_EBG.jpg,854,1603,vegetation,3
FRF_c1_snap_20160412160000_EBG.jpg,815,1363,vegetation,3
FRF_c1_snap_20160412160000_EBG.jpg,708,828,vegetation,3
FRF_c1_snap_20160412160000_EBG.jpg,902,1249,vegetation,3
FRF_c1_snap_20160412160000_EBG.jpg,786,1951,vegetation,3
FRF_c1_snap_20160412160000_EBG.jpg,663,1160,vegetation,3
FRF_c1_snap_20160412160000_EBG.jpg,783,917,vegetation,3
FRF_c1_snap_20160412160000_EBG.jpg,1079,1969,vegetation,3
FRF_c1_snap_20160412160000_EBG.jpg,1034,1691,vegetation,3
FRF_c1_snap_20160412160000_EBG.jpg,1140,1520,vegetation,3
FRF_c1_snap_20160412160000_EBG.jpg,1099,1591,vegetation,3
FRF_c1_snap_20160412160000_EBG.jpg,1147,1504,vegetation,3
FRF_c1_snap_20160412160000_EBG.jpg,633,1789,vegetation,3
FRF_c1_snap_20160412160000_EBG.jpg,1143,1612,vegetation,3
FRF_c1_snap_20160412160000_EBG.jpg,643,1330,vegetation,3
FRF_c1_snap_20160412160000_EBG.jpg,1386,1961,vegetation,3
FRF_c1_snap_20160412160000_EBG.jpg,1079,1890,vegetation,3
FRF_c1_snap_20160412160000_EBG.jpg,1062,1296,vegetation,3
FRF_c1_snap_20160412160000_EBG.jpg,1220,1939,vegetation,3
FRF_c1_snap_20160412160000_EBG.jpg,1266,1934,vegetation,3
FRF_c1_snap_20160412160000_EBG.jpg,824,1159,vegetation,3
FRF_c1_snap_20160412160000_EBG.jpg,588,1899,vegetation,3
FRF_c1_snap_20160412160000_EBG.jpg,1060,1908,vegetation,3
FRF_c1_snap_20160412160000_EBG.jpg,985,1475,vegetation,3
FRF_c1_snap_20160412160000_EBG.jpg,1149,1737,vegetation,3
FRF_c1_snap_20160412160000_EBG.jpg,854,1351,vegetation,3
FRF_c1_snap_20160412160000_EBG.jpg,924,1537,vegetation,3
FRF_c1_snap_20160412160000_EBG.jpg,1125,1564,vegetation,3
FRF_c1_snap_20160412160000_EBG.jpg,1016,1165,vegetation,3
FRF_c1_snap_20160412160000_EBG.jpg,986,1440,vegetation,3
FRF_c1_snap_20160412160000_EBG.jpg,777,1642,vegetation,3
FRF_c1_snap_20160412160000_EBG.jpg,997,1195,vegetation,3
FRF_c1_snap_20160412160000_EBG.jpg,918,1634,vegetation,3
FRF_c1_snap_20160412160000_EBG.jpg,623,1609,vegetation,3
FRF_c1_snap_20160412160000_EBG.jpg,751,1955,vegetation,3
FRF_c1_snap_20160412160000_EBG.jpg,782,1755,vegetation,3
FRF_c1_snap_20160412160000_EBG.jpg,706,1732,vegetation,3
FRF_c1_snap_20160412160000_EBG.jpg,677,838,vegetation,3
FRF_c1_snap_20160412160000_EBG.jpg,822,1647,vegetation,3
FRF_c1_snap_20160412160000_EBG.jpg,1210,1766,vegetation,3
FRF_c1_snap_20160412160000_EBG.jpg,336,1146,vegetation,3
FRF_c1_snap_20160412160000_EBG.jpg,100,1455,vegetation,3
FRF_c1_snap_20160412160000_EBG.jpg,264,1318,vegetation,3
FRF_c1_snap_20160412160000_EBG.jpg,418,1716,vegetation,3
FRF_c1_snap_20160412160000_EBG.jpg,311,1419,vegetation,3
FRF_c1_snap_20160412160000_EBG.jpg,158,1880,vegetation,3
FRF_c1_snap_20160412160000_EBG.jpg,539,1813,vegetation,3
FRF_c1_snap_20160412160000_EBG.jpg,188,1225,vegetation,3
FRF_c1_snap_20160412160000_EBG.jpg,398,1587,vegetation,3
FRF_c1_snap_20160412160000_EBG.jpg,382,1565,vegetation,3
FRF_c1_snap_20160412160000_EBG.jpg,428,1284,vegetation,3
FRF_c1_snap_20160412160000_EBG.jpg,25,1605,vegetation,3
FRF_c1_snap_20160412160000_EBG.jpg,315,1360,vegetation,3
FRF_c1_snap_20160412160000_EBG.jpg,45,1311,vegetation,3
FRF_c1_snap_20160412160000_EBG.jpg,518,949,vegetation,3
FRF_c1_snap_20160412160000_EBG.jpg,212,1401,vegetation,3
FRF_c1_snap_20160412160000_EBG.jpg,537,973,vegetation,3
FRF_c1_snap_20160412160000_EBG.jpg,510,1019,vegetation,3
FRF_c1_snap_20160412160000_EBG.jpg,292,1221,vegetation,3
FRF_c1_snap_20160412160000_EBG.jpg,498,1755,vegetation,3
FRF_c1_snap_20160412160000_EBG.jpg,182,916,vegetation,3
FRF_c1_snap_20160412160000_EBG.jpg,382,1156,vegetation,3
FRF_c1_snap_20160412160000_EBG.jpg,53,1515,vegetation,3
FRF_c1_snap_20160412160000_EBG.jpg,97,1103,vegetation,3
FRF_c1_snap_20160412160000_EBG.jpg,322,927,vegetation,3
FRF_c1_snap_20160412160000_EBG.jpg,210,1789,vegetation,3
FRF_c1_snap_20160412160000_EBG.jpg,210,1431,vegetation,3
FRF_c1_snap_20160412160000_EBG.jpg,448,1633,vegetation,3
FRF_c1_snap_20160412160000_EBG.jpg,485,1449,vegetation,3
FRF_c1_snap_20160412160000_EBG.jpg,270,919,vegetation,3
FRF_c1_snap_20160412160000_EBG.jpg,456,926,vegetation,3
FRF_c1_snap_20160412160000_EBG.jpg,299,1820,vegetation,3
FRF_c1_snap_20160412160000_EBG.jpg,22,1389,vegetation,3
FRF_c1_snap_20160412160000_EBG.jpg,225,1173,vegetation,3
FRF_c1_snap_20160412160000_EBG.jpg,364,1429,vegetation,3
FRF_c1_snap_20160412160000_EBG.jpg,302,1232,vegetation,3
FRF_c1_snap_20160412160000_EBG.jpg,50,1518,vegetation,3
FRF_c1_snap_20160412160000_EBG.jpg,197,1801,vegetation,3
FRF_c1_snap_20160412160000_EBG.jpg,31,1046,vegetation,3
FRF_c1_snap_20160412160000_EBG.jpg,167,1648,vegetation,3
FRF_c1_snap_20160412160000_EBG.jpg,1998,1601,lag,5
FRF_c1_snap_20160412160000_EBG.jpg,1860,1509,lag,5
FRF_c1_snap_20160412160000_EBG.jpg,1628,1286,lag,5
FRF_c1_snap_20160412160000_EBG.jpg,2077,1753,lag,5
FRF_c1_snap_20160412160000_EBG.jpg,1679,1714,lag,5
FRF_c1_snap_20160412160000_EBG.jpg,1929,1328,lag,5
FRF_c1_snap_20160412160000_EBG.jpg,1481,1232,lag,5
FRF_c1_snap_20160412160000_EBG.jpg,1783,1515,lag,5
FRF_c1_snap_20160412160000_EBG.jpg,1990,1785,lag,5
FRF_c1_snap_20160412160000_EBG.jpg,2299,1647,lag,5
FRF_c1_snap_20160412160000_EBG.jpg,1546,1287,lag,5
FRF_c1_snap_20160412160000_EBG.jpg,1674,1441,lag,5
FRF_c1_snap_20160412160000_EBG.jpg,2046,1734,lag,5
FRF_c1_snap_20160412160000_EBG.jpg,2002,1739,lag,5
FRF_c1_snap_20160412160000_EBG.jpg,2195,1627,lag,5
FRF_c1_snap_20160412160000_EBG.jpg,2280,1922,lag,5
FRF_c1_snap_20160412160000_EBG.jpg,2398,1866,lag,5
FRF_c1_snap_20160412160000_EBG.jpg,2117,1775,lag,5
FRF_c1_snap_20160412160000_EBG.jpg,2205,1789,lag,5
FRF_c1_snap_20160412160000_EBG.jpg,1915,1497,lag,5
FRF_c1_snap_20160412160000_EBG.jpg,1692,1709,lag,5
FRF_c1_snap_20160412160000_EBG.jpg,1551,1466,lag,5
FRF_c1_snap_20160412160000_EBG.jpg,2090,1646,lag,5
FRF_c1_snap_20160412160000_EBG.jpg,1947,1520,lag,5
FRF_c1_snap_20160412160000_EBG.jpg,2128,1615,lag,5
FRF_c1_snap_20160412160000_EBG.jpg,1571,1278,lag,5
FRF_c1_snap_20160412160000_EBG.jpg,2386,1843,lag,5
FRF_c1_snap_20160412160000_EBG.jpg,1895,1757,lag,5
FRF_c1_snap_20160412160000_EBG.jpg,2149,1654,lag,5
FRF_c1_snap_20160412160000_EBG.jpg,2174,1637,lag,5
FRF_c1_snap_20160412160000_EBG.jpg,1806,1669,lag,5
FRF_c1_snap_20160412160000_EBG.jpg,1827,1774,lag,5
FRF_c1_snap_20160412160000_EBG.jpg,1590,1466,lag,5
FRF_c1_snap_20160412160000_EBG.jpg,2202,1593,lag,5
FRF_c1_snap_20160412160000_EBG.jpg,1920,1326,lag,5
FRF_c1_snap_20160412160000_EBG.jpg,2335,1805,lag,5
FRF_c1_snap_20160412160000_EBG.jpg,2237,1788,lag,5
FRF_c1_snap_20160412160000_EBG.jpg,1591,1479,lag,5
FRF_c1_snap_20160412160000_EBG.jpg,1652,1290,lag,5
FRF_c1_snap_20160412160000_EBG.jpg,2213,1723,lag,5
FRF_c1_snap_20160412160000_EBG.jpg,1868,1794,lag,5
FRF_c1_snap_20160412160000_EBG.jpg,2134,1665,lag,5
FRF_c1_snap_20160412160000_EBG.jpg,1665,1525,lag,5
FRF_c1_snap_20160412160000_EBG.jpg,2259,1838,lag,5
FRF_c1_snap_20160412160000_EBG.jpg,1787,1788,lag,5
FRF_c1_snap_20160412160000_EBG.jpg,2225,1602,lag,5
FRF_c1_snap_20160412160000_EBG.jpg,1902,1789,lag,5
FRF_c1_snap_20160412160000_EBG.jpg,2356,1839,lag,5
FRF_c1_snap_20160412160000_EBG.jpg,2155,1573,lag,5
FRF_c1_snap_20160412160000_EBG.jpg,1627,1512,lag,5
FRF_c1_snap_20160412160000_EBG.jpg,2002,1797,lag,5
FRF_c1_snap_20160412160000_EBG.jpg,1597,1319,lag,5
FRF_c1_snap_20160412160000_EBG.jpg,1939,1741,lag,5
FRF_c1_snap_20160412160000_EBG.jpg,2078,1631,lag,5
FRF_c1_snap_20160412160000_EBG.jpg,1562,1450,lag,5
FRF_c1_snap_20160412160000_EBG.jpg,2291,1894,lag,5
FRF_c1_snap_20160412160000_EBG.jpg,1717,1762,lag,5
FRF_c1_snap_20160412160000_EBG.jpg,2276,1926,lag,5
FRF_c1_snap_20160412160000_EBG.jpg,1779,1515,lag,5
FRF_c1_snap_20160412160000_EBG.jpg,1999,1530,lag,5
FRF_c1_snap_20160412160000_EBG.jpg,1982,1566,lag,5
FRF_c1_snap_20160412160000_EBG.jpg,1742,1706,lag,5
FRF_c1_snap_20160412160000_EBG.jpg,1959,1714,lag,5
FRF_c1_snap_20160412160000_EBG.jpg,2312,1862,lag,5
FRF_c1_snap_20160412160000_EBG.jpg,1690,1472,lag,5
FRF_c1_snap_20160412160000_EBG.jpg,2029,1769,lag,5
FRF_c1_snap_20160412160000_EBG.jpg,1506,1254,lag,5
FRF_c1_snap_20160412160000_EBG.jpg,1874,1775,lag,5
FRF_c1_snap_20160412160000_EBG.jpg,2283,1625,lag,5
FRF_c1_snap_20160412160000_EBG.jpg,2008,1801,lag,5
FRF_c1_snap_20160412160000_EBG.jpg,2390,1788,lag,5
FRF_c1_snap_20160412160000_EBG.jpg,2270,1632,lag,5
FRF_c1_snap_20160412160000_EBG.jpg,2002,1789,lag,5
FRF_c1_snap_20160412160000_EBG.jpg,1754,1516,lag,5
FRF_c1_snap_20160412160000_EBG.jpg,1609,1339,lag,5
FRF_c1_snap_20160412160000_EBG.jpg,1753,1709,lag,5
FRF_c1_snap_20160412160000_EBG.jpg,2152,1635,lag,5
FRF_c1_snap_20160412160000_EBG.jpg,1987,1760,lag,5
FRF_c1_snap_20160412160000_EBG.jpg,2269,1733,lag,5
FRF_c1_snap_20160412160000_EBG.jpg,1785,1712,lag,5
FRF_c1_snap_20160615160000_EBG.jpg,2023,784,background,0
FRF_c1_snap_20160615160000_EBG.jpg,1419,730,background,0
FRF_c1_snap_20160615160000_EBG.jpg,1289,643,background,0
FRF_c1_snap_20160615160000_EBG.jpg,2347,1207,background,0
FRF_c1_snap_20160615160000_EBG.jpg,983,1186,background,0
FRF_c1_snap_20160615160000_EBG.jpg,651,991,background,0
FRF_c1_snap_20160615160000_EBG.jpg,2212,890,background,0
FRF_c1_snap_20160615160000_EBG.jpg,943,1563,background,0
FRF_c1_snap_20160615160000_EBG.jpg,1473,680,background,0
FRF_c1_snap_20160615160000_EBG.jpg,2374,1045,background,0
FRF_c1_snap_20160615160000_EBG.jpg,1585,781,background,0
FRF_c1_snap_20160615160000_EBG.jpg,2053,899,background,0
FRF_c1_snap_20160615160000_EBG.jpg,2059,1211,background,0
FRF_c1_snap_20160615160000_EBG.jpg,1279,531,background,0
FRF_c1_snap_20160615160000_EBG.jpg,1234,555,background,0
FRF_c1_snap_20160615160000_EBG.jpg,2169,1069,background,0
FRF_c1_snap_20160615160000_EBG.jpg,1604,661,background,0
FRF_c1_snap_20160615160000_EBG.jpg,2096,903,background,0
FRF_c1_snap_20160615160000_EBG.jpg,2342,1363,background,0
FRF_c1_snap_20160615160000_EBG.jpg,1776,740,background,0
FRF_c1_snap_20160615160000_EBG.jpg,1690,898,background,0
FRF_c1_snap_20160615160000_EBG.jpg,2265,938,background,0
FRF_c1_snap_20160615160000_EBG.jpg,1448,728,background,0
FRF_c1_snap_20160615160000_EBG.jpg,2370,1175,background,0
FRF_c1_snap_20160615160000_EBG.jpg,1926,803,background,0
FRF_c1_snap_20160615160000_EBG.jpg,2141,969,background,0
FRF_c1_snap_20160615160000_EBG.jpg,1713,866,background,0
FRF_c1_snap_20160615160000_EBG.jpg,1354,675,background,0
FRF_c1_snap_20160615160000_EBG.jpg,2145,1144,background,0
FRF_c1_snap_20160615160000_EBG.jpg,2107,1007,background,0
FRF_c1_snap_20160615160000_EBG.jpg,2010,882,background,0
FRF_c1_snap_20160615160000_EBG.jpg,1219,545,background,0
FRF_c1_snap_20160615160000_EBG.jpg,1323,1843,background,0
FRF_c1_snap_20160615160000_EBG.jpg,2211,1129,background,0
FRF_c1_snap_20160615160000_EBG.jpg,1978,811,background,0
FRF_c1_snap_20160615160000_EBG.jpg,1641,682,background,0
FRF_c1_snap_20160615160000_EBG.jpg,1975,1052,background,0
FRF_c1_snap_20160615160000_EBG.jpg,2210,978,background,0
FRF_c1_snap_20160615160000_EBG.jpg,2385,940,background,0
FRF_c1_snap_20160615160000_EBG.jpg,1858,725,background,0
FRF_c1_snap_20160615160000_EBG.jpg,396,452,background,0
FRF_c1_snap_20160615160000_EBG.jpg,338,347,background,0
FRF_c1_snap_20160615160000_EBG.jpg,110,452,background,0
FRF_c1_snap_20160615160000_EBG.jpg,196,538,background,0
FRF_c1_snap_20160615160000_EBG.jpg,462,465,background,0
FRF_c1_snap_20160615160000_EBG.jpg,432,474,background,0
FRF_c1_snap_20160615160000_EBG.jpg,425,456,background,0
FRF_c1_snap_20160615160000_EBG.jpg,107,677,background,0
FRF_c1_snap_20160615160000_EBG.jpg,152,419,background,0
FRF_c1_snap_20160615160000_EBG.jpg,358,637,background,0
FRF_c1_snap_20160615160000_EBG.jpg,401,573,background,0
FRF_c1_snap_20160615160000_EBG.jpg,94,340,background,0
FRF_c1_snap_20160615160000_EBG.jpg,168,302,background,0
FRF_c1_snap_20160615160000_EBG.jpg,140,386,background,0
FRF_c1_snap_20160615160000_EBG.jpg,384,571,background,0
FRF_c1_snap_20160615160000_EBG.jpg,399,474,background,0
FRF_c1_snap_20160615160000_EBG.jpg,108,585,background,0
FRF_c1_snap_20160615160000_EBG.jpg,316,325,background,0
FRF_c1_snap_20160615160000_EBG.jpg,277,284,background,0
FRF_c1_snap_20160615160000_EBG.jpg,319,538,background,0
FRF_c1_snap_20160615160000_EBG.jpg,232,598,background,0
FRF_c1_snap_20160615160000_EBG.jpg,554,528,background,0
FRF_c1_snap_20160615160000_EBG.jpg,123,628,background,0
FRF_c1_snap_20160615160000_EBG.jpg,80,526,background,0
FRF_c1_snap_20160615160000_EBG.jpg,189,408,background,0
FRF_c1_snap_20160615160000_EBG.jpg,249,595,background,0
FRF_c1_snap_20160615160000_EBG.jpg,279,586,background,0
FRF_c1_snap_20160615160000_EBG.jpg,479,457,background,0
FRF_c1_snap_20160615160000_EBG.jpg,82,489,background,0
FRF_c1_snap_20160615160000_EBG.jpg,410,579,background,0
FRF_c1_snap_20160615160000_EBG.jpg,71,397,background,0
FRF_c1_snap_20160615160000_EBG.jpg,53,687,background,0
FRF_c1_snap_20160615160000_EBG.jpg,94,591,background,0
FRF_c1_snap_20160615160000_EBG.jpg,59,413,background,0
FRF_c1_snap_20160615160000_EBG.jpg,285,579,background,0
FRF_c1_snap_20160615160000_EBG.jpg,520,631,background,0
FRF_c1_snap_20160615160000_EBG.jpg,365,425,background,0
FRF_c1_snap_20160615160000_EBG.jpg,535,604,background,0
FRF_c1_snap_20160615160000_EBG.jpg,100,340,background,0
FRF_c1_snap_20160615160000_EBG.jpg,284,453,background,0
FRF_c1_snap_20160615160000_EBG.jpg,1962,1238,wetsand,1
FRF_c1_snap_20160615160000_EBG.jpg,1545,887,wetsand,1
FRF_c1_snap_20160615160000_EBG.jpg,2048,1235,wetsand,1
FRF_c1_snap_20160615160000_EBG.jpg,1795,1096,wetsand,1
FRF_c1_snap_20160615160000_EBG.jpg,2237,1356,wetsand,1
FRF_c1_snap_20160615160000_EBG.jpg,1911,1163,wetsand,1
FRF_c1_snap_20160615160000_EBG.jpg,2316,1378,wetsand,1
FRF_c1_snap_20160615160000_EBG.jpg,1351,716,wetsand,1
FRF_c1_snap_20160615160000_EBG.jpg,1594,954,wetsand,1
FRF_c1_snap_20160615160000_EBG.jpg,1839,1130,wetsand,1
FRF_c1_snap_20160615160000_EBG.jpg,1130,606,wetsand,1
FRF_c1_snap_20160615160000_EBG.jpg,2021,1215,wetsand,1
FRF_c1_snap_20160615160000_EBG.jpg,1600,921,wetsand,1
FRF_c1_snap_20160615160000_EBG.jpg,1309,725,wetsand,1
FRF_c1_snap_20160615160000_EBG.jpg,1833,1136,wetsand,1
FRF_c1_snap_20160615160000_EBG.jpg,1907,1185,wetsand,1
FRF_c1_snap_20160615160000_EBG.jpg,1693,1016,wetsand,1
FRF_c1_snap_20160615160000_EBG.jpg,1779,982,wetsand,1
FRF_c1_snap_20160615160000_EBG.jpg,1705,1018,wetsand,1
FRF_c1_snap_20160615160000_EBG.jpg,2178,1341,wetsand,1
FRF_c1_snap_20160615160000_EBG.jpg,1788,1008,wetsand,1
FRF_c1_snap_20160615160000_EBG.jpg,2389,1497,wetsand,1
FRF_c1_snap_20160615160000_EBG.jpg,1044,576,wetsand,1
FRF_c1_snap_20160615160000_EBG.jpg,2218,1432,wetsand,1
FRF_c1_snap_20160615160000_EBG.jpg,1400,759,wetsand,1
FRF_c1_snap_20160615160000_EBG.jpg,1651,970,wetsand,1
FRF_c1_snap_20160615160000_EBG.jpg,2342,1452,wetsand,1
FRF_c1_snap_20160615160000_EBG.jpg,1485,806,wetsand,1
FRF_c1_snap_20160615160000_EBG.jpg,1914,1051,wetsand,1
FRF_c1_snap_20160615160000_EBG.jpg,1469,841,wetsand,1
FRF_c1_snap_20160615160000_EBG.jpg,2066,1308,wetsand,1
FRF_c1_snap_20160615160000_EBG.jpg,1995,1258,wetsand,1
FRF_c1_snap_20160615160000_EBG.jpg,2108,1278,wetsand,1
FRF_c1_snap_20160615160000_EBG.jpg,2055,1247,wetsand,1
FRF_c1_snap_20160615160000_EBG.jpg,2089,1249,wetsand,1
FRF_c1_snap_20160615160000_EBG.jpg,2159,1293,wetsand,1
FRF_c1_snap_20160615160000_EBG.jpg,1973,1261,wetsand,1
FRF_c1_snap_20160615160000_EBG.jpg,2153,1358,wetsand,1
FRF_c1_snap_20160615160000_EBG.jpg,1597,915,wetsand,1
FRF_c1_snap_20160615160000_EBG.jpg,2034,1261,wetsand,1
FRF_c1_snap_20160615160000_EBG.jpg,1622,877,wetsand,1
FRF_c1_snap_20160615160000_EBG.jpg,1906,1096,wetsand,1
FRF_c1_snap_20160615160000_EBG.jpg,1768,1027,wetsand,1
FRF_c1_snap_20160615160000_EBG.jpg,2139,1339,wetsand,1
FRF_c1_snap_20160615160000_EBG.jpg,1776,1043,wetsand,1
FRF_c1_snap_20160615160000_EBG.jpg,1441,783,wetsand,1
FRF_c1_snap_20160615160000_EBG.jpg,1925,1191,wetsand,1
FRF_c1_snap_20160615160000_EBG.jpg,1657,909,wetsand,1
FRF_c1_snap_20160615160000_EBG.jpg,1602,901,wetsand,1
FRF_c1_snap_20160615160000_EBG.jpg,1610,941,wetsand,1
FRF_c1_snap_20160615160000_EBG.jpg,2236,1385,wetsand,1
FRF_c1_snap_20160615160000_EBG.jpg,1974,1088,wetsand,1
FRF_c1_snap_20160615160000_EBG.jpg,2279,1451,wetsand,1
FRF_c1_snap_20160615160000_EBG.jpg,1821,1109,wetsand,1
FRF_c1_snap_20160615160000_EBG.jpg,1772,1067,wetsand,1
FRF_c1_snap_20160615160000_EBG.jpg,1375,765,wetsand,1
FRF_c1_snap_20160615160000_EBG.jpg,992,650,wetsand,1
FRF_c1_snap_20160615160000_EBG.jpg,2403,1388,wetsand,1
FRF_c1_snap_20160615160000_EBG.jpg,1854,1044,wetsand,1
FRF_c1_snap_20160615160000_EBG.jpg,1667,990,wetsand,1
FRF_c1_snap_20160615160000_EBG.jpg,1677,959,wetsand,1
FRF_c1_snap_20160615160000_EBG.jpg,2345,1428,wetsand,1
FRF_c1_snap_20160615160000_EBG.jpg,1492,856,wetsand,1
FRF_c1_snap_20160615160000_EBG.jpg,2319,1499,wetsand,1
FRF_c1_snap_20160615160000_EBG.jpg,2174,1397,wetsand,1
FRF_c1_snap_20160615160000_EBG.jpg,1902,1087,wetsand,1
FRF_c1_snap_20160615160000_EBG.jpg,1958,1141,wetsand,1
FRF_c1_snap_20160615160000_EBG.jpg,1514,846,wetsand,1
FRF_c1_snap_20160615160000_EBG.jpg,2017,1208,wetsand,1
FRF_c1_snap_20160615160000_EBG.jpg,2402,1411,wetsand,1
FRF_c1_snap_20160615160000_EBG.jpg,1616,885,wetsand,1
FRF_c1_snap_20160615160000_EBG.jpg,1180,668,wetsand,1
FRF_c1_snap_20160615160000_EBG.jpg,1694,979,wetsand,1
FRF_c1_snap_20160615160000_EBG.jpg,1529,823,wetsand,1
FRF_c1_snap_20160615160000_EBG.jpg,1820,1037,wetsand,1
FRF_c1_snap_20160615160000_EBG.jpg,1144,636,wetsand,1
FRF_c1_snap_20160615160000_EBG.jpg,2277,1400,wetsand,1
FRF_c1_snap_20160615160000_EBG.jpg,1684,977,wetsand,1
FRF_c1_snap_20160615160000_EBG.jpg,1606,914,wetsand,1
FRF_c1_snap_20160615160000_EBG.jpg,1634,913,wetsand,1
FRF_c1_snap_20160615160000_EBG.jpg,2359,1922,drysand,2
FRF_c1_snap_20160615160000_EBG.jpg,1334,784,drysand,2
FRF_c1_snap_20160615160000_EBG.jpg,2164,1603,drysand,2
FRF_c1_snap_20160615160000_EBG.jpg,1407,1507,drysand,2
FRF_c1_snap_20160615160000_EBG.jpg,1850,1462,drysand,2
FRF_c1_snap_20160615160000_EBG.jpg,1765,1618,drysand,2
FRF_c1_snap_20160615160000_EBG.jpg,923,973,drysand,2
FRF_c1_snap_20160615160000_EBG.jpg,1322,910,drysand,2
FRF_c1_snap_20160615160000_EBG.jpg,2231,1762,drysand,2
FRF_c1_snap_20160615160000_EBG.jpg,2333,1832,drysand,2
FRF_c1_snap_20160615160000_EBG.jpg,1448,1610,drysand,2
FRF_c1_snap_20160615160000_EBG.jpg,1518,1066,drysand,2
FRF_c1_snap_20160615160000_EBG.jpg,1749,1683,drysand,2
FRF_c1_snap_20160615160000_EBG.jpg,1547,1667,drysand,2
FRF_c1_snap_20160615160000_EBG.jpg,1771,1671,drysand,2
FRF_c1_snap_20160615160000_EBG.jpg,2022,1776,drysand,2
FRF_c1_snap_20160615160000_EBG.jpg,1629,1831,drysand,2
FRF_c1_snap_20160615160000_EBG.jpg,1915,1398,drysand,2
FRF_c1_snap_20160615160000_EBG.jpg,1143,685,drysand,2
FRF_c1_snap_20160615160000_EBG.jpg,1383,1758,drysand,2
FRF_c1_snap_20160615160000_EBG.jpg,1348,940,drysand,2
FRF_c1_snap_20160615160000_EBG.jpg,2072,1334,drysand,2
FRF_c1_snap_20160615160000_EBG.jpg,2339,1538,drysand,2
FRF_c1_snap_20160615160000_EBG.jpg,1857,1324,drysand,2
FRF_c1_snap_20160615160000_EBG.jpg,1648,1728,drysand,2
FRF_c1_snap_20160615160000_EBG.jpg,1006,807,drysand,2
FRF_c1_snap_20160615160000_EBG.jpg,1907,1752,drysand,2
FRF_c1_snap_20160615160000_EBG.jpg,1443,1271,drysand,2
FRF_c1_snap_20160615160000_EBG.jpg,1843,1310,drysand,2
FRF_c1_snap_20160615160000_EBG.jpg,1560,1718,drysand,2
FRF_c1_snap_20160615160000_EBG.jpg,1142,684,drysand,2
FRF_c1_snap_20160615160000_EBG.jpg,1461,1071,drysand,2
FRF_c1_snap_20160615160000_EBG.jpg,2249,1570,drysand,2
FRF_c1_snap_20160615160000_EBG.jpg,2175,1522,drysand,2
FRF_c1_snap_20160615160000_EBG.jpg,1483,1849,drysand,2
FRF_c1_snap_20160615160000_EBG.jpg,798,640,drysand,2
FRF_c1_snap_20160615160000_EBG.jpg,1952,1964,drysand,2
FRF_c1_snap_20160615160000_EBG.jpg,1712,1060,drysand,2
FRF_c1_snap_20160615160000_EBG.jpg,2076,1928,drysand,2
FRF_c1_snap_20160615160000_EBG.jpg,1605,1467,drysand,2
FRF_c1_snap_20160615160000_EBG.jpg,1070,798,drysand,2
FRF_c1_snap_20160615160000_EBG.jpg,1350,1131,drysand,2
FRF_c1_snap_20160615160000_EBG.jpg,1217,918,drysand,2
FRF_c1_snap_20160615160000_EBG.jpg,2390,1696,drysand,2
FRF_c1_snap_20160615160000_EBG.jpg,2333,1891,drysand,2
FRF_c1_snap_20160615160000_EBG.jpg,2098,1658,drysand,2
FRF_c1_snap_20160615160000_EBG.jpg,1441,1061,drysand,2
FRF_c1_snap_20160615160000_EBG.jpg,1065,1202,drysand,2
FRF_c1_snap_20160615160000_EBG.jpg,1433,1555,drysand,2
FRF_c1_snap_20160615160000_EBG.jpg,2161,1530,drysand,2
FRF_c1_snap_20160615160000_EBG.jpg,1543,1271,drysand,2
FRF_c1_snap_20160615160000_EBG.jpg,1760,1743,drysand,2
FRF_c1_snap_20160615160000_EBG.jpg,1475,1491,drysand,2
FRF_c1_snap_20160615160000_EBG.jpg,1704,1494,drysand,2
FRF_c1_snap_20160615160000_EBG.jpg,2364,1619,drysand,2
FRF_c1_snap_20160615160000_EBG.jpg,1485,1690,drysand,2
FRF_c1_snap_20160615160000_EBG.jpg,1628,1518,drysand,2
FRF_c1_snap_20160615160000_EBG.jpg,1217,1327,drysand,2
FRF_c1_snap_20160615160000_EBG.jpg,2058,1345,drysand,2
FRF_c1_snap_20160615160000_EBG.jpg,2127,1502,drysand,2
FRF_c1_snap_20160615160000_EBG.jpg,2168,1740,drysand,2
FRF_c1_snap_20160615160000_EBG.jpg,2216,1838,drysand,2
FRF_c1_snap_20160615160000_EBG.jpg,941,823,drysand,2
FRF_c1_snap_20160615160000_EBG.jpg,2203,1971,drysand,2
FRF_c1_snap_20160615160000_EBG.jpg,1154,743,drysand,2
FRF_c1_snap_20160615160000_EBG.jpg,1210,1079,drysand,2
FRF_c1_snap_20160615160000_EBG.jpg,1812,1155,drysand,2
FRF_c1_snap_20160615160000_EBG.jpg,1477,1797,drysand,2
FRF_c1_snap_20160615160000_EBG.jpg,1746,1798,drysand,2
FRF_c1_snap_20160615160000_EBG.jpg,2254,1969,drysand,2
FRF_c1_snap_20160615160000_EBG.jpg,2038,1435,drysand,2
FRF_c1_snap_20160615160000_EBG.jpg,1599,1652,drysand,2
FRF_c1_snap_20160615160000_EBG.jpg,2132,1692,drysand,2
FRF_c1_snap_20160615160000_EBG.jpg,1551,1645,drysand,2
FRF_c1_snap_20160615160000_EBG.jpg,1523,1594,drysand,2
FRF_c1_snap_20160615160000_EBG.jpg,1723,1336,drysand,2
FRF_c1_snap_20160615160000_EBG.jpg,962,710,drysand,2
FRF_c1_snap_20160615160000_EBG.jpg,1930,1801,drysand,2
FRF_c1_snap_20160615160000_EBG.jpg,1806,1815,drysand,2
FRF_c1_snap_20160615160000_EBG.jpg,1173,1389,drysand,2
FRF_c1_snap_20160615160000_EBG.jpg,961,1742,vegetation,3
FRF_c1_snap_20160615160000_EBG.jpg,811,1852,vegetation,3
FRF_c1_snap_20160615160000_EBG.jpg,656,1046,vegetation,3
FRF_c1_snap_20160615160000_EBG.jpg,848,1420,vegetation,3
FRF_c1_snap_20160615160000_EBG.jpg,1283,1966,vegetation,3
FRF_c1_snap_20160615160000_EBG.jpg,914,1859,vegetation,3
FRF_c1_snap_20160615160000_EBG.jpg,1072,1537,vegetation,3
FRF_c1_snap_20160615160000_EBG.jpg,766,1082,vegetation,3
FRF_c1_snap_20160615160000_EBG.jpg,1188,1965,vegetation,3
FRF_c1_snap_20160615160000_EBG.jpg,737,1725,vegetation,3
FRF_c1_snap_20160615160000_EBG.jpg,930,1559,vegetation,3
FRF_c1_snap_20160615160000_EBG.jpg,950,1468,vegetation,3
FRF_c1_snap_20160615160000_EBG.jpg,767,1763,vegetation,3
FRF_c1_snap_20160615160000_EBG.jpg,897,1698,vegetation,3
FRF_c1_snap_20160615160000_EBG.jpg,1195,1941,vegetation,3
FRF_c1_snap_20160615160000_EBG.jpg,977,1421,vegetation,3
FRF_c1_snap_20160615160000_EBG.jpg,894,1809,vegetation,3
FRF_c1_snap_20160615160000_EBG.jpg,1150,1720,vegetation,3
FRF_c1_snap_20160615160000_EBG.jpg,917,1966,vegetation,3
FRF_c1_snap_20160615160000_EBG.jpg,601,1749,vegetation,3
FRF_c1_snap_20160615160000_EBG.jpg,959,1598,vegetation,3
FRF_c1_snap_20160615160000_EBG.jpg,741,1874,vegetation,3
FRF_c1_snap_20160615160000_EBG.jpg,974,1595,vegetation,3
FRF_c1_snap_20160615160000_EBG.jpg,822,1226,vegetation,3
FRF_c1_snap_20160615160000_EBG.jpg,1030,1486,vegetation,3
FRF_c1_snap_20160615160000_EBG.jpg,974,1568,vegetation,3
FRF_c1_snap_20160615160000_EBG.jpg,830,1032,vegetation,3
FRF_c1_snap_20160615160000_EBG.jpg,622,1268,vegetation,3
FRF_c1_snap_20160615160000_EBG.jpg,681,1687,vegetation,3
FRF_c1_snap_20160615160000_EBG.jpg,836,1951,vegetation,3
FRF_c1_snap_20160615160000_EBG.jpg,1039,1436,vegetation,3
FRF_c1_snap_20160615160000_EBG.jpg,833,1333,vegetation,3
FRF_c1_snap_20160615160000_EBG.jpg,1192,1942,vegetation,3
FRF_c1_snap_20160615160000_EBG.jpg,970,1122,vegetation,3
FRF_c1_snap_20160615160000_EBG.jpg,973,1838,vegetation,3
FRF_c1_snap_20160615160000_EBG.jpg,886,1413,vegetation,3
FRF_c1_snap_20160615160000_EBG.jpg,1279,1725,vegetation,3
FRF_c1_snap_20160615160000_EBG.jpg,990,1348,vegetation,3
FRF_c1_snap_20160615160000_EBG.jpg,916,1946,vegetation,3
FRF_c1_snap_20160615160000_EBG.jpg,1040,1559,vegetation,3
FRF_c1_snap_20160615160000_EBG.jpg,106,1460,vegetation,3
FRF_c1_snap_20160615160000_EBG.jpg,60,1219,vegetation,3
FRF_c1_snap_20160615160000_EBG.jpg,204,1481,vegetation,3
FRF_c1_snap_20160615160000_EBG.jpg,453,1549,vegetation,3
FRF_c1_snap_20160615160000_EBG.jpg,253,1138,vegetation,3
FRF_c1_snap_20160615160000_EBG.jpg,415,1903,vegetation,3
FRF_c1_snap_20160615160000_EBG.jpg,501,1100,vegetation,3
FRF_c1_snap_20160615160000_EBG.jpg,32,1659,vegetation,3
FRF_c1_snap_20160615160000_EBG.jpg,254,1016,vegetation,3
FRF_c1_snap_20160615160000_EBG.jpg,101,1470,vegetation,3
FRF_c1_snap_20160615160000_EBG.jpg,155,1262,vegetation,3
FRF_c1_snap_20160615160000_EBG.jpg,216,1836,vegetation,3
FRF_c1_snap_20160615160000_EBG.jpg,27,1750,vegetation,3
FRF_c1_snap_20160615160000_EBG.jpg,355,1164,vegetation,3
FRF_c1_snap_20160615160000_EBG.jpg,410,1331,vegetation,3
FRF_c1_snap_20160615160000_EBG.jpg,24,926,vegetation,3
FRF_c1_snap_20160615160000_EBG.jpg,21,1008,vegetation,3
FRF_c1_snap_20160615160000_EBG.jpg,201,1794,vegetation,3
FRF_c1_snap_20160615160000_EBG.jpg,528,974,vegetation,3
FRF_c1_snap_20160615160000_EBG.jpg,45,1614,vegetation,3
FRF_c1_snap_20160615160000_EBG.jpg,242,1968,vegetation,3
FRF_c1_snap_20160615160000_EBG.jpg,232,1902,vegetation,3
FRF_c1_snap_20160615160000_EBG.jpg,447,1154,vegetation,3
FRF_c1_snap_20160615160000_EBG.jpg,121,1328,vegetation,3
FRF_c1_snap_20160615160000_EBG.jpg,139,892,vegetation,3
FRF_c1_snap_20160615160000_EBG.jpg,326,1655,vegetation,3
FRF_c1_snap_20160615160000_EBG.jpg,536,1743,vegetation,3
FRF_c1_snap_20160615160000_EBG.jpg,172,1449,vegetation,3
FRF_c1_snap_20160615160000_EBG.jpg,196,1477,vegetation,3
FRF_c1_snap_20160615160000_EBG.jpg,302,1456,vegetation,3
FRF_c1_snap_20160615160000_EBG.jpg,236,1171,vegetation,3
FRF_c1_snap_20160615160000_EBG.jpg,499,1198,vegetation,3
FRF_c1_snap_20160615160000_EBG.jpg,167,1316,vegetation,3
FRF_c1_snap_20160615160000_EBG.jpg,380,1746,vegetation,3
FRF_c1_snap_20160615160000_EBG.jpg,483,1286,vegetation,3
FRF_c1_snap_20160615160000_EBG.jpg,306,944,vegetation,3
FRF_c1_snap_20160615160000_EBG.jpg,438,1794,vegetation,3
FRF_c1_snap_20160615160000_EBG.jpg,257,1555,vegetation,3
FRF_c1_snap_20160615160000_EBG.jpg,59,1710,vegetation,3
FRF_c1_snap_20160615160000_EBG.jpg,176,999,vegetation,3
FRF_c1_snap_20160615160000_EBG.jpg,2313,1922,lag,5
FRF_c1_snap_20160615160000_EBG.jpg,2214,1917,lag,5
FRF_c1_snap_20160615160000_EBG.jpg,2282,1958,lag,5
FRF_c1_snap_20160615160000_EBG.jpg,2210,1891,lag,5
FRF_c1_snap_20160615160000_EBG.jpg,2319,1923,lag,5
FRF_c1_snap_20160615160000_EBG.jpg,2302,1934,lag,5
FRF_c1_snap_20160615160000_EBG.jpg,2357,1970,lag,5
FRF_c1_snap_20160615160000_EBG.jpg,2260,1935,lag,5
FRF_c1_snap_20160615160000_EBG.jpg,2266,1947,lag,5
FRF_c1_snap_20160615160000_EBG.jpg,2332,1971,lag,5
FRF_c1_snap_20160615160000_EBG.jpg,2249,1915,lag,5
FRF_c1_snap_20160615160000_EBG.jpg,2400,1960,lag,5
FRF_c1_snap_20160615160000_EBG.jpg,2209,1893,lag,5
FRF_c1_snap_20160615160000_EBG.jpg,2266,1905,lag,5
FRF_c1_snap_20160615160000_EBG.jpg,2322,1916,lag,5
FRF_c1_snap_20160615160000_EBG.jpg,2271,1924,lag,5
FRF_c1_snap_20160615160000_EBG.jpg,2265,1943,lag,5
FRF_c1_snap_20160615160000_EBG.jpg,2364,1941,lag,5
FRF_c1_snap_20160615160000_EBG.jpg,2298,1929,lag,5
FRF_c1_snap_20160615160000_EBG.jpg,2246,1927,lag,5
FRF_c1_snap_20160615160000_EBG.jpg,2333,1928,lag,5
FRF_c1_snap_20160615160000_EBG.jpg,2364,1946,lag,5
FRF_c1_snap_20160615160000_EBG.jpg,2400,1963,lag,5
FRF_c1_snap_20160615160000_EBG.jpg,2265,1923,lag,5
FRF_c1_snap_20160615160000_EBG.jpg,2357,1944,lag,5
FRF_c1_snap_20160615160000_EBG.jpg,2306,1931,lag,5
FRF_c1_snap_20160615160000_EBG.jpg,2195,1911,lag,5
FRF_c1_snap_20160615160000_EBG.jpg,2355,1975,lag,5
FRF_c1_snap_20160615160000_EBG.jpg,2402,1949,lag,5
FRF_c1_snap_20160615160000_EBG.jpg,2395,1968,lag,5
FRF_c1_snap_20160615160000_EBG.jpg,2398,1966,lag,5
FRF_c1_snap_20160615160000_EBG.jpg,2379,1938,lag,5
FRF_c1_snap_20160615160000_EBG.jpg,2195,1912,lag,5
FRF_c1_snap_20160615160000_EBG.jpg,2233,1913,lag,5
FRF_c1_snap_20160615160000_EBG.jpg,2299,1960,lag,5
FRF_c1_snap_20160615160000_EBG.jpg,2316,1927,lag,5
FRF_c1_snap_20160615160000_EBG.jpg,2221,1905,lag,5
FRF_c1_snap_20160615160000_EBG.jpg,2324,1957,lag,5
FRF_c1_snap_20160615160000_EBG.jpg,2226,1903,lag,5
FRF_c1_snap_20160615160000_EBG.jpg,2297,1949,lag,5
FRF_c1_snap_20160615160000_EBG.jpg,2324,1931,lag,5
FRF_c1_snap_20160615160000_EBG.jpg,2307,1950,lag,5
FRF_c1_snap_20160615160000_EBG.jpg,2283,1931,lag,5
FRF_c1_snap_20160615160000_EBG.jpg,2267,1936,lag,5
FRF_c1_snap_20160615160000_EBG.jpg,2211,1885,lag,5
FRF_c1_snap_20160615160000_EBG.jpg,2197,1899,lag,5
FRF_c1_snap_20160615160000_EBG.jpg,2387,1956,lag,5
FRF_c1_snap_20160615160000_EBG.jpg,2216,1928,lag,5
FRF_c1_snap_20160615160000_EBG.jpg,2329,1931,lag,5
FRF_c1_snap_20160615160000_EBG.jpg,2264,1925,lag,5
FRF_c1_snap_20160615160000_EBG.jpg,2220,1920,lag,5
FRF_c1_snap_20160615160000_EBG.jpg,2376,1976,lag,5
FRF_c1_snap_20160615160000_EBG.jpg,2348,1946,lag,5
FRF_c1_snap_20160615160000_EBG.jpg,2194,1915,lag,5
FRF_c1_snap_20160615160000_EBG.jpg,2270,1906,lag,5
FRF_c1_snap_20160615160000_EBG.jpg,2262,1905,lag,5
FRF_c1_snap_20160615160000_EBG.jpg,2281,1912,lag,5
FRF_c1_snap_20160615160000_EBG.jpg,2293,1921,lag,5
FRF_c1_snap_20160615160000_EBG.jpg,2264,1916,lag,5
FRF_c1_snap_20160615160000_EBG.jpg,2296,1940,lag,5
FRF_c1_snap_20160615160000_EBG.jpg,2211,1888,lag,5
FRF_c1_snap_20160615160000_EBG.jpg,2195,1898,lag,5
FRF_c1_snap_20160615160000_EBG.jpg,2273,1940,lag,5
FRF_c1_snap_20160615160000_EBG.jpg,2290,1910,lag,5
FRF_c1_snap_20160615160000_EBG.jpg,2249,1907,lag,5
FRF_c1_snap_20160615160000_EBG.jpg,2254,1899,lag,5
FRF_c1_snap_20160615160000_EBG.jpg,2220,1889,lag,5
FRF_c1_snap_20160615160000_EBG.jpg,2203,1882,lag,5
FRF_c1_snap_20160615160000_EBG.jpg,2345,1963,lag,5
FRF_c1_snap_20160615160000_EBG.jpg,2239,1902,lag,5
FRF_c1_snap_20160615160000_EBG.jpg,2276,1916,lag,5
FRF_c1_snap_20160615160000_EBG.jpg,2282,1938,lag,5
FRF_c1_snap_20160615160000_EBG.jpg,2229,1907,lag,5
FRF_c1_snap_20160615160000_EBG.jpg,2285,1958,lag,5
FRF_c1_snap_20160615160000_EBG.jpg,2307,1960,lag,5
FRF_c1_snap_20160615160000_EBG.jpg,2202,1884,lag,5
FRF_c1_snap_20160615160000_EBG.jpg,2237,1929,lag,5
FRF_c1_snap_20160615160000_EBG.jpg,2205,1912,lag,5
FRF_c1_snap_20160615160000_EBG.jpg,2395,1973,lag,5
FRF_c1_snap_20160615160000_EBG.jpg,2374,1935,lag,5
FRF_c1_snap_20160624160000_EBG.jpg,2355,1189,background,0
FRF_c1_snap_20160624160000_EBG.jpg,805,610,background,0
FRF_c1_snap_20160624160000_EBG.jpg,1738,1023,background,0
FRF_c1_snap_20160624160000_EBG.jpg,1330,777,background,0
FRF_c1_snap_20160624160000_EBG.jpg,1466,732,background,0
FRF_c1_snap_20160624160000_EBG.jpg,2031,1183,background,0
FRF_c1_snap_20160624160000_EBG.jpg,1499,752,background,0
FRF_c1_snap_20160624160000_EBG.jpg,1959,1329,background,0
FRF_c1_snap_20160624160000_EBG.jpg,2232,1008,background,0
FRF_c1_snap_20160624160000_EBG.jpg,1866,1276,background,0
FRF_c1_snap_20160624160000_EBG.jpg,2130,1024,background,0
FRF_c1_snap_20160624160000_EBG.jpg,1780,915,background,0
FRF_c1_snap_20160624160000_EBG.jpg,1446,606,background,0
FRF_c1_snap_20160624160000_EBG.jpg,2010,949,background,0
FRF_c1_snap_20160624160000_EBG.jpg,2171,1062,background,0
FRF_c1_snap_20160624160000_EBG.jpg,2133,971,background,0
FRF_c1_snap_20160624160000_EBG.jpg,2138,1219,background,0
FRF_c1_snap_20160624160000_EBG.jpg,1072,628,background,0
FRF_c1_snap_20160624160000_EBG.jpg,1366,571,background,0
FRF_c1_snap_20160624160000_EBG.jpg,1722,838,background,0
FRF_c1_snap_20160624160000_EBG.jpg,1409,669,background,0
FRF_c1_snap_20160624160000_EBG.jpg,2053,1210,background,0
FRF_c1_snap_20160624160000_EBG.jpg,2295,1307,background,0
FRF_c1_snap_20160624160000_EBG.jpg,1684,823,background,0
FRF_c1_snap_20160624160000_EBG.jpg,1696,850,background,0
FRF_c1_snap_20160624160000_EBG.jpg,1380,633,background,0
FRF_c1_snap_20160624160000_EBG.jpg,1527,702,background,0
FRF_c1_snap_20160624160000_EBG.jpg,2329,1059,background,0
FRF_c1_snap_20160624160000_EBG.jpg,2264,882,background,0
FRF_c1_snap_20160624160000_EBG.jpg,1163,709,background,0
FRF_c1_snap_20160624160000_EBG.jpg,1916,798,background,0
FRF_c1_snap_20160624160000_EBG.jpg,1516,713,background,0
FRF_c1_snap_20160624160000_EBG.jpg,2323,1108,background,0
FRF_c1_snap_20160624160000_EBG.jpg,1624,949,background,0
FRF_c1_snap_20160624160000_EBG.jpg,2203,1143,background,0
FRF_c1_snap_20160624160000_EBG.jpg,2314,957,background,0
FRF_c1_snap_20160624160000_EBG.jpg,1306,825,background,0
FRF_c1_snap_20160624160000_EBG.jpg,1631,729,background,0
FRF_c1_snap_20160624160000_EBG.jpg,2096,1222,background,0
FRF_c1_snap_20160624160000_EBG.jpg,1628,629,background,0
FRF_c1_snap_20160624160000_EBG.jpg,151,290,background,0
FRF_c1_snap_20160624160000_EBG.jpg,338,468,background,0
FRF_c1_snap_20160624160000_EBG.jpg,219,556,background,0
FRF_c1_snap_20160624160000_EBG.jpg,181,299,background,0
FRF_c1_snap_20160624160000_EBG.jpg,252,385,background,0
FRF_c1_snap_20160624160000_EBG.jpg,24,537,background,0
FRF_c1_snap_20160624160000_EBG.jpg,494,544,background,0
FRF_c1_snap_20160624160000_EBG.jpg,204,672,background,0
FRF_c1_snap_20160624160000_EBG.jpg,53,649,background,0
FRF_c1_snap_20160624160000_EBG.jpg,36,521,background,0
FRF_c1_snap_20160624160000_EBG.jpg,291,500,background,0
FRF_c1_snap_20160624160000_EBG.jpg,403,467,background,0
FRF_c1_snap_20160624160000_EBG.jpg,32,289,background,0
FRF_c1_snap_20160624160000_EBG.jpg,283,341,background,0
FRF_c1_snap_20160624160000_EBG.jpg,190,303,background,0
FRF_c1_snap_20160624160000_EBG.jpg,510,525,background,0
FRF_c1_snap_20160624160000_EBG.jpg,24,310,background,0
FRF_c1_snap_20160624160000_EBG.jpg,149,566,background,0
FRF_c1_snap_20160624160000_EBG.jpg,251,444,background,0
FRF_c1_snap_20160624160000_EBG.jpg,269,444,background,0
FRF_c1_snap_20160624160000_EBG.jpg,226,348,background,0
FRF_c1_snap_20160624160000_EBG.jpg,52,520,background,0
FRF_c1_snap_20160624160000_EBG.jpg,350,544,background,0
FRF_c1_snap_20160624160000_EBG.jpg,56,656,background,0
FRF_c1_snap_20160624160000_EBG.jpg,33,379,background,0
FRF_c1_snap_20160624160000_EBG.jpg,324,548,background,0
FRF_c1_snap_20160624160000_EBG.jpg,125,518,background,0
FRF_c1_snap_20160624160000_EBG.jpg,239,490,background,0
FRF_c1_snap_20160624160000_EBG.jpg,278,300,background,0
FRF_c1_snap_20160624160000_EBG.jpg,303,338,background,0
FRF_c1_snap_20160624160000_EBG.jpg,380,367,background,0
FRF_c1_snap_20160624160000_EBG.jpg,223,370,background,0
FRF_c1_snap_20160624160000_EBG.jpg,107,374,background,0
FRF_c1_snap_20160624160000_EBG.jpg,108,471,background,0
FRF_c1_snap_20160624160000_EBG.jpg,95,260,background,0
FRF_c1_snap_20160624160000_EBG.jpg,511,535,background,0
FRF_c1_snap_20160624160000_EBG.jpg,79,378,background,0
FRF_c1_snap_20160624160000_EBG.jpg,356,363,background,0
FRF_c1_snap_20160624160000_EBG.jpg,327,630,background,0
FRF_c1_snap_20160624160000_EBG.jpg,330,340,background,0
FRF_c1_snap_20160624160000_EBG.jpg,1715,1055,wetsand,1
FRF_c1_snap_20160624160000_EBG.jpg,2148,1446,wetsand,1
FRF_c1_snap_20160624160000_EBG.jpg,2296,1627,wetsand,1
FRF_c1_snap_20160624160000_EBG.jpg,2365,1537,wetsand,1
FRF_c1_snap_20160624160000_EBG.jpg,1745,1065,wetsand,1
FRF_c1_snap_20160624160000_EBG.jpg,2372,1553,wetsand,1
FRF_c1_snap_20160624160000_EBG.jpg,2245,1492,wetsand,1
FRF_c1_snap_20160624160000_EBG.jpg,2273,1443,wetsand,1
FRF_c1_snap_20160624160000_EBG.jpg,2216,1480,wetsand,1
FRF_c1_snap_20160624160000_EBG.jpg,1738,1054,wetsand,1
FRF_c1_snap_20160624160000_EBG.jpg,2284,1449,wetsand,1
FRF_c1_snap_20160624160000_EBG.jpg,2240,1406,wetsand,1
FRF_c1_snap_20160624160000_EBG.jpg,2204,1453,wetsand,1
FRF_c1_snap_20160624160000_EBG.jpg,2310,1523,wetsand,1
FRF_c1_snap_20160624160000_EBG.jpg,2195,1488,wetsand,1
FRF_c1_snap_20160624160000_EBG.jpg,2185,1389,wetsand,1
FRF_c1_snap_20160624160000_EBG.jpg,2198,1487,wetsand,1
FRF_c1_snap_20160624160000_EBG.jpg,2165,1405,wetsand,1
FRF_c1_snap_20160624160000_EBG.jpg,2258,1477,wetsand,1
FRF_c1_snap_20160624160000_EBG.jpg,2281,1607,wetsand,1
FRF_c1_snap_20160624160000_EBG.jpg,2183,1466,wetsand,1
FRF_c1_snap_20160624160000_EBG.jpg,2152,1421,wetsand,1
FRF_c1_snap_20160624160000_EBG.jpg,2257,1446,wetsand,1
FRF_c1_snap_20160624160000_EBG.jpg,2185,1470,wetsand,1
FRF_c1_snap_20160624160000_EBG.jpg,2074,1402,wetsand,1
FRF_c1_snap_20160624160000_EBG.jpg,2193,1403,wetsand,1
FRF_c1_snap_20160624160000_EBG.jpg,2360,1544,wetsand,1
FRF_c1_snap_20160624160000_EBG.jpg,2264,1455,wetsand,1
FRF_c1_snap_20160624160000_EBG.jpg,2277,1515,wetsand,1
FRF_c1_snap_20160624160000_EBG.jpg,2316,1578,wetsand,1
FRF_c1_snap_20160624160000_EBG.jpg,2232,1451,wetsand,1
FRF_c1_snap_20160624160000_EBG.jpg,2412,1522,wetsand,1
FRF_c1_snap_20160624160000_EBG.jpg,2347,1565,wetsand,1
FRF_c1_snap_20160624160000_EBG.jpg,2094,1397,wetsand,1
FRF_c1_snap_20160624160000_EBG.jpg,2240,1475,wetsand,1
FRF_c1_snap_20160624160000_EBG.jpg,2370,1565,wetsand,1
FRF_c1_snap_20160624160000_EBG.jpg,2091,1409,wetsand,1
FRF_c1_snap_20160624160000_EBG.jpg,2288,1514,wetsand,1
FRF_c1_snap_20160624160000_EBG.jpg,2271,1413,wetsand,1
FRF_c1_snap_20160624160000_EBG.jpg,2230,1430,wetsand,1
FRF_c1_snap_20160624160000_EBG.jpg,2325,1513,wetsand,1
FRF_c1_snap_20160624160000_EBG.jpg,2189,1453,wetsand,1
FRF_c1_snap_20160624160000_EBG.jpg,2202,1483,wetsand,1
FRF_c1_snap_20160624160000_EBG.jpg,2185,1417,wetsand,1
FRF_c1_snap_20160624160000_EBG.jpg,2399,1644,wetsand,1
FRF_c1_snap_20160624160000_EBG.jpg,2406,1528,wetsand,1
FRF_c1_snap_20160624160000_EBG.jpg,2366,1560,wetsand,1
FRF_c1_snap_20160624160000_EBG.jpg,2155,1425,wetsand,1
FRF_c1_snap_20160624160000_EBG.jpg,2365,1553,wetsand,1
FRF_c1_snap_20160624160000_EBG.jpg,2413,1531,wetsand,1
FRF_c1_snap_20160624160000_EBG.jpg,2406,1602,wetsand,1
FRF_c1_snap_20160624160000_EBG.jpg,2289,1438,wetsand,1
FRF_c1_snap_20160624160000_EBG.jpg,2217,1466,wetsand,1
FRF_c1_snap_20160624160000_EBG.jpg,2306,1502,wetsand,1
FRF_c1_snap_20160624160000_EBG.jpg,2302,1632,wetsand,1
FRF_c1_snap_20160624160000_EBG.jpg,2243,1459,wetsand,1
FRF_c1_snap_20160624160000_EBG.jpg,2282,1619,wetsand,1
FRF_c1_snap_20160624160000_EBG.jpg,2378,1560,wetsand,1
FRF_c1_snap_20160624160000_EBG.jpg,2254,1487,wetsand,1
FRF_c1_snap_20160624160000_EBG.jpg,2180,1419,wetsand,1
FRF_c1_snap_20160624160000_EBG.jpg,2149,1408,wetsand,1
FRF_c1_snap_20160624160000_EBG.jpg,2261,1512,wetsand,1
FRF_c1_snap_20160624160000_EBG.jpg,2255,1516,wetsand,1
FRF_c1_snap_20160624160000_EBG.jpg,2296,1518,wetsand,1
FRF_c1_snap_20160624160000_EBG.jpg,2307,1516,wetsand,1
FRF_c1_snap_20160624160000_EBG.jpg,2345,1637,wetsand,1
FRF_c1_snap_20160624160000_EBG.jpg,2093,1399,wetsand,1
FRF_c1_snap_20160624160000_EBG.jpg,2214,1419,wetsand,1
FRF_c1_snap_20160624160000_EBG.jpg,2348,1538,wetsand,1
FRF_c1_snap_20160624160000_EBG.jpg,2274,1609,wetsand,1
FRF_c1_snap_20160624160000_EBG.jpg,2395,1620,wetsand,1
FRF_c1_snap_20160624160000_EBG.jpg,2202,1457,wetsand,1
FRF_c1_snap_20160624160000_EBG.jpg,2277,1430,wetsand,1
FRF_c1_snap_20160624160000_EBG.jpg,2107,1412,wetsand,1
FRF_c1_snap_20160624160000_EBG.jpg,2277,1505,wetsand,1
FRF_c1_snap_20160624160000_EBG.jpg,2229,1420,wetsand,1
FRF_c1_snap_20160624160000_EBG.jpg,2252,1432,wetsand,1
FRF_c1_snap_20160624160000_EBG.jpg,2289,1418,wetsand,1
FRF_c1_snap_20160624160000_EBG.jpg,2278,1602,wetsand,1
FRF_c1_snap_20160624160000_EBG.jpg,2340,1513,wetsand,1
FRF_c1_snap_20160624160000_EBG.jpg,1401,1598,drysand,2
FRF_c1_snap_20160624160000_EBG.jpg,1450,1685,drysand,2
FRF_c1_snap_20160624160000_EBG.jpg,1141,1260,drysand,2
FRF_c1_snap_20160624160000_EBG.jpg,1471,1054,drysand,2
FRF_c1_snap_20160624160000_EBG.jpg,1235,1220,drysand,2
FRF_c1_snap_20160624160000_EBG.jpg,1023,968,drysand,2
FRF_c1_snap_20160624160000_EBG.jpg,1845,1881,drysand,2
FRF_c1_snap_20160624160000_EBG.jpg,1911,1747,drysand,2
FRF_c1_snap_20160624160000_EBG.jpg,1423,1378,drysand,2
FRF_c1_snap_20160624160000_EBG.jpg,1403,1237,drysand,2
FRF_c1_snap_20160624160000_EBG.jpg,1268,809,drysand,2
FRF_c1_snap_20160624160000_EBG.jpg,1587,1567,drysand,2
FRF_c1_snap_20160624160000_EBG.jpg,1754,1522,drysand,2
FRF_c1_snap_20160624160000_EBG.jpg,2110,1883,drysand,2
FRF_c1_snap_20160624160000_EBG.jpg,2090,1654,drysand,2
FRF_c1_snap_20160624160000_EBG.jpg,1573,1591,drysand,2
FRF_c1_snap_20160624160000_EBG.jpg,2006,1567,drysand,2
FRF_c1_snap_20160624160000_EBG.jpg,2266,1866,drysand,2
FRF_c1_snap_20160624160000_EBG.jpg,1423,1602,drysand,2
FRF_c1_snap_20160624160000_EBG.jpg,1192,1441,drysand,2
FRF_c1_snap_20160624160000_EBG.jpg,1329,1242,drysand,2
FRF_c1_snap_20160624160000_EBG.jpg,1231,1487,drysand,2
FRF_c1_snap_20160624160000_EBG.jpg,1532,1978,drysand,2
FRF_c1_snap_20160624160000_EBG.jpg,1344,1695,drysand,2
FRF_c1_snap_20160624160000_EBG.jpg,1564,1480,drysand,2
FRF_c1_snap_20160624160000_EBG.jpg,2063,1551,drysand,2
FRF_c1_snap_20160624160000_EBG.jpg,2014,1744,drysand,2
FRF_c1_snap_20160624160000_EBG.jpg,1684,1750,drysand,2
FRF_c1_snap_20160624160000_EBG.jpg,1996,1433,drysand,2
FRF_c1_snap_20160624160000_EBG.jpg,1284,1395,drysand,2
FRF_c1_snap_20160624160000_EBG.jpg,1685,1356,drysand,2
FRF_c1_snap_20160624160000_EBG.jpg,1514,1641,drysand,2
FRF_c1_snap_20160624160000_EBG.jpg,2110,1812,drysand,2
FRF_c1_snap_20160624160000_EBG.jpg,2191,1928,drysand,2
FRF_c1_snap_20160624160000_EBG.jpg,1387,1031,drysand,2
FRF_c1_snap_20160624160000_EBG.jpg,1633,1574,drysand,2
FRF_c1_snap_20160624160000_EBG.jpg,1184,1268,drysand,2
FRF_c1_snap_20160624160000_EBG.jpg,1980,1447,drysand,2
FRF_c1_snap_20160624160000_EBG.jpg,1489,1454,drysand,2
FRF_c1_snap_20160624160000_EBG.jpg,1818,1776,drysand,2
FRF_c1_snap_20160624160000_EBG.jpg,1945,1726,drysand,2
FRF_c1_snap_20160624160000_EBG.jpg,2118,1567,drysand,2
FRF_c1_snap_20160624160000_EBG.jpg,1184,1077,drysand,2
FRF_c1_snap_20160624160000_EBG.jpg,1276,962,drysand,2
FRF_c1_snap_20160624160000_EBG.jpg,1031,1085,drysand,2
FRF_c1_snap_20160624160000_EBG.jpg,1011,669,drysand,2
FRF_c1_snap_20160624160000_EBG.jpg,2392,1843,drysand,2
FRF_c1_snap_20160624160000_EBG.jpg,1607,1863,drysand,2
FRF_c1_snap_20160624160000_EBG.jpg,1513,1670,drysand,2
FRF_c1_snap_20160624160000_EBG.jpg,1295,1208,drysand,2
FRF_c1_snap_20160624160000_EBG.jpg,1493,1244,drysand,2
FRF_c1_snap_20160624160000_EBG.jpg,1490,1941,drysand,2
FRF_c1_snap_20160624160000_EBG.jpg,1572,1466,drysand,2
FRF_c1_snap_20160624160000_EBG.jpg,1707,1841,drysand,2
FRF_c1_snap_20160624160000_EBG.jpg,1033,858,drysand,2
FRF_c1_snap_20160624160000_EBG.jpg,1859,1331,drysand,2
FRF_c1_snap_20160624160000_EBG.jpg,1530,1232,drysand,2
FRF_c1_snap_20160624160000_EBG.jpg,987,971,drysand,2
FRF_c1_snap_20160624160000_EBG.jpg,1664,1204,drysand,2
FRF_c1_snap_20160624160000_EBG.jpg,1110,1017,drysand,2
FRF_c1_snap_20160624160000_EBG.jpg,1912,1511,drysand,2
FRF_c1_snap_20160624160000_EBG.jpg,1698,1569,drysand,2
FRF_c1_snap_20160624160000_EBG.jpg,2008,1397,drysand,2
FRF_c1_snap_20160624160000_EBG.jpg,1239,1237,drysand,2
FRF_c1_snap_20160624160000_EBG.jpg,1572,1535,drysand,2
FRF_c1_snap_20160624160000_EBG.jpg,1257,869,drysand,2
FRF_c1_snap_20160624160000_EBG.jpg,1771,1398,drysand,2
FRF_c1_snap_20160624160000_EBG.jpg,1202,970,drysand,2
FRF_c1_snap_20160624160000_EBG.jpg,2327,1709,drysand,2
FRF_c1_snap_20160624160000_EBG.jpg,1780,1589,drysand,2
FRF_c1_snap_20160624160000_EBG.jpg,2215,1804,drysand,2
FRF_c1_snap_20160624160000_EBG.jpg,2164,1891,drysand,2
FRF_c1_snap_20160624160000_EBG.jpg,1602,1490,drysand,2
FRF_c1_snap_20160624160000_EBG.jpg,1842,1658,drysand,2
FRF_c1_snap_20160624160000_EBG.jpg,1150,1162,drysand,2
FRF_c1_snap_20160624160000_EBG.jpg,788,760,drysand,2
FRF_c1_snap_20160624160000_EBG.jpg,1812,1230,drysand,2
FRF_c1_snap_20160624160000_EBG.jpg,1448,1289,drysand,2
FRF_c1_snap_20160624160000_EBG.jpg,1819,1940,drysand,2
FRF_c1_snap_20160624160000_EBG.jpg,1428,1597,drysand,2
FRF_c1_snap_20160624160000_EBG.jpg,1092,1550,vegetation,3
FRF_c1_snap_20160624160000_EBG.jpg,1246,1761,vegetation,3
FRF_c1_snap_20160624160000_EBG.jpg,903,1399,vegetation,3
FRF_c1_snap_20160624160000_EBG.jpg,1191,1907,vegetation,3
FRF_c1_snap_20160624160000_EBG.jpg,1465,1982,vegetation,3
FRF_c1_snap_20160624160000_EBG.jpg,902,1520,vegetation,3
FRF_c1_snap_20160624160000_EBG.jpg,922,1755,vegetation,3
FRF_c1_snap_20160624160000_EBG.jpg,1082,1397,vegetation,3
FRF_c1_snap_20160624160000_EBG.jpg,1092,1279,vegetation,3
FRF_c1_snap_20160624160000_EBG.jpg,965,1344,vegetation,3
FRF_c1_snap_20160624160000_EBG.jpg,787,1778,vegetation,3
FRF_c1_snap_20160624160000_EBG.jpg,873,1337,vegetation,3
FRF_c1_snap_20160624160000_EBG.jpg,1332,1918,vegetation,3
FRF_c1_snap_20160624160000_EBG.jpg,1255,1831,vegetation,3
FRF_c1_snap_20160624160000_EBG.jpg,842,1101,vegetation,3
FRF_c1_snap_20160624160000_EBG.jpg,573,1934,vegetation,3
FRF_c1_snap_20160624160000_EBG.jpg,794,1767,vegetation,3
FRF_c1_snap_20160624160000_EBG.jpg,755,1190,vegetation,3
FRF_c1_snap_20160624160000_EBG.jpg,822,1768,vegetation,3
FRF_c1_snap_20160624160000_EBG.jpg,1292,1965,vegetation,3
FRF_c1_snap_20160624160000_EBG.jpg,1081,1676,vegetation,3
FRF_c1_snap_20160624160000_EBG.jpg,770,1601,vegetation,3
FRF_c1_snap_20160624160000_EBG.jpg,1143,1621,vegetation,3
FRF_c1_snap_20160624160000_EBG.jpg,1222,1737,vegetation,3
FRF_c1_snap_20160624160000_EBG.jpg,637,1971,vegetation,3
FRF_c1_snap_20160624160000_EBG.jpg,771,1990,vegetation,3
FRF_c1_snap_20160624160000_EBG.jpg,868,1715,vegetation,3
FRF_c1_snap_20160624160000_EBG.jpg,1030,1620,vegetation,3
FRF_c1_snap_20160624160000_EBG.jpg,889,1214,vegetation,3
FRF_c1_snap_20160624160000_EBG.jpg,922,1545,vegetation,3
FRF_c1_snap_20160624160000_EBG.jpg,1210,1701,vegetation,3
FRF_c1_snap_20160624160000_EBG.jpg,906,1285,vegetation,3
FRF_c1_snap_20160624160000_EBG.jpg,1101,1817,vegetation,3
FRF_c1_snap_20160624160000_EBG.jpg,785,819,vegetation,3
FRF_c1_snap_20160624160000_EBG.jpg,933,1456,vegetation,3
FRF_c1_snap_20160624160000_EBG.jpg,781,1462,vegetation,3
FRF_c1_snap_20160624160000_EBG.jpg,990,1905,vegetation,3
FRF_c1_snap_20160624160000_EBG.jpg,826,1985,vegetation,3
FRF_c1_snap_20160624160000_EBG.jpg,635,1945,vegetation,3
FRF_c1_snap_20160624160000_EBG.jpg,831,1099,vegetation,3
FRF_c1_snap_20160624160000_EBG.jpg,271,1614,vegetation,3
FRF_c1_snap_20160624160000_EBG.jpg,161,1616,vegetation,3
FRF_c1_snap_20160624160000_EBG.jpg,152,1233,vegetation,3
FRF_c1_snap_20160624160000_EBG.jpg,316,953,vegetation,3
FRF_c1_snap_20160624160000_EBG.jpg,534,1113,vegetation,3
FRF_c1_snap_20160624160000_EBG.jpg,308,1070,vegetation,3
FRF_c1_snap_20160624160000_EBG.jpg,367,926,vegetation,3
FRF_c1_snap_20160624160000_EBG.jpg,392,1620,vegetation,3
FRF_c1_snap_20160624160000_EBG.jpg,83,1709,vegetation,3
FRF_c1_snap_20160624160000_EBG.jpg,484,1063,vegetation,3
FRF_c1_snap_20160624160000_EBG.jpg,353,1027,vegetation,3
FRF_c1_snap_20160624160000_EBG.jpg,407,1378,vegetation,3
FRF_c1_snap_20160624160000_EBG.jpg,291,931,vegetation,3
FRF_c1_snap_20160624160000_EBG.jpg,122,1147,vegetation,3
FRF_c1_snap_20160624160000_EBG.jpg,167,1229,vegetation,3
FRF_c1_snap_20160624160000_EBG.jpg,134,937,vegetation,3
FRF_c1_snap_20160624160000_EBG.jpg,439,1779,vegetation,3
FRF_c1_snap_20160624160000_EBG.jpg,409,1688,vegetation,3
FRF_c1_snap_20160624160000_EBG.jpg,495,1068,vegetation,3
FRF_c1_snap_20160624160000_EBG.jpg,417,1637,vegetation,3
FRF_c1_snap_20160624160000_EBG.jpg,39,1696,vegetation,3
FRF_c1_snap_20160624160000_EBG.jpg,237,1357,vegetation,3
FRF_c1_snap_20160624160000_EBG.jpg,40,984,vegetation,3
FRF_c1_snap_20160624160000_EBG.jpg,374,1082,vegetation,3
FRF_c1_snap_20160624160000_EBG.jpg,63,874,vegetation,3
FRF_c1_snap_20160624160000_EBG.jpg,490,1122,vegetation,3
FRF_c1_snap_20160624160000_EBG.jpg,477,1882,vegetation,3
FRF_c1_snap_20160624160000_EBG.jpg,301,1489,vegetation,3
FRF_c1_snap_20160624160000_EBG.jpg,452,1141,vegetation,3
FRF_c1_snap_20160624160000_EBG.jpg,95,1413,vegetation,3
FRF_c1_snap_20160624160000_EBG.jpg,437,1356,vegetation,3
FRF_c1_snap_20160624160000_EBG.jpg,43,1254,vegetation,3
FRF_c1_snap_20160624160000_EBG.jpg,538,1480,vegetation,3
FRF_c1_snap_20160624160000_EBG.jpg,101,1199,vegetation,3
FRF_c1_snap_20160624160000_EBG.jpg,86,1456,vegetation,3
FRF_c1_snap_20160624160000_EBG.jpg,377,1059,vegetation,3
FRF_c1_snap_20160624160000_EBG.jpg,210,1100,vegetation,3
FRF_c1_snap_20160624160000_EBG.jpg,414,1951,vegetation,3
FRF_c1_snap_20160624160000_EBG.jpg,269,1691,vegetation,3
FRF_c1_snap_20160624160000_EBG.jpg,475,949,vegetation,3
FRF_c1_snap_20160624160000_EBG.jpg,1639,1035,lag,5
FRF_c1_snap_20160624160000_EBG.jpg,2156,1478,lag,5
FRF_c1_snap_20160624160000_EBG.jpg,1249,748,lag,5
FRF_c1_snap_20160624160000_EBG.jpg,1433,909,lag,5
FRF_c1_snap_20160624160000_EBG.jpg,2295,1577,lag,5
FRF_c1_snap_20160624160000_EBG.jpg,1690,1083,lag,5
FRF_c1_snap_20160624160000_EBG.jpg,1236,751,lag,5
FRF_c1_snap_20160624160000_EBG.jpg,1689,1072,lag,5
FRF_c1_snap_20160624160000_EBG.jpg,1682,1105,lag,5
FRF_c1_snap_20160624160000_EBG.jpg,1647,1067,lag,5
FRF_c1_snap_20160624160000_EBG.jpg,2258,1547,lag,5
FRF_c1_snap_20160624160000_EBG.jpg,2360,1593,lag,5
FRF_c1_snap_20160624160000_EBG.jpg,1617,1045,lag,5
FRF_c1_snap_20160624160000_EBG.jpg,2318,1621,lag,5
FRF_c1_snap_20160624160000_EBG.jpg,2241,1557,lag,5
FRF_c1_snap_20160624160000_EBG.jpg,2158,1472,lag,5
FRF_c1_snap_20160624160000_EBG.jpg,2330,1601,lag,5
FRF_c1_snap_20160624160000_EBG.jpg,2267,1567,lag,5
FRF_c1_snap_20160624160000_EBG.jpg,1600,1037,lag,5
FRF_c1_snap_20160624160000_EBG.jpg,2412,1674,lag,5
FRF_c1_snap_20160624160000_EBG.jpg,1233,747,lag,5
FRF_c1_snap_20160624160000_EBG.jpg,2110,1500,lag,5
FRF_c1_snap_20160624160000_EBG.jpg,1229,719,lag,5
FRF_c1_snap_20160624160000_EBG.jpg,1040,647,lag,5
FRF_c1_snap_20160624160000_EBG.jpg,2296,1649,lag,5
FRF_c1_snap_20160624160000_EBG.jpg,2337,1614,lag,5
FRF_c1_snap_20160624160000_EBG.jpg,2306,1557,lag,5
FRF_c1_snap_20160624160000_EBG.jpg,2294,1639,lag,5
FRF_c1_snap_20160624160000_EBG.jpg,1706,1077,lag,5
FRF_c1_snap_20160624160000_EBG.jpg,2132,1490,lag,5
FRF_c1_snap_20160624160000_EBG.jpg,2397,1661,lag,5
FRF_c1_snap_20160624160000_EBG.jpg,1482,920,lag,5
FRF_c1_snap_20160624160000_EBG.jpg,2095,1502,lag,5
FRF_c1_snap_20160624160000_EBG.jpg,2229,1601,lag,5
FRF_c1_snap_20160624160000_EBG.jpg,990,612,lag,5
FRF_c1_snap_20160624160000_EBG.jpg,987,602,lag,5
FRF_c1_snap_20160624160000_EBG.jpg,2275,1559,lag,5
FRF_c1_snap_20160624160000_EBG.jpg,2140,1475,lag,5
FRF_c1_snap_20160624160000_EBG.jpg,2374,1689,lag,5
FRF_c1_snap_20160624160000_EBG.jpg,2264,1563,lag,5
FRF_c1_snap_20160624160000_EBG.jpg,2302,1661,lag,5
FRF_c1_snap_20160624160000_EBG.jpg,1270,779,lag,5
FRF_c1_snap_20160624160000_EBG.jpg,1506,928,lag,5
FRF_c1_snap_20160624160000_EBG.jpg,1509,958,lag,5
FRF_c1_snap_20160624160000_EBG.jpg,1360,878,lag,5
FRF_c1_snap_20160624160000_EBG.jpg,2396,1676,lag,5
FRF_c1_snap_20160624160000_EBG.jpg,2239,1597,lag,5
FRF_c1_snap_20160624160000_EBG.jpg,1144,695,lag,5
FRF_c1_snap_20160624160000_EBG.jpg,2271,1551,lag,5
FRF_c1_snap_20160624160000_EBG.jpg,2269,1645,lag,5
FRF_c1_snap_20160624160000_EBG.jpg,776,783,lag,5
FRF_c1_snap_20160624160000_EBG.jpg,1681,1112,lag,5
FRF_c1_snap_20160624160000_EBG.jpg,2087,1979,lag,5
FRF_c1_snap_20160624160000_EBG.jpg,1345,885,lag,5
FRF_c1_snap_20160624160000_EBG.jpg,2158,1519,lag,5
FRF_c1_snap_20160624160000_EBG.jpg,2269,1625,lag,5
FRF_c1_snap_20160624160000_EBG.jpg,1439,917,lag,5
FRF_c1_snap_20160624160000_EBG.jpg,2351,1612,lag,5
FRF_c1_snap_20160624160000_EBG.jpg,1037,651,lag,5
FRF_c1_snap_20160624160000_EBG.jpg,1092,662,lag,5
FRF_c1_snap_20160624160000_EBG.jpg,2163,1509,lag,5
FRF_c1_snap_20160624160000_EBG.jpg,1435,924,lag,5
FRF_c1_snap_20160624160000_EBG.jpg,2257,1591,lag,5
FRF_c1_snap_20160624160000_EBG.jpg,2395,1666,lag,5
FRF_c1_snap_20160624160000_EBG.jpg,2235,1587,lag,5
FRF_c1_snap_20160624160000_EBG.jpg,2329,1619,lag,5
FRF_c1_snap_20160624160000_EBG.jpg,1676,1067,lag,5
FRF_c1_snap_20160624160000_EBG.jpg,1494,949,lag,5
FRF_c1_snap_20160624160000_EBG.jpg,1500,921,lag,5
FRF_c1_snap_20160624160000_EBG.jpg,904,540,lag,5
FRF_c1_snap_20160624160000_EBG.jpg,1588,1025,lag,5
FRF_c1_snap_20160624160000_EBG.jpg,1068,661,lag,5
FRF_c1_snap_20160624160000_EBG.jpg,2151,1480,lag,5
FRF_c1_snap_20160624160000_EBG.jpg,1347,874,lag,5
FRF_c1_snap_20160624160000_EBG.jpg,1529,986,lag,5
FRF_c1_snap_20160624160000_EBG.jpg,2246,1524,lag,5
FRF_c1_snap_20160624160000_EBG.jpg,2216,1512,lag,5
FRF_c1_snap_20160624160000_EBG.jpg,1499,976,lag,5
FRF_c1_snap_20160624160000_EBG.jpg,2380,1691,lag,5
FRF_c1_snap_20160624160000_EBG.jpg,2403,1682,lag,5
FRF_c1_snap_20170315160000_EBG.jpg,2310,1358,background,0
FRF_c1_snap_20170315160000_EBG.jpg,1966,1187,background,0
FRF_c1_snap_20170315160000_EBG.jpg,2335,1475,background,0
FRF_c1_snap_20170315160000_EBG.jpg,2235,1060,background,0
FRF_c1_snap_20170315160000_EBG.jpg,2223,1507,background,0
FRF_c1_snap_20170315160000_EBG.jpg,1737,798,background,0
FRF_c1_snap_20170315160000_EBG.jpg,1445,563,background,0
FRF_c1_snap_20170315160000_EBG.jpg,707,795,background,0
FRF_c1_snap_20170315160000_EBG.jpg,2413,1001,background,0
FRF_c1_snap_20170315160000_EBG.jpg,1417,551,background,0
FRF_c1_snap_20170315160000_EBG.jpg,1284,605,background,0
FRF_c1_snap_20170315160000_EBG.jpg,1914,933,background,0
FRF_c1_snap_20170315160000_EBG.jpg,1286,616,background,0
FRF_c1_snap_20170315160000_EBG.jpg,1975,1260,background,0
FRF_c1_snap_20170315160000_EBG.jpg,1785,1151,background,0
FRF_c1_snap_20170315160000_EBG.jpg,1592,1029,background,0
FRF_c1_snap_20170315160000_EBG.jpg,2403,1574,background,0
FRF_c1_snap_20170315160000_EBG.jpg,1427,551,background,0
FRF_c1_snap_20170315160000_EBG.jpg,2181,1350,background,0
FRF_c1_snap_20170315160000_EBG.jpg,2125,1400,background,0
FRF_c1_snap_20170315160000_EBG.jpg,2155,1517,background,0
FRF_c1_snap_20170315160000_EBG.jpg,2376,1625,background,0
FRF_c1_snap_20170315160000_EBG.jpg,979,561,background,0
FRF_c1_snap_20170315160000_EBG.jpg,2182,1088,background,0
FRF_c1_snap_20170315160000_EBG.jpg,1661,766,background,0
FRF_c1_snap_20170315160000_EBG.jpg,1116,552,background,0
FRF_c1_snap_20170315160000_EBG.jpg,1841,882,background,0
FRF_c1_snap_20170315160000_EBG.jpg,1613,686,background,0
FRF_c1_snap_20170315160000_EBG.jpg,1555,822,background,0
FRF_c1_snap_20170315160000_EBG.jpg,1619,1076,background,0
FRF_c1_snap_20170315160000_EBG.jpg,1798,883,background,0
FRF_c1_snap_20170315160000_EBG.jpg,1463,619,background,0
FRF_c1_snap_20170315160000_EBG.jpg,1239,636,background,0
FRF_c1_snap_20170315160000_EBG.jpg,2320,1620,background,0
FRF_c1_snap_20170315160000_EBG.jpg,2207,1661,background,0
FRF_c1_snap_20170315160000_EBG.jpg,2150,1191,background,0
FRF_c1_snap_20170315160000_EBG.jpg,1486,683,background,0
FRF_c1_snap_20170315160000_EBG.jpg,1468,656,background,0
FRF_c1_snap_20170315160000_EBG.jpg,2165,1328,background,0
FRF_c1_snap_20170315160000_EBG.jpg,2280,1400,background,0
FRF_c1_snap_20170315160000_EBG.jpg,90,471,background,0
FRF_c1_snap_20170315160000_EBG.jpg,199,376,background,0
FRF_c1_snap_20170315160000_EBG.jpg,124,574,background,0
FRF_c1_snap_20170315160000_EBG.jpg,309,308,background,0
FRF_c1_snap_20170315160000_EBG.jpg,99,655,background,0
FRF_c1_snap_20170315160000_EBG.jpg,371,527,background,0
FRF_c1_snap_20170315160000_EBG.jpg,57,369,background,0
FRF_c1_snap_20170315160000_EBG.jpg,230,504,background,0
FRF_c1_snap_20170315160000_EBG.jpg,46,626,background,0
FRF_c1_snap_20170315160000_EBG.jpg,153,679,background,0
FRF_c1_snap_20170315160000_EBG.jpg,109,356,background,0
FRF_c1_snap_20170315160000_EBG.jpg,292,573,background,0
FRF_c1_snap_20170315160000_EBG.jpg,76,354,background,0
FRF_c1_snap_20170315160000_EBG.jpg,352,580,background,0
FRF_c1_snap_20170315160000_EBG.jpg,457,575,background,0
FRF_c1_snap_20170315160000_EBG.jpg,411,592,background,0
FRF_c1_snap_20170315160000_EBG.jpg,445,473,background,0
FRF_c1_snap_20170315160000_EBG.jpg,163,528,background,0
FRF_c1_snap_20170315160000_EBG.jpg,68,666,background,0
FRF_c1_snap_20170315160000_EBG.jpg,48,279,background,0
FRF_c1_snap_20170315160000_EBG.jpg,416,631,background,0
FRF_c1_snap_20170315160000_EBG.jpg,477,570,background,0
FRF_c1_snap_20170315160000_EBG.jpg,240,487,background,0
FRF_c1_snap_20170315160000_EBG.jpg,71,426,background,0
FRF_c1_snap_20170315160000_EBG.jpg,316,530,background,0
FRF_c1_snap_20170315160000_EBG.jpg,129,453,background,0
FRF_c1_snap_20170315160000_EBG.jpg,213,410,background,0
FRF_c1_snap_20170315160000_EBG.jpg,228,591,background,0
FRF_c1_snap_20170315160000_EBG.jpg,73,417,background,0
FRF_c1_snap_20170315160000_EBG.jpg,69,647,background,0
FRF_c1_snap_20170315160000_EBG.jpg,387,468,background,0
FRF_c1_snap_20170315160000_EBG.jpg,226,383,background,0
FRF_c1_snap_20170315160000_EBG.jpg,60,329,background,0
FRF_c1_snap_20170315160000_EBG.jpg,93,344,background,0
FRF_c1_snap_20170315160000_EBG.jpg,93,461,background,0
FRF_c1_snap_20170315160000_EBG.jpg,139,272,background,0
FRF_c1_snap_20170315160000_EBG.jpg,288,379,background,0
FRF_c1_snap_20170315160000_EBG.jpg,67,384,background,0
FRF_c1_snap_20170315160000_EBG.jpg,260,328,background,0
FRF_c1_snap_20170315160000_EBG.jpg,443,500,background,0
FRF_c1_snap_20170315160000_EBG.jpg,1469,876,wetsand,1
FRF_c1_snap_20170315160000_EBG.jpg,2138,1703,wetsand,1
FRF_c1_snap_20170315160000_EBG.jpg,1341,848,wetsand,1
FRF_c1_snap_20170315160000_EBG.jpg,1547,1065,wetsand,1
FRF_c1_snap_20170315160000_EBG.jpg,2013,1581,wetsand,1
FRF_c1_snap_20170315160000_EBG.jpg,1400,913,wetsand,1
FRF_c1_snap_20170315160000_EBG.jpg,1631,1225,wetsand,1
FRF_c1_snap_20170315160000_EBG.jpg,1664,1200,wetsand,1
FRF_c1_snap_20170315160000_EBG.jpg,1554,905,wetsand,1
FRF_c1_snap_20170315160000_EBG.jpg,2000,1537,wetsand,1
FRF_c1_snap_20170315160000_EBG.jpg,1205,778,wetsand,1
FRF_c1_snap_20170315160000_EBG.jpg,1510,1108,wetsand,1
FRF_c1_snap_20170315160000_EBG.jpg,1409,879,wetsand,1
FRF_c1_snap_20170315160000_EBG.jpg,1878,1438,wetsand,1
FRF_c1_snap_20170315160000_EBG.jpg,1508,1115,wetsand,1
FRF_c1_snap_20170315160000_EBG.jpg,2121,1693,wetsand,1
FRF_c1_snap_20170315160000_EBG.jpg,1162,720,wetsand,1
FRF_c1_snap_20170315160000_EBG.jpg,1750,1417,wetsand,1
FRF_c1_snap_20170315160000_EBG.jpg,1286,775,wetsand,1
FRF_c1_snap_20170315160000_EBG.jpg,1999,1581,wetsand,1
FRF_c1_snap_20170315160000_EBG.jpg,1279,861,wetsand,1
FRF_c1_snap_20170315160000_EBG.jpg,1811,1384,wetsand,1
FRF_c1_snap_20170315160000_EBG.jpg,2341,1839,wetsand,1
FRF_c1_snap_20170315160000_EBG.jpg,2252,1811,wetsand,1
FRF_c1_snap_20170315160000_EBG.jpg,1850,1404,wetsand,1
FRF_c1_snap_20170315160000_EBG.jpg,1769,1362,wetsand,1
FRF_c1_snap_20170315160000_EBG.jpg,2023,1602,wetsand,1
FRF_c1_snap_20170315160000_EBG.jpg,1773,1321,wetsand,1
FRF_c1_snap_20170315160000_EBG.jpg,1470,930,wetsand,1
FRF_c1_snap_20170315160000_EBG.jpg,1641,916,wetsand,1
FRF_c1_snap_20170315160000_EBG.jpg,1513,1121,wetsand,1
FRF_c1_snap_20170315160000_EBG.jpg,2012,1644,wetsand,1
FRF_c1_snap_20170315160000_EBG.jpg,1409,857,wetsand,1
FRF_c1_snap_20170315160000_EBG.jpg,1340,846,wetsand,1
FRF_c1_snap_20170315160000_EBG.jpg,1801,1383,wetsand,1
FRF_c1_snap_20170315160000_EBG.jpg,835,539,wetsand,1
FRF_c1_snap_20170315160000_EBG.jpg,1785,1335,wetsand,1
FRF_c1_snap_20170315160000_EBG.jpg,1958,1557,wetsand,1
FRF_c1_snap_20170315160000_EBG.jpg,2073,1522,wetsand,1
FRF_c1_snap_20170315160000_EBG.jpg,1816,1360,wetsand,1
FRF_c1_snap_20170315160000_EBG.jpg,1391,922,wetsand,1
FRF_c1_snap_20170315160000_EBG.jpg,2006,1600,wetsand,1
FRF_c1_snap_20170315160000_EBG.jpg,985,648,wetsand,1
FRF_c1_snap_20170315160000_EBG.jpg,2271,1804,wetsand,1
FRF_c1_snap_20170315160000_EBG.jpg,805,552,wetsand,1
FRF_c1_snap_20170315160000_EBG.jpg,1178,809,wetsand,1
FRF_c1_snap_20170315160000_EBG.jpg,1984,1578,wetsand,1
FRF_c1_snap_20170315160000_EBG.jpg,1696,1250,wetsand,1
FRF_c1_snap_20170315160000_EBG.jpg,2004,1555,wetsand,1
FRF_c1_snap_20170315160000_EBG.jpg,1596,1107,wetsand,1
FRF_c1_snap_20170315160000_EBG.jpg,842,572,wetsand,1
FRF_c1_snap_20170315160000_EBG.jpg,1515,923,wetsand,1
FRF_c1_snap_20170315160000_EBG.jpg,2188,1758,wetsand,1
FRF_c1_snap_20170315160000_EBG.jpg,1939,1368,wetsand,1
FRF_c1_snap_20170315160000_EBG.jpg,1936,1477,wetsand,1
FRF_c1_snap_20170315160000_EBG.jpg,1131,788,wetsand,1
FRF_c1_snap_20170315160000_EBG.jpg,1466,908,wetsand,1
FRF_c1_snap_20170315160000_EBG.jpg,1293,857,wetsand,1
FRF_c1_snap_20170315160000_EBG.jpg,950,631,wetsand,1
FRF_c1_snap_20170315160000_EBG.jpg,921,608,wetsand,1
FRF_c1_snap_20170315160000_EBG.jpg,1847,1395,wetsand,1
FRF_c1_snap_20170315160000_EBG.jpg,1273,803,wetsand,1
FRF_c1_snap_20170315160000_EBG.jpg,1508,1109,wetsand,1
FRF_c1_snap_20170315160000_EBG.jpg,1772,1415,wetsand,1
FRF_c1_snap_20170315160000_EBG.jpg,2028,1648,wetsand,1
FRF_c1_snap_20170315160000_EBG.jpg,1434,896,wetsand,1
FRF_c1_snap_20170315160000_EBG.jpg,1454,894,wetsand,1
FRF_c1_snap_20170315160000_EBG.jpg,1226,763,wetsand,1
FRF_c1_snap_20170315160000_EBG.jpg,1759,1256,wetsand,1
FRF_c1_snap_20170315160000_EBG.jpg,2062,1516,wetsand,1
FRF_c1_snap_20170315160000_EBG.jpg,1567,1191,wetsand,1
FRF_c1_snap_20170315160000_EBG.jpg,1476,919,wetsand,1
FRF_c1_snap_20170315160000_EBG.jpg,1745,1299,wetsand,1
FRF_c1_snap_20170315160000_EBG.jpg,1305,767,wetsand,1
FRF_c1_snap_20170315160000_EBG.jpg,1531,906,wetsand,1
FRF_c1_snap_20170315160000_EBG.jpg,1566,1128,wetsand,1
FRF_c1_snap_20170315160000_EBG.jpg,1734,1206,wetsand,1
FRF_c1_snap_20170315160000_EBG.jpg,1736,1381,wetsand,1
FRF_c1_snap_20170315160000_EBG.jpg,1447,1021,wetsand,1
FRF_c1_snap_20170315160000_EBG.jpg,2374,1852,wetsand,1
FRF_c1_snap_20170315160000_EBG.jpg,1944,1862,drysand,2
FRF_c1_snap_20170315160000_EBG.jpg,1489,1871,drysand,2
FRF_c1_snap_20170315160000_EBG.jpg,1170,1522,drysand,2
FRF_c1_snap_20170315160000_EBG.jpg,731,1799,drysand,2
FRF_c1_snap_20170315160000_EBG.jpg,1664,1420,drysand,2
FRF_c1_snap_20170315160000_EBG.jpg,1655,1542,drysand,2
FRF_c1_snap_20170315160000_EBG.jpg,1701,1560,drysand,2
FRF_c1_snap_20170315160000_EBG.jpg,1878,1945,drysand,2
FRF_c1_snap_20170315160000_EBG.jpg,1901,1772,drysand,2
FRF_c1_snap_20170315160000_EBG.jpg,818,670,drysand,2
FRF_c1_snap_20170315160000_EBG.jpg,1100,921,drysand,2
FRF_c1_snap_20170315160000_EBG.jpg,931,865,drysand,2
FRF_c1_snap_20170315160000_EBG.jpg,2037,1798,drysand,2
FRF_c1_snap_20170315160000_EBG.jpg,872,896,drysand,2
FRF_c1_snap_20170315160000_EBG.jpg,1574,1635,drysand,2
FRF_c1_snap_20170315160000_EBG.jpg,1161,1274,drysand,2
FRF_c1_snap_20170315160000_EBG.jpg,1051,1230,drysand,2
FRF_c1_snap_20170315160000_EBG.jpg,1316,1478,drysand,2
FRF_c1_snap_20170315160000_EBG.jpg,1296,1486,drysand,2
FRF_c1_snap_20170315160000_EBG.jpg,1381,1817,drysand,2
FRF_c1_snap_20170315160000_EBG.jpg,1689,1401,drysand,2
FRF_c1_snap_20170315160000_EBG.jpg,1270,1694,drysand,2
FRF_c1_snap_20170315160000_EBG.jpg,1090,904,drysand,2
FRF_c1_snap_20170315160000_EBG.jpg,1285,936,drysand,2
FRF_c1_snap_20170315160000_EBG.jpg,1369,1143,drysand,2
FRF_c1_snap_20170315160000_EBG.jpg,874,696,drysand,2
FRF_c1_snap_20170315160000_EBG.jpg,1354,1465,drysand,2
FRF_c1_snap_20170315160000_EBG.jpg,1450,1979,drysand,2
FRF_c1_snap_20170315160000_EBG.jpg,1608,1797,drysand,2
FRF_c1_snap_20170315160000_EBG.jpg,1566,1311,drysand,2
FRF_c1_snap_20170315160000_EBG.jpg,1365,1869,drysand,2
FRF_c1_snap_20170315160000_EBG.jpg,1186,853,drysand,2
FRF_c1_snap_20170315160000_EBG.jpg,850,619,drysand,2
FRF_c1_snap_20170315160000_EBG.jpg,1308,1039,drysand,2
FRF_c1_snap_20170315160000_EBG.jpg,1473,1879,drysand,2
FRF_c1_snap_20170315160000_EBG.jpg,1238,1258,drysand,2
FRF_c1_snap_20170315160000_EBG.jpg,1507,1663,drysand,2
FRF_c1_snap_20170315160000_EBG.jpg,1547,1858,drysand,2
FRF_c1_snap_20170315160000_EBG.jpg,1430,1347,drysand,2
FRF_c1_snap_20170315160000_EBG.jpg,2195,1864,drysand,2
FRF_c1_snap_20170315160000_EBG.jpg,1230,1484,drysand,2
FRF_c1_snap_20170315160000_EBG.jpg,1850,1664,drysand,2
FRF_c1_snap_20170315160000_EBG.jpg,2030,1806,drysand,2
FRF_c1_snap_20170315160000_EBG.jpg,1008,1176,drysand,2
FRF_c1_snap_20170315160000_EBG.jpg,1498,1423,drysand,2
FRF_c1_snap_20170315160000_EBG.jpg,1477,1551,drysand,2
FRF_c1_snap_20170315160000_EBG.jpg,1346,924,drysand,2
FRF_c1_snap_20170315160000_EBG.jpg,1558,1304,drysand,2
FRF_c1_snap_20170315160000_EBG.jpg,1688,1383,drysand,2
FRF_c1_snap_20170315160000_EBG.jpg,894,908,drysand,2
FRF_c1_snap_20170315160000_EBG.jpg,1550,1783,drysand,2
FRF_c1_snap_20170315160000_EBG.jpg,2141,1802,drysand,2
FRF_c1_snap_20170315160000_EBG.jpg,1708,1752,drysand,2
FRF_c1_snap_20170315160000_EBG.jpg,2151,1868,drysand,2
FRF_c1_snap_20170315160000_EBG.jpg,1540,1244,drysand,2
FRF_c1_snap_20170315160000_EBG.jpg,1245,1633,drysand,2
FRF_c1_snap_20170315160000_EBG.jpg,1787,1507,drysand,2
FRF_c1_snap_20170315160000_EBG.jpg,1682,1979,drysand,2
FRF_c1_snap_20170315160000_EBG.jpg,1438,1054,drysand,2
FRF_c1_snap_20170315160000_EBG.jpg,1897,1803,drysand,2
FRF_c1_snap_20170315160000_EBG.jpg,1389,1718,drysand,2
FRF_c1_snap_20170315160000_EBG.jpg,1363,1104,drysand,2
FRF_c1_snap_20170315160000_EBG.jpg,1775,1665,drysand,2
FRF_c1_snap_20170315160000_EBG.jpg,1939,1865,drysand,2
FRF_c1_snap_20170315160000_EBG.jpg,772,630,drysand,2
FRF_c1_snap_20170315160000_EBG.jpg,959,678,drysand,2
FRF_c1_snap_20170315160000_EBG.jpg,1855,1573,drysand,2
FRF_c1_snap_20170315160000_EBG.jpg,1607,1981,drysand,2
FRF_c1_snap_20170315160000_EBG.jpg,1712,1808,drysand,2
FRF_c1_snap_20170315160000_EBG.jpg,2225,1819,drysand,2
FRF_c1_snap_20170315160000_EBG.jpg,1627,1445,drysand,2
FRF_c1_snap_20170315160000_EBG.jpg,721,1792,drysand,2
FRF_c1_snap_20170315160000_EBG.jpg,1657,1403,drysand,2
FRF_c1_snap_20170315160000_EBG.jpg,711,1815,drysand,2
FRF_c1_snap_20170315160000_EBG.jpg,1289,1168,drysand,2
FRF_c1_snap_20170315160000_EBG.jpg,1605,1788,drysand,2
FRF_c1_snap_20170315160000_EBG.jpg,1021,1124,drysand,2
FRF_c1_snap_20170315160000_EBG.jpg,1533,1276,drysand,2
FRF_c1_snap_20170315160000_EBG.jpg,2094,1964,drysand,2
FRF_c1_snap_20170315160000_EBG.jpg,1772,1959,drysand,2
FRF_c1_snap_20170315160000_EBG.jpg,855,1938,vegetation,3
FRF_c1_snap_20170315160000_EBG.jpg,721,1051,vegetation,3
FRF_c1_snap_20170315160000_EBG.jpg,1111,1941,vegetation,3
FRF_c1_snap_20170315160000_EBG.jpg,769,943,vegetation,3
FRF_c1_snap_20170315160000_EBG.jpg,588,1982,vegetation,3
FRF_c1_snap_20170315160000_EBG.jpg,1042,1840,vegetation,3
FRF_c1_snap_20170315160000_EBG.jpg,1130,1804,vegetation,3
FRF_c1_snap_20170315160000_EBG.jpg,1088,1722,vegetation,3
FRF_c1_snap_20170315160000_EBG.jpg,924,1724,vegetation,3
FRF_c1_snap_20170315160000_EBG.jpg,937,1229,vegetation,3
FRF_c1_snap_20170315160000_EBG.jpg,1169,1879,vegetation,3
FRF_c1_snap_20170315160000_EBG.jpg,1017,1663,vegetation,3
FRF_c1_snap_20170315160000_EBG.jpg,889,1870,vegetation,3
FRF_c1_snap_20170315160000_EBG.jpg,972,1329,vegetation,3
FRF_c1_snap_20170315160000_EBG.jpg,1171,1578,vegetation,3
FRF_c1_snap_20170315160000_EBG.jpg,939,1640,vegetation,3
FRF_c1_snap_20170315160000_EBG.jpg,1071,1863,vegetation,3
FRF_c1_snap_20170315160000_EBG.jpg,670,846,vegetation,3
FRF_c1_snap_20170315160000_EBG.jpg,1128,1631,vegetation,3
FRF_c1_snap_20170315160000_EBG.jpg,1004,1191,vegetation,3
FRF_c1_snap_20170315160000_EBG.jpg,1005,1256,vegetation,3
FRF_c1_snap_20170315160000_EBG.jpg,697,1910,vegetation,3
FRF_c1_snap_20170315160000_EBG.jpg,745,1188,vegetation,3
FRF_c1_snap_20170315160000_EBG.jpg,643,1874,vegetation,3
FRF_c1_snap_20170315160000_EBG.jpg,840,1758,vegetation,3
FRF_c1_snap_20170315160000_EBG.jpg,780,1090,vegetation,3
FRF_c1_snap_20170315160000_EBG.jpg,1026,1362,vegetation,3
FRF_c1_snap_20170315160000_EBG.jpg,883,1057,vegetation,3
FRF_c1_snap_20170315160000_EBG.jpg,1185,1885,vegetation,3
FRF_c1_snap_20170315160000_EBG.jpg,903,1700,vegetation,3
FRF_c1_snap_20170315160000_EBG.jpg,756,1651,vegetation,3
FRF_c1_snap_20170315160000_EBG.jpg,1360,1909,vegetation,3
FRF_c1_snap_20170315160000_EBG.jpg,984,1890,vegetation,3
FRF_c1_snap_20170315160000_EBG.jpg,719,1070,vegetation,3
FRF_c1_snap_20170315160000_EBG.jpg,1072,1431,vegetation,3
FRF_c1_snap_20170315160000_EBG.jpg,1132,1509,vegetation,3
FRF_c1_snap_20170315160000_EBG.jpg,1246,1738,vegetation,3
FRF_c1_snap_20170315160000_EBG.jpg,856,1367,vegetation,3
FRF_c1_snap_20170315160000_EBG.jpg,861,1565,vegetation,3
FRF_c1_snap_20170315160000_EBG.jpg,1200,1736,vegetation,3
FRF_c1_snap_20170315160000_EBG.jpg,374,1961,vegetation,3
FRF_c1_snap_20170315160000_EBG.jpg,142,976,vegetation,3
FRF_c1_snap_20170315160000_EBG.jpg,62,1656,vegetation,3
FRF_c1_snap_20170315160000_EBG.jpg,83,1358,vegetation,3
FRF_c1_snap_20170315160000_EBG.jpg,217,975,vegetation,3
FRF_c1_snap_20170315160000_EBG.jpg,440,943,vegetation,3
FRF_c1_snap_20170315160000_EBG.jpg,89,1535,vegetation,3
FRF_c1_snap_20170315160000_EBG.jpg,160,1395,vegetation,3
FRF_c1_snap_20170315160000_EBG.jpg,98,1794,vegetation,3
FRF_c1_snap_20170315160000_EBG.jpg,128,1535,vegetation,3
FRF_c1_snap_20170315160000_EBG.jpg,309,1622,vegetation,3
FRF_c1_snap_20170315160000_EBG.jpg,299,1865,vegetation,3
FRF_c1_snap_20170315160000_EBG.jpg,166,1200,vegetation,3
FRF_c1_snap_20170315160000_EBG.jpg,471,1943,vegetation,3
FRF_c1_snap_20170315160000_EBG.jpg,427,1785,vegetation,3
FRF_c1_snap_20170315160000_EBG.jpg,33,1540,vegetation,3
FRF_c1_snap_20170315160000_EBG.jpg,312,1434,vegetation,3
FRF_c1_snap_20170315160000_EBG.jpg,69,1162,vegetation,3
FRF_c1_snap_20170315160000_EBG.jpg,466,1828,vegetation,3
FRF_c1_snap_20170315160000_EBG.jpg,374,1572,vegetation,3
FRF_c1_snap_20170315160000_EBG.jpg,314,1439,vegetation,3
FRF_c1_snap_20170315160000_EBG.jpg,358,1626,vegetation,3
FRF_c1_snap_20170315160000_EBG.jpg,182,1006,vegetation,3
FRF_c1_snap_20170315160000_EBG.jpg,417,1600,vegetation,3
FRF_c1_snap_20170315160000_EBG.jpg,395,1544,vegetation,3
FRF_c1_snap_20170315160000_EBG.jpg,423,1243,vegetation,3
FRF_c1_snap_20170315160000_EBG.jpg,197,1091,vegetation,3
FRF_c1_snap_20170315160000_EBG.jpg,404,1894,vegetation,3
FRF_c1_snap_20170315160000_EBG.jpg,390,1088,vegetation,3
FRF_c1_snap_20170315160000_EBG.jpg,120,1731,vegetation,3
FRF_c1_snap_20170315160000_EBG.jpg,475,1198,vegetation,3
FRF_c1_snap_20170315160000_EBG.jpg,270,1309,vegetation,3
FRF_c1_snap_20170315160000_EBG.jpg,496,1178,vegetation,3
FRF_c1_snap_20170315160000_EBG.jpg,245,1245,vegetation,3
FRF_c1_snap_20170315160000_EBG.jpg,524,1022,vegetation,3
FRF_c1_snap_20170315160000_EBG.jpg,128,1432,vegetation,3
FRF_c1_snap_20170315160000_EBG.jpg,163,1326,vegetation,3
FRF_c1_snap_20170315160000_EBG.jpg,222,1348,vegetation,3
FRF_c1_snap_20170315160000_EBG.jpg,237,1467,vegetation,3
FRF_c1_snap_20170315160000_EBG.jpg,337,1158,vegetation,3
FRF_c1_snap_20170315160000_EBG.jpg,1166,1336,heavies,4
FRF_c1_snap_20170315160000_EBG.jpg,1119,1153,heavies,4
FRF_c1_snap_20170315160000_EBG.jpg,984,855,heavies,4
FRF_c1_snap_20170315160000_EBG.jpg,1422,1816,heavies,4
FRF_c1_snap_20170315160000_EBG.jpg,1842,1595,heavies,4
FRF_c1_snap_20170315160000_EBG.jpg,1490,1933,heavies,4
FRF_c1_snap_20170315160000_EBG.jpg,1235,1159,heavies,4
FRF_c1_snap_20170315160000_EBG.jpg,1064,977,heavies,4
FRF_c1_snap_20170315160000_EBG.jpg,1646,1615,heavies,4
FRF_c1_snap_20170315160000_EBG.jpg,1268,1258,heavies,4
FRF_c1_snap_20170315160000_EBG.jpg,1298,1332,heavies,4
FRF_c1_snap_20170315160000_EBG.jpg,1248,1175,heavies,4
FRF_c1_snap_20170315160000_EBG.jpg,1347,1242,heavies,4
FRF_c1_snap_20170315160000_EBG.jpg,1498,1177,heavies,4
FRF_c1_snap_20170315160000_EBG.jpg,1573,1532,heavies,4
FRF_c1_snap_20170315160000_EBG.jpg,1264,1204,heavies,4
FRF_c1_snap_20170315160000_EBG.jpg,1970,1926,heavies,4
FRF_c1_snap_20170315160000_EBG.jpg,1204,1097,heavies,4
FRF_c1_snap_20170315160000_EBG.jpg,1170,1061,heavies,4
FRF_c1_snap_20170315160000_EBG.jpg,979,848,heavies,4
FRF_c1_snap_20170315160000_EBG.jpg,1290,1804,heavies,4
FRF_c1_snap_20170315160000_EBG.jpg,1973,1976,heavies,4
FRF_c1_snap_20170315160000_EBG.jpg,1219,1145,heavies,4
FRF_c1_snap_20170315160000_EBG.jpg,1231,1020,heavies,4
FRF_c1_snap_20170315160000_EBG.jpg,987,986,heavies,4
FRF_c1_snap_20170315160000_EBG.jpg,1497,1471,heavies,4
FRF_c1_snap_20170315160000_EBG.jpg,1429,1904,heavies,4
FRF_c1_snap_20170315160000_EBG.jpg,1800,1746,heavies,4
FRF_c1_snap_20170315160000_EBG.jpg,1047,750,heavies,4
FRF_c1_snap_20170315160000_EBG.jpg,1137,1004,heavies,4
FRF_c1_snap_20170315160000_EBG.jpg,1816,1978,heavies,4
FRF_c1_snap_20170315160000_EBG.jpg,1455,1848,heavies,4
FRF_c1_snap_20170315160000_EBG.jpg,1334,1286,heavies,4
FRF_c1_snap_20170315160000_EBG.jpg,1575,1474,heavies,4
FRF_c1_snap_20170315160000_EBG.jpg,1116,1105,heavies,4
FRF_c1_snap_20170315160000_EBG.jpg,1756,1855,heavies,4
FRF_c1_snap_20170315160000_EBG.jpg,1275,1092,heavies,4
FRF_c1_snap_20170315160000_EBG.jpg,1849,1841,heavies,4
FRF_c1_snap_20170315160000_EBG.jpg,1301,1353,heavies,4
FRF_c1_snap_20170315160000_EBG.jpg,1054,1064,heavies,4
FRF_c1_snap_20170315160000_EBG.jpg,2174,1777,heavies,4
FRF_c1_snap_20170315160000_EBG.jpg,980,844,heavies,4
FRF_c1_snap_20170315160000_EBG.jpg,991,982,heavies,4
FRF_c1_snap_20170315160000_EBG.jpg,1514,1589,heavies,4
FRF_c1_snap_20170315160000_EBG.jpg,1545,1195,heavies,4
FRF_c1_snap_20170315160000_EBG.jpg,1526,1594,heavies,4
FRF_c1_snap_20170315160000_EBG.jpg,1334,1338,heavies,4
FRF_c1_snap_20170315160000_EBG.jpg,1488,1469,heavies,4
FRF_c1_snap_20170315160000_EBG.jpg,1741,1769,heavies,4
FRF_c1_snap_20170315160000_EBG.jpg,1511,1455,heavies,4
FRF_c1_snap_20170315160000_EBG.jpg,1810,1977,heavies,4
FRF_c1_snap_20170315160000_EBG.jpg,1623,1569,heavies,4
FRF_c1_snap_20170315160000_EBG.jpg,1768,1762,heavies,4
FRF_c1_snap_20170315160000_EBG.jpg,1057,986,heavies,4
FRF_c1_snap_20170315160000_EBG.jpg,1309,1292,heavies,4
FRF_c1_snap_20170315160000_EBG.jpg,1047,1071,heavies,4
FRF_c1_snap_20170315160000_EBG.jpg,1432,1901,heavies,4
FRF_c1_snap_20170315160000_EBG.jpg,955,854,heavies,4
FRF_c1_snap_20170315160000_EBG.jpg,1643,1655,heavies,4
FRF_c1_snap_20170315160000_EBG.jpg,1312,1342,heavies,4
FRF_c1_snap_20170315160000_EBG.jpg,1749,1750,heavies,4
FRF_c1_snap_20170315160000_EBG.jpg,1033,997,heavies,4
FRF_c1_snap_20170315160000_EBG.jpg,1265,954,heavies,4
FRF_c1_snap_20170315160000_EBG.jpg,1382,1258,heavies,4
FRF_c1_snap_20170315160000_EBG.jpg,1603,1604,heavies,4
FRF_c1_snap_20170315160000_EBG.jpg,1335,1265,heavies,4
FRF_c1_snap_20170315160000_EBG.jpg,1618,1257,heavies,4
FRF_c1_snap_20170315160000_EBG.jpg,1671,1582,heavies,4
FRF_c1_snap_20170315160000_EBG.jpg,1353,1799,heavies,4
FRF_c1_snap_20170315160000_EBG.jpg,842,651,heavies,4
FRF_c1_snap_20170315160000_EBG.jpg,1876,1584,heavies,4
FRF_c1_snap_20170315160000_EBG.jpg,1033,999,heavies,4
FRF_c1_snap_20170315160000_EBG.jpg,1231,1259,heavies,4
FRF_c1_snap_20170315160000_EBG.jpg,1194,1146,heavies,4
FRF_c1_snap_20170315160000_EBG.jpg,1472,1848,heavies,4
FRF_c1_snap_20170315160000_EBG.jpg,1110,997,heavies,4
FRF_c1_snap_20170315160000_EBG.jpg,1554,1588,heavies,4
FRF_c1_snap_20170315160000_EBG.jpg,1662,1571,heavies,4
FRF_c1_snap_20170315160000_EBG.jpg,1278,1367,heavies,4
FRF_c1_snap_20170315160000_EBG.jpg,1013,949,heavies,4
FRF_c1_snap_20170315160000_EBG.jpg,1335,943,lag,5
FRF_c1_snap_20170315160000_EBG.jpg,1092,765,lag,5
FRF_c1_snap_20170315160000_EBG.jpg,1196,990,lag,5
FRF_c1_snap_20170315160000_EBG.jpg,927,746,lag,5
FRF_c1_snap_20170315160000_EBG.jpg,1247,872,lag,5
FRF_c1_snap_20170315160000_EBG.jpg,1010,731,lag,5
FRF_c1_snap_20170315160000_EBG.jpg,923,748,lag,5
FRF_c1_snap_20170315160000_EBG.jpg,1170,1007,lag,5
FRF_c1_snap_20170315160000_EBG.jpg,1240,866,lag,5
FRF_c1_snap_20170315160000_EBG.jpg,893,709,lag,5
FRF_c1_snap_20170315160000_EBG.jpg,989,710,lag,5
FRF_c1_snap_20170315160000_EBG.jpg,931,756,lag,5
FRF_c1_snap_20170315160000_EBG.jpg,1102,874,lag,5
FRF_c1_snap_20170315160000_EBG.jpg,920,719,lag,5
FRF_c1_snap_20170315160000_EBG.jpg,917,733,lag,5
FRF_c1_snap_20170315160000_EBG.jpg,1222,1003,lag,5
FRF_c1_snap_20170315160000_EBG.jpg,1172,1006,lag,5
FRF_c1_snap_20170315160000_EBG.jpg,1089,784,lag,5
FRF_c1_snap_20170315160000_EBG.jpg,918,744,lag,5
FRF_c1_snap_20170315160000_EBG.jpg,1067,735,lag,5
FRF_c1_snap_20170315160000_EBG.jpg,1086,942,lag,5
FRF_c1_snap_20170315160000_EBG.jpg,855,660,lag,5
FRF_c1_snap_20170315160000_EBG.jpg,919,745,lag,5
FRF_c1_snap_20170315160000_EBG.jpg,1083,735,lag,5
FRF_c1_snap_20170315160000_EBG.jpg,826,581,lag,5
FRF_c1_snap_20170315160000_EBG.jpg,926,763,lag,5
FRF_c1_snap_20170315160000_EBG.jpg,974,714,lag,5
FRF_c1_snap_20170315160000_EBG.jpg,866,612,lag,5
FRF_c1_snap_20170315160000_EBG.jpg,1000,720,lag,5
FRF_c1_snap_20170315160000_EBG.jpg,1059,715,lag,5
FRF_c1_snap_20170315160000_EBG.jpg,1054,738,lag,5
FRF_c1_snap_20170315160000_EBG.jpg,1102,938,lag,5
FRF_c1_snap_20170315160000_EBG.jpg,843,587,lag,5
FRF_c1_snap_20170315160000_EBG.jpg,1008,712,lag,5
FRF_c1_snap_20170315160000_EBG.jpg,1089,943,lag,5
FRF_c1_snap_20170315160000_EBG.jpg,1032,917,lag,5
FRF_c1_snap_20170315160000_EBG.jpg,1486,1450,lag,5
FRF_c1_snap_20170315160000_EBG.jpg,927,710,lag,5
FRF_c1_snap_20170315160000_EBG.jpg,1075,883,lag,5
FRF_c1_snap_20170315160000_EBG.jpg,1025,717,lag,5
FRF_c1_snap_20170315160000_EBG.jpg,1025,723,lag,5
FRF_c1_snap_20170315160000_EBG.jpg,1179,996,lag,5
FRF_c1_snap_20170315160000_EBG.jpg,1080,953,lag,5
FRF_c1_snap_20170315160000_EBG.jpg,1356,949,lag,5
FRF_c1_snap_20170315160000_EBG.jpg,903,709,lag,5
FRF_c1_snap_20170315160000_EBG.jpg,972,714,lag,5
FRF_c1_snap_20170315160000_EBG.jpg,1205,1005,lag,5
FRF_c1_snap_20170315160000_EBG.jpg,999,728,lag,5
FRF_c1_snap_20170315160000_EBG.jpg,1204,1006,lag,5
FRF_c1_snap_20170315160000_EBG.jpg,1087,938,lag,5
FRF_c1_snap_20170315160000_EBG.jpg,1006,729,lag,5
FRF_c1_snap_20170315160000_EBG.jpg,1058,876,lag,5
FRF_c1_snap_20170315160000_EBG.jpg,819,591,lag,5
FRF_c1_snap_20170315160000_EBG.jpg,1018,732,lag,5
FRF_c1_snap_20170315160000_EBG.jpg,922,742,lag,5
FRF_c1_snap_20170315160000_EBG.jpg,1085,756,lag,5
FRF_c1_snap_20170315160000_EBG.jpg,985,691,lag,5
FRF_c1_snap_20170315160000_EBG.jpg,998,684,lag,5
FRF_c1_snap_20170315160000_EBG.jpg,855,605,lag,5
FRF_c1_snap_20170315160000_EBG.jpg,1041,884,lag,5
FRF_c1_snap_20170315160000_EBG.jpg,955,790,lag,5
FRF_c1_snap_20170315160000_EBG.jpg,1073,758,lag,5
FRF_c1_snap_20170315160000_EBG.jpg,843,598,lag,5
FRF_c1_snap_20170315160000_EBG.jpg,1056,717,lag,5
FRF_c1_snap_20170315160000_EBG.jpg,962,801,lag,5
FRF_c1_snap_20170315160000_EBG.jpg,1209,1010,lag,5
FRF_c1_snap_20170315160000_EBG.jpg,1187,1018,lag,5
FRF_c1_snap_20170315160000_EBG.jpg,1350,944,lag,5
FRF_c1_snap_20170315160000_EBG.jpg,1105,881,lag,5
FRF_c1_snap_20170315160000_EBG.jpg,1023,704,lag,5
FRF_c1_snap_20170315160000_EBG.jpg,864,613,lag,5
FRF_c1_snap_20170315160000_EBG.jpg,1092,940,lag,5
FRF_c1_snap_20170315160000_EBG.jpg,1018,928,lag,5
FRF_c1_snap_20170315160000_EBG.jpg,866,609,lag,5
FRF_c1_snap_20170315160000_EBG.jpg,1119,785,lag,5
FRF_c1_snap_20170315160000_EBG.jpg,1108,791,lag,5
FRF_c1_snap_20170315160000_EBG.jpg,1030,724,lag,5
FRF_c1_snap_20170315160000_EBG.jpg,1103,868,lag,5
FRF_c1_snap_20170315160000_EBG.jpg,1189,1008,lag,5
FRF_c1_snap_20170315160000_EBG.jpg,923,712,lag,5
FRF_c1_snap_20170603160000_EBG.jpg,1832,901,background,0
FRF_c1_snap_20170603160000_EBG.jpg,1839,936,background,0
FRF_c1_snap_20170603160000_EBG.jpg,1604,858,background,0
FRF_c1_snap_20170603160000_EBG.jpg,2140,956,background,0
FRF_c1_snap_20170603160000_EBG.jpg,1201,572,background,0
FRF_c1_snap_20170603160000_EBG.jpg,1426,730,background,0
FRF_c1_snap_20170603160000_EBG.jpg,2025,979,background,0
FRF_c1_snap_20170603160000_EBG.jpg,1744,871,background,0
FRF_c1_snap_20170603160000_EBG.jpg,1760,904,background,0
FRF_c1_snap_20170603160000_EBG.jpg,1685,810,background,0
FRF_c1_snap_20170603160000_EBG.jpg,2139,1216,background,0
FRF_c1_snap_20170603160000_EBG.jpg,1284,693,background,0
FRF_c1_snap_20170603160000_EBG.jpg,2394,1126,background,0
FRF_c1_snap_20170603160000_EBG.jpg,1742,883,background,0
FRF_c1_snap_20170603160000_EBG.jpg,2186,1172,background,0
FRF_c1_snap_20170603160000_EBG.jpg,2034,964,background,0
FRF_c1_snap_20170603160000_EBG.jpg,1284,595,background,0
FRF_c1_snap_20170603160000_EBG.jpg,2012,888,background,0
FRF_c1_snap_20170603160000_EBG.jpg,2388,1016,background,0
FRF_c1_snap_20170603160000_EBG.jpg,1548,732,background,0
FRF_c1_snap_20170603160000_EBG.jpg,1704,971,background,0
FRF_c1_snap_20170603160000_EBG.jpg,2038,926,background,0
FRF_c1_snap_20170603160000_EBG.jpg,1997,869,background,0
FRF_c1_snap_20170603160000_EBG.jpg,1422,709,background,0
FRF_c1_snap_20170603160000_EBG.jpg,1380,1905,background,0
FRF_c1_snap_20170603160000_EBG.jpg,2095,930,background,0
FRF_c1_snap_20170603160000_EBG.jpg,2220,885,background,0
FRF_c1_snap_20170603160000_EBG.jpg,1422,742,background,0
FRF_c1_snap_20170603160000_EBG.jpg,2368,1061,background,0
FRF_c1_snap_20170603160000_EBG.jpg,1710,910,background,0
FRF_c1_snap_20170603160000_EBG.jpg,1482,753,background,0
FRF_c1_snap_20170603160000_EBG.jpg,1330,552,background,0
FRF_c1_snap_20170603160000_EBG.jpg,2381,1055,background,0
FRF_c1_snap_20170603160000_EBG.jpg,1402,628,background,0
FRF_c1_snap_20170603160000_EBG.jpg,2065,1029,background,0
FRF_c1_snap_20170603160000_EBG.jpg,2294,949,background,0
FRF_c1_snap_20170603160000_EBG.jpg,2254,1328,background,0
FRF_c1_snap_20170603160000_EBG.jpg,1755,888,background,0
FRF_c1_snap_20170603160000_EBG.jpg,2395,1278,background,0
FRF_c1_snap_20170603160000_EBG.jpg,1879,1062,background,0
FRF_c1_snap_20170603160000_EBG.jpg,83,337,background,0
FRF_c1_snap_20170603160000_EBG.jpg,162,587,background,0
FRF_c1_snap_20170603160000_EBG.jpg,124,347,background,0
FRF_c1_snap_20170603160000_EBG.jpg,95,453,background,0
FRF_c1_snap_20170603160000_EBG.jpg,164,466,background,0
FRF_c1_snap_20170603160000_EBG.jpg,207,264,background,0
FRF_c1_snap_20170603160000_EBG.jpg,317,524,background,0
FRF_c1_snap_20170603160000_EBG.jpg,30,370,background,0
FRF_c1_snap_20170603160000_EBG.jpg,88,622,background,0
FRF_c1_snap_20170603160000_EBG.jpg,256,443,background,0
FRF_c1_snap_20170603160000_EBG.jpg,331,510,background,0
FRF_c1_snap_20170603160000_EBG.jpg,316,337,background,0
FRF_c1_snap_20170603160000_EBG.jpg,175,327,background,0
FRF_c1_snap_20170603160000_EBG.jpg,73,331,background,0
FRF_c1_snap_20170603160000_EBG.jpg,16,466,background,0
FRF_c1_snap_20170603160000_EBG.jpg,343,422,background,0
FRF_c1_snap_20170603160000_EBG.jpg,204,277,background,0
FRF_c1_snap_20170603160000_EBG.jpg,42,302,background,0
FRF_c1_snap_20170603160000_EBG.jpg,285,403,background,0
FRF_c1_snap_20170603160000_EBG.jpg,80,415,background,0
FRF_c1_snap_20170603160000_EBG.jpg,480,616,background,0
FRF_c1_snap_20170603160000_EBG.jpg,344,557,background,0
FRF_c1_snap_20170603160000_EBG.jpg,488,537,background,0
FRF_c1_snap_20170603160000_EBG.jpg,236,543,background,0
FRF_c1_snap_20170603160000_EBG.jpg,185,499,background,0
FRF_c1_snap_20170603160000_EBG.jpg,418,558,background,0
FRF_c1_snap_20170603160000_EBG.jpg,325,546,background,0
FRF_c1_snap_20170603160000_EBG.jpg,483,469,background,0
FRF_c1_snap_20170603160000_EBG.jpg,382,650,background,0
FRF_c1_snap_20170603160000_EBG.jpg,155,532,background,0
FRF_c1_snap_20170603160000_EBG.jpg,214,597,background,0
FRF_c1_snap_20170603160000_EBG.jpg,281,572,background,0
FRF_c1_snap_20170603160000_EBG.jpg,193,309,background,0
FRF_c1_snap_20170603160000_EBG.jpg,16,479,background,0
FRF_c1_snap_20170603160000_EBG.jpg,284,402,background,0
FRF_c1_snap_20170603160000_EBG.jpg,38,270,background,0
FRF_c1_snap_20170603160000_EBG.jpg,375,464,background,0
FRF_c1_snap_20170603160000_EBG.jpg,28,578,background,0
FRF_c1_snap_20170603160000_EBG.jpg,170,333,background,0
FRF_c1_snap_20170603160000_EBG.jpg,98,258,background,0
FRF_c1_snap_20170603160000_EBG.jpg,1507,985,wetsand,1
FRF_c1_snap_20170603160000_EBG.jpg,2181,1371,wetsand,1
FRF_c1_snap_20170603160000_EBG.jpg,2331,1483,wetsand,1
FRF_c1_snap_20170603160000_EBG.jpg,1906,1254,wetsand,1
FRF_c1_snap_20170603160000_EBG.jpg,1772,1113,wetsand,1
FRF_c1_snap_20170603160000_EBG.jpg,1121,591,wetsand,1
FRF_c1_snap_20170603160000_EBG.jpg,2016,1339,wetsand,1
FRF_c1_snap_20170603160000_EBG.jpg,1715,1137,wetsand,1
FRF_c1_snap_20170603160000_EBG.jpg,1949,1255,wetsand,1
FRF_c1_snap_20170603160000_EBG.jpg,2195,1385,wetsand,1
FRF_c1_snap_20170603160000_EBG.jpg,2233,1472,wetsand,1
FRF_c1_snap_20170603160000_EBG.jpg,1866,1143,wetsand,1
FRF_c1_snap_20170603160000_EBG.jpg,2012,1280,wetsand,1
FRF_c1_snap_20170603160000_EBG.jpg,1881,1151,wetsand,1
FRF_c1_snap_20170603160000_EBG.jpg,1422,864,wetsand,1
FRF_c1_snap_20170603160000_EBG.jpg,2357,1549,wetsand,1
FRF_c1_snap_20170603160000_EBG.jpg,1406,790,wetsand,1
FRF_c1_snap_20170603160000_EBG.jpg,1995,1329,wetsand,1
FRF_c1_snap_20170603160000_EBG.jpg,2408,1523,wetsand,1
FRF_c1_snap_20170603160000_EBG.jpg,2402,1637,wetsand,1
FRF_c1_snap_20170603160000_EBG.jpg,1564,932,wetsand,1
FRF_c1_snap_20170603160000_EBG.jpg,2070,1324,wetsand,1
FRF_c1_snap_20170603160000_EBG.jpg,2179,1445,wetsand,1
FRF_c1_snap_20170603160000_EBG.jpg,2118,1457,wetsand,1
FRF_c1_snap_20170603160000_EBG.jpg,2030,1336,wetsand,1
FRF_c1_snap_20170603160000_EBG.jpg,1532,985,wetsand,1
FRF_c1_snap_20170603160000_EBG.jpg,2351,1483,wetsand,1
FRF_c1_snap_20170603160000_EBG.jpg,1561,911,wetsand,1
FRF_c1_snap_20170603160000_EBG.jpg,1883,1181,wetsand,1
FRF_c1_snap_20170603160000_EBG.jpg,1923,1196,wetsand,1
FRF_c1_snap_20170603160000_EBG.jpg,2241,1473,wetsand,1
FRF_c1_snap_20170603160000_EBG.jpg,1163,686,wetsand,1
FRF_c1_snap_20170603160000_EBG.jpg,1397,856,wetsand,1
FRF_c1_snap_20170603160000_EBG.jpg,2378,1541,wetsand,1
FRF_c1_snap_20170603160000_EBG.jpg,1697,1014,wetsand,1
FRF_c1_snap_20170603160000_EBG.jpg,2103,1447,wetsand,1
FRF_c1_snap_20170603160000_EBG.jpg,1241,759,wetsand,1
FRF_c1_snap_20170603160000_EBG.jpg,1313,746,wetsand,1
FRF_c1_snap_20170603160000_EBG.jpg,2295,1570,wetsand,1
FRF_c1_snap_20170603160000_EBG.jpg,2011,1315,wetsand,1
FRF_c1_snap_20170603160000_EBG.jpg,1535,924,wetsand,1
FRF_c1_snap_20170603160000_EBG.jpg,2406,1649,wetsand,1
FRF_c1_snap_20170603160000_EBG.jpg,1431,820,wetsand,1
FRF_c1_snap_20170603160000_EBG.jpg,2025,1273,wetsand,1
FRF_c1_snap_20170603160000_EBG.jpg,1580,888,wetsand,1
FRF_c1_snap_20170603160000_EBG.jpg,2195,1427,wetsand,1
FRF_c1_snap_20170603160000_EBG.jpg,2103,1258,wetsand,1
FRF_c1_snap_20170603160000_EBG.jpg,1989,1322,wetsand,1
FRF_c1_snap_20170603160000_EBG.jpg,1294,760,wetsand,1
FRF_c1_snap_20170603160000_EBG.jpg,2345,1787,wetsand,1
FRF_c1_snap_20170603160000_EBG.jpg,1667,1046,wetsand,1
FRF_c1_snap_20170603160000_EBG.jpg,1468,858,wetsand,1
FRF_c1_snap_20170603160000_EBG.jpg,1632,968,wetsand,1
FRF_c1_snap_20170603160000_EBG.jpg,1411,860,wetsand,1
FRF_c1_snap_20170603160000_EBG.jpg,1191,666,wetsand,1
FRF_c1_snap_20170603160000_EBG.jpg,2233,1478,wetsand,1
FRF_c1_snap_20170603160000_EBG.jpg,1713,1127,wetsand,1
FRF_c1_snap_20170603160000_EBG.jpg,2284,1466,wetsand,1
FRF_c1_snap_20170603160000_EBG.jpg,1317,745,wetsand,1
FRF_c1_snap_20170603160000_EBG.jpg,2399,1823,wetsand,1
FRF_c1_snap_20170603160000_EBG.jpg,1951,1172,wetsand,1
FRF_c1_snap_20170603160000_EBG.jpg,1671,1053,wetsand,1
FRF_c1_snap_20170603160000_EBG.jpg,1320,757,wetsand,1
FRF_c1_snap_20170603160000_EBG.jpg,2166,1337,wetsand,1
FRF_c1_snap_20170603160000_EBG.jpg,2378,1436,wetsand,1
FRF_c1_snap_20170603160000_EBG.jpg,1902,1187,wetsand,1
FRF_c1_snap_20170603160000_EBG.jpg,1573,967,wetsand,1
FRF_c1_snap_20170603160000_EBG.jpg,1723,1028,wetsand,1
FRF_c1_snap_20170603160000_EBG.jpg,2043,1245,wetsand,1
FRF_c1_snap_20170603160000_EBG.jpg,2381,1485,wetsand,1
FRF_c1_snap_20170603160000_EBG.jpg,2365,1416,wetsand,1
FRF_c1_snap_20170603160000_EBG.jpg,2186,1412,wetsand,1
FRF_c1_snap_20170603160000_EBG.jpg,1897,1286,wetsand,1
FRF_c1_snap_20170603160000_EBG.jpg,2090,1233,wetsand,1
FRF_c1_snap_20170603160000_EBG.jpg,1287,767,wetsand,1
FRF_c1_snap_20170603160000_EBG.jpg,1289,783,wetsand,1
FRF_c1_snap_20170603160000_EBG.jpg,2153,1312,wetsand,1
FRF_c1_snap_20170603160000_EBG.jpg,1938,1305,wetsand,1
FRF_c1_snap_20170603160000_EBG.jpg,1429,839,wetsand,1
FRF_c1_snap_20170603160000_EBG.jpg,1614,1003,wetsand,1
FRF_c1_snap_20170603160000_EBG.jpg,1344,1619,drysand,2
FRF_c1_snap_20170603160000_EBG.jpg,1369,1372,drysand,2
FRF_c1_snap_20170603160000_EBG.jpg,1521,1554,drysand,2
FRF_c1_snap_20170603160000_EBG.jpg,1214,1058,drysand,2
FRF_c1_snap_20170603160000_EBG.jpg,1216,1264,drysand,2
FRF_c1_snap_20170603160000_EBG.jpg,1253,900,drysand,2
FRF_c1_snap_20170603160000_EBG.jpg,1857,1451,drysand,2
FRF_c1_snap_20170603160000_EBG.jpg,1326,1210,drysand,2
FRF_c1_snap_20170603160000_EBG.jpg,1295,1143,drysand,2
FRF_c1_snap_20170603160000_EBG.jpg,2233,1697,drysand,2
FRF_c1_snap_20170603160000_EBG.jpg,1052,929,drysand,2
FRF_c1_snap_20170603160000_EBG.jpg,2351,1861,drysand,2
FRF_c1_snap_20170603160000_EBG.jpg,1202,1115,drysand,2
FRF_c1_snap_20170603160000_EBG.jpg,1206,1057,drysand,2
FRF_c1_snap_20170603160000_EBG.jpg,1547,1086,drysand,2
FRF_c1_snap_20170603160000_EBG.jpg,871,931,drysand,2
FRF_c1_snap_20170603160000_EBG.jpg,1761,1671,drysand,2
FRF_c1_snap_20170603160000_EBG.jpg,1766,1291,drysand,2
FRF_c1_snap_20170603160000_EBG.jpg,1161,987,drysand,2
FRF_c1_snap_20170603160000_EBG.jpg,1375,1634,drysand,2
FRF_c1_snap_20170603160000_EBG.jpg,1763,1801,drysand,2
FRF_c1_snap_20170603160000_EBG.jpg,1153,706,drysand,2
FRF_c1_snap_20170603160000_EBG.jpg,2084,1903,drysand,2
FRF_c1_snap_20170603160000_EBG.jpg,1771,1904,drysand,2
FRF_c1_snap_20170603160000_EBG.jpg,2024,1596,drysand,2
FRF_c1_snap_20170603160000_EBG.jpg,809,575,drysand,2
FRF_c1_snap_20170603160000_EBG.jpg,1688,1471,drysand,2
FRF_c1_snap_20170603160000_EBG.jpg,1721,1583,drysand,2
FRF_c1_snap_20170603160000_EBG.jpg,1949,1942,drysand,2
FRF_c1_snap_20170603160000_EBG.jpg,1332,1227,drysand,2
FRF_c1_snap_20170603160000_EBG.jpg,842,566,drysand,2
FRF_c1_snap_20170603160000_EBG.jpg,809,697,drysand,2
FRF_c1_snap_20170603160000_EBG.jpg,881,601,drysand,2
FRF_c1_snap_20170603160000_EBG.jpg,937,1012,drysand,2
FRF_c1_snap_20170603160000_EBG.jpg,1494,1283,drysand,2
FRF_c1_snap_20170603160000_EBG.jpg,1447,1016,drysand,2
FRF_c1_snap_20170603160000_EBG.jpg,1095,786,drysand,2
FRF_c1_snap_20170603160000_EBG.jpg,1414,1902,drysand,2
FRF_c1_snap_20170603160000_EBG.jpg,1808,1502,drysand,2
FRF_c1_snap_20170603160000_EBG.jpg,2059,1627,drysand,2
FRF_c1_snap_20170603160000_EBG.jpg,1314,1202,drysand,2
FRF_c1_snap_20170603160000_EBG.jpg,946,631,drysand,2
FRF_c1_snap_20170603160000_EBG.jpg,1665,1248,drysand,2
FRF_c1_snap_20170603160000_EBG.jpg,1708,1622,drysand,2
FRF_c1_snap_20170603160000_EBG.jpg,1347,1026,drysand,2
FRF_c1_snap_20170603160000_EBG.jpg,2059,1661,drysand,2
FRF_c1_snap_20170603160000_EBG.jpg,1489,1055,drysand,2
FRF_c1_snap_20170603160000_EBG.jpg,1351,1572,drysand,2
FRF_c1_snap_20170603160000_EBG.jpg,855,904,drysand,2
FRF_c1_snap_20170603160000_EBG.jpg,1764,1443,drysand,2
FRF_c1_snap_20170603160000_EBG.jpg,1590,1428,drysand,2
FRF_c1_snap_20170603160000_EBG.jpg,1239,1102,drysand,2
FRF_c1_snap_20170603160000_EBG.jpg,874,900,drysand,2
FRF_c1_snap_20170603160000_EBG.jpg,1783,1979,drysand,2
FRF_c1_snap_20170603160000_EBG.jpg,1752,1369,drysand,2
FRF_c1_snap_20170603160000_EBG.jpg,1445,1264,drysand,2
FRF_c1_snap_20170603160000_EBG.jpg,1746,1475,drysand,2
FRF_c1_snap_20170603160000_EBG.jpg,1803,1574,drysand,2
FRF_c1_snap_20170603160000_EBG.jpg,1640,1215,drysand,2
FRF_c1_snap_20170603160000_EBG.jpg,2374,1699,drysand,2
FRF_c1_snap_20170603160000_EBG.jpg,1348,1104,drysand,2
FRF_c1_snap_20170603160000_EBG.jpg,2280,1803,drysand,2
FRF_c1_snap_20170603160000_EBG.jpg,1567,1845,drysand,2
FRF_c1_snap_20170603160000_EBG.jpg,1334,1227,drysand,2
FRF_c1_snap_20170603160000_EBG.jpg,1821,1899,drysand,2
FRF_c1_snap_20170603160000_EBG.jpg,2185,1685,drysand,2
FRF_c1_snap_20170603160000_EBG.jpg,970,794,drysand,2
FRF_c1_snap_20170603160000_EBG.jpg,2032,1709,drysand,2
FRF_c1_snap_20170603160000_EBG.jpg,909,557,drysand,2
FRF_c1_snap_20170603160000_EBG.jpg,1474,1031,drysand,2
FRF_c1_snap_20170603160000_EBG.jpg,1624,1761,drysand,2
FRF_c1_snap_20170603160000_EBG.jpg,2069,1603,drysand,2
FRF_c1_snap_20170603160000_EBG.jpg,1476,1582,drysand,2
FRF_c1_snap_20170603160000_EBG.jpg,1737,1792,drysand,2
FRF_c1_snap_20170603160000_EBG.jpg,1453,1761,drysand,2
FRF_c1_snap_20170603160000_EBG.jpg,1355,1306,drysand,2
FRF_c1_snap_20170603160000_EBG.jpg,1094,721,drysand,2
FRF_c1_snap_20170603160000_EBG.jpg,2137,1650,drysand,2
FRF_c1_snap_20170603160000_EBG.jpg,1773,1896,drysand,2
FRF_c1_snap_20170603160000_EBG.jpg,1437,1225,drysand,2
FRF_c1_snap_20170603160000_EBG.jpg,1043,1459,vegetation,3
FRF_c1_snap_20170603160000_EBG.jpg,742,1175,vegetation,3
FRF_c1_snap_20170603160000_EBG.jpg,979,1114,vegetation,3
FRF_c1_snap_20170603160000_EBG.jpg,1168,1616,vegetation,3
FRF_c1_snap_20170603160000_EBG.jpg,1177,1909,vegetation,3
FRF_c1_snap_20170603160000_EBG.jpg,1228,1811,vegetation,3
FRF_c1_snap_20170603160000_EBG.jpg,696,1994,vegetation,3
FRF_c1_snap_20170603160000_EBG.jpg,840,1665,vegetation,3
FRF_c1_snap_20170603160000_EBG.jpg,655,1623,vegetation,3
FRF_c1_snap_20170603160000_EBG.jpg,831,1819,vegetation,3
FRF_c1_snap_20170603160000_EBG.jpg,729,1916,vegetation,3
FRF_c1_snap_20170603160000_EBG.jpg,1717,987,vegetation,3
FRF_c1_snap_20170603160000_EBG.jpg,1182,1703,vegetation,3
FRF_c1_snap_20170603160000_EBG.jpg,1197,1850,vegetation,3
FRF_c1_snap_20170603160000_EBG.jpg,750,1272,vegetation,3
FRF_c1_snap_20170603160000_EBG.jpg,621,1258,vegetation,3
FRF_c1_snap_20170603160000_EBG.jpg,830,1199,vegetation,3
FRF_c1_snap_20170603160000_EBG.jpg,950,1554,vegetation,3
FRF_c1_snap_20170603160000_EBG.jpg,631,1485,vegetation,3
FRF_c1_snap_20170603160000_EBG.jpg,1109,1327,vegetation,3
FRF_c1_snap_20170603160000_EBG.jpg,1078,1266,vegetation,3
FRF_c1_snap_20170603160000_EBG.jpg,740,1629,vegetation,3
FRF_c1_snap_20170603160000_EBG.jpg,803,1163,vegetation,3
FRF_c1_snap_20170603160000_EBG.jpg,678,1759,vegetation,3
FRF_c1_snap_20170603160000_EBG.jpg,657,1484,vegetation,3
FRF_c1_snap_20170603160000_EBG.jpg,2004,1162,vegetation,3
FRF_c1_snap_20170603160000_EBG.jpg,829,1856,vegetation,3
FRF_c1_snap_20170603160000_EBG.jpg,1069,1606,vegetation,3
FRF_c1_snap_20170603160000_EBG.jpg,830,1128,vegetation,3
FRF_c1_snap_20170603160000_EBG.jpg,965,1292,vegetation,3
FRF_c1_snap_20170603160000_EBG.jpg,911,1373,vegetation,3
FRF_c1_snap_20170603160000_EBG.jpg,682,1626,vegetation,3
FRF_c1_snap_20170603160000_EBG.jpg,693,1616,vegetation,3
FRF_c1_snap_20170603160000_EBG.jpg,681,1848,vegetation,3
FRF_c1_snap_20170603160000_EBG.jpg,815,1286,vegetation,3
FRF_c1_snap_20170603160000_EBG.jpg,1180,1969,vegetation,3
FRF_c1_snap_20170603160000_EBG.jpg,1278,1958,vegetation,3
FRF_c1_snap_20170603160000_EBG.jpg,892,1867,vegetation,3
FRF_c1_snap_20170603160000_EBG.jpg,824,1979,vegetation,3
FRF_c1_snap_20170603160000_EBG.jpg,775,1617,vegetation,3
FRF_c1_snap_20170603160000_EBG.jpg,301,948,vegetation,3
FRF_c1_snap_20170603160000_EBG.jpg,402,975,vegetation,3
FRF_c1_snap_20170603160000_EBG.jpg,279,1659,vegetation,3
FRF_c1_snap_20170603160000_EBG.jpg,157,1733,vegetation,3
FRF_c1_snap_20170603160000_EBG.jpg,73,916,vegetation,3
FRF_c1_snap_20170603160000_EBG.jpg,341,1050,vegetation,3
FRF_c1_snap_20170603160000_EBG.jpg,121,1791,vegetation,3
FRF_c1_snap_20170603160000_EBG.jpg,459,1316,vegetation,3
FRF_c1_snap_20170603160000_EBG.jpg,297,1705,vegetation,3
FRF_c1_snap_20170603160000_EBG.jpg,215,1318,vegetation,3
FRF_c1_snap_20170603160000_EBG.jpg,327,1972,vegetation,3
FRF_c1_snap_20170603160000_EBG.jpg,95,1319,vegetation,3
FRF_c1_snap_20170603160000_EBG.jpg,278,1900,vegetation,3
FRF_c1_snap_20170603160000_EBG.jpg,299,1248,vegetation,3
FRF_c1_snap_20170603160000_EBG.jpg,162,1905,vegetation,3
FRF_c1_snap_20170603160000_EBG.jpg,213,1815,vegetation,3
FRF_c1_snap_20170603160000_EBG.jpg,163,1259,vegetation,3
FRF_c1_snap_20170603160000_EBG.jpg,105,883,vegetation,3
FRF_c1_snap_20170603160000_EBG.jpg,311,1626,vegetation,3
FRF_c1_snap_20170603160000_EBG.jpg,394,1180,vegetation,3
FRF_c1_snap_20170603160000_EBG.jpg,174,1264,vegetation,3
FRF_c1_snap_20170603160000_EBG.jpg,522,1878,vegetation,3
FRF_c1_snap_20170603160000_EBG.jpg,535,987,vegetation,3
FRF_c1_snap_20170603160000_EBG.jpg,527,1321,vegetation,3
FRF_c1_snap_20170603160000_EBG.jpg,104,1798,vegetation,3
FRF_c1_snap_20170603160000_EBG.jpg,289,1694,vegetation,3
FRF_c1_snap_20170603160000_EBG.jpg,338,1241,vegetation,3
FRF_c1_snap_20170603160000_EBG.jpg,224,1434,vegetation,3
FRF_c1_snap_20170603160000_EBG.jpg,438,1863,vegetation,3
FRF_c1_snap_20170603160000_EBG.jpg,233,1023,vegetation,3
FRF_c1_snap_20170603160000_EBG.jpg,308,1321,vegetation,3
FRF_c1_snap_20170603160000_EBG.jpg,306,1342,vegetation,3
FRF_c1_snap_20170603160000_EBG.jpg,315,877,vegetation,3
FRF_c1_snap_20170603160000_EBG.jpg,286,1962,vegetation,3
FRF_c1_snap_20170603160000_EBG.jpg,94,1505,vegetation,3
FRF_c1_snap_20170603160000_EBG.jpg,411,874,vegetation,3
FRF_c1_snap_20170603160000_EBG.jpg,541,1475,vegetation,3
FRF_c1_snap_20170603160000_EBG.jpg,482,1360,vegetation,3
FRF_c1_snap_20170603160000_EBG.jpg,292,1785,vegetation,3
FRF_c1_snap_20170603160000_EBG.jpg,385,1770,vegetation,3
FRF_c1_snap_20170603160000_EBG.jpg,1174,1126,heavies,4
FRF_c1_snap_20170603160000_EBG.jpg,1370,1406,heavies,4
FRF_c1_snap_20170603160000_EBG.jpg,1761,1935,heavies,4
FRF_c1_snap_20170603160000_EBG.jpg,1759,1926,heavies,4
FRF_c1_snap_20170603160000_EBG.jpg,1807,1975,heavies,4
FRF_c1_snap_20170603160000_EBG.jpg,1267,1230,heavies,4
FRF_c1_snap_20170603160000_EBG.jpg,1695,1869,heavies,4
FRF_c1_snap_20170603160000_EBG.jpg,1782,1946,heavies,4
FRF_c1_snap_20170603160000_EBG.jpg,1364,1409,heavies,4
FRF_c1_snap_20170603160000_EBG.jpg,1746,1923,heavies,4
FRF_c1_snap_20170603160000_EBG.jpg,1265,1260,heavies,4
FRF_c1_snap_20170603160000_EBG.jpg,1794,1955,heavies,4
FRF_c1_snap_20170603160000_EBG.jpg,1365,1411,heavies,4
FRF_c1_snap_20170603160000_EBG.jpg,1276,1239,heavies,4
FRF_c1_snap_20170603160000_EBG.jpg,1259,1239,heavies,4
FRF_c1_snap_20170603160000_EBG.jpg,1175,1128,heavies,4
FRF_c1_snap_20170603160000_EBG.jpg,1717,1902,heavies,4
FRF_c1_snap_20170603160000_EBG.jpg,1795,1967,heavies,4
FRF_c1_snap_20170603160000_EBG.jpg,1174,1122,heavies,4
FRF_c1_snap_20170603160000_EBG.jpg,1786,1950,heavies,4
FRF_c1_snap_20170603160000_EBG.jpg,1783,1957,heavies,4
FRF_c1_snap_20170603160000_EBG.jpg,1374,1401,heavies,4
FRF_c1_snap_20170603160000_EBG.jpg,1811,1981,heavies,4
FRF_c1_snap_20170603160000_EBG.jpg,1773,1946,heavies,4
FRF_c1_snap_20170603160000_EBG.jpg,1768,1944,heavies,4
FRF_c1_snap_20170603160000_EBG.jpg,1272,1234,heavies,4
FRF_c1_snap_20170603160000_EBG.jpg,1372,1411,heavies,4
FRF_c1_snap_20170603160000_EBG.jpg,1759,1938,heavies,4
FRF_c1_snap_20170603160000_EBG.jpg,1780,1943,heavies,4
FRF_c1_snap_20170603160000_EBG.jpg,1746,1925,heavies,4
FRF_c1_snap_20170603160000_EBG.jpg,1705,1878,heavies,4
FRF_c1_snap_20170603160000_EBG.jpg,1759,1936,heavies,4
FRF_c1_snap_20170603160000_EBG.jpg,1261,1249,heavies,4
FRF_c1_snap_20170603160000_EBG.jpg,1743,1923,heavies,4
FRF_c1_snap_20170603160000_EBG.jpg,1797,1967,heavies,4
FRF_c1_snap_20170603160000_EBG.jpg,1750,1932,heavies,4
FRF_c1_snap_20170603160000_EBG.jpg,1264,1262,heavies,4
FRF_c1_snap_20170603160000_EBG.jpg,1738,1920,heavies,4
FRF_c1_snap_20170603160000_EBG.jpg,1788,1947,heavies,4
FRF_c1_snap_20170603160000_EBG.jpg,1175,1110,heavies,4
FRF_c1_snap_20170603160000_EBG.jpg,1178,1131,heavies,4
FRF_c1_snap_20170603160000_EBG.jpg,1268,1226,heavies,4
FRF_c1_snap_20170603160000_EBG.jpg,1749,1928,heavies,4
FRF_c1_snap_20170603160000_EBG.jpg,1179,1126,heavies,4
FRF_c1_snap_20170603160000_EBG.jpg,1363,1410,heavies,4
FRF_c1_snap_20170603160000_EBG.jpg,1787,1958,heavies,4
FRF_c1_snap_20170603160000_EBG.jpg,1783,1958,heavies,4
FRF_c1_snap_20170603160000_EBG.jpg,1794,1950,heavies,4
FRF_c1_snap_20170603160000_EBG.jpg,1171,1123,heavies,4
FRF_c1_snap_20170603160000_EBG.jpg,1174,1135,heavies,4
FRF_c1_snap_20170603160000_EBG.jpg,1726,1908,heavies,4
FRF_c1_snap_20170603160000_EBG.jpg,1265,1252,heavies,4
FRF_c1_snap_20170603160000_EBG.jpg,1731,1912,heavies,4
FRF_c1_snap_20170603160000_EBG.jpg,1723,1905,heavies,4
FRF_c1_snap_20170603160000_EBG.jpg,1764,1933,heavies,4
FRF_c1_snap_20170603160000_EBG.jpg,1750,1925,heavies,4
FRF_c1_snap_20170603160000_EBG.jpg,1766,1930,heavies,4
FRF_c1_snap_20170603160000_EBG.jpg,1764,1947,heavies,4
FRF_c1_snap_20170603160000_EBG.jpg,1371,1413,heavies,4
FRF_c1_snap_20170603160000_EBG.jpg,1174,1123,heavies,4
FRF_c1_snap_20170603160000_EBG.jpg,1271,1225,heavies,4
FRF_c1_snap_20170603160000_EBG.jpg,1265,1250,heavies,4
FRF_c1_snap_20170603160000_EBG.jpg,1701,1879,heavies,4
FRF_c1_snap_20170603160000_EBG.jpg,1705,1882,heavies,4
FRF_c1_snap_20170603160000_EBG.jpg,1818,1983,heavies,4
FRF_c1_snap_20170603160000_EBG.jpg,1260,1254,heavies,4
FRF_c1_snap_20170603160000_EBG.jpg,1373,1405,heavies,4
FRF_c1_snap_20170603160000_EBG.jpg,1778,1955,heavies,4
FRF_c1_snap_20170603160000_EBG.jpg,1756,1923,heavies,4
FRF_c1_snap_20170603160000_EBG.jpg,2410,1857,heavies,4
FRF_c1_snap_20170603160000_EBG.jpg,1181,1125,heavies,4
FRF_c1_snap_20170603160000_EBG.jpg,2408,1857,heavies,4
FRF_c1_snap_20170603160000_EBG.jpg,1258,1251,heavies,4
FRF_c1_snap_20170603160000_EBG.jpg,1769,1935,heavies,4
FRF_c1_snap_20170603160000_EBG.jpg,1766,1946,heavies,4
FRF_c1_snap_20170603160000_EBG.jpg,1728,1912,heavies,4
FRF_c1_snap_20170603160000_EBG.jpg,1793,1952,heavies,4
FRF_c1_snap_20170603160000_EBG.jpg,1733,1914,heavies,4
FRF_c1_snap_20170603160000_EBG.jpg,1774,1940,heavies,4
FRF_c1_snap_20170603160000_EBG.jpg,1791,1951,heavies,4
FRF_c1_snap_20170603160000_EBG.jpg,1864,1273,lag,5
FRF_c1_snap_20170603160000_EBG.jpg,1456,1161,lag,5
FRF_c1_snap_20170603160000_EBG.jpg,1896,1692,lag,5
FRF_c1_snap_20170603160000_EBG.jpg,1459,1151,lag,5
FRF_c1_snap_20170603160000_EBG.jpg,1217,1172,lag,5
FRF_c1_snap_20170603160000_EBG.jpg,1160,1146,lag,5
FRF_c1_snap_20170603160000_EBG.jpg,1091,1022,lag,5
FRF_c1_snap_20170603160000_EBG.jpg,1246,1232,lag,5
FRF_c1_snap_20170603160000_EBG.jpg,2356,1739,lag,5
FRF_c1_snap_20170603160000_EBG.jpg,1150,894,lag,5
FRF_c1_snap_20170603160000_EBG.jpg,2153,1555,lag,5
FRF_c1_snap_20170603160000_EBG.jpg,1875,1282,lag,5
FRF_c1_snap_20170603160000_EBG.jpg,1228,842,lag,5
FRF_c1_snap_20170603160000_EBG.jpg,1373,936,lag,5
FRF_c1_snap_20170603160000_EBG.jpg,1512,1714,lag,5
FRF_c1_snap_20170603160000_EBG.jpg,2067,1512,lag,5
FRF_c1_snap_20170603160000_EBG.jpg,1360,1058,lag,5
FRF_c1_snap_20170603160000_EBG.jpg,1088,1063,lag,5
FRF_c1_snap_20170603160000_EBG.jpg,1944,1400,lag,5
FRF_c1_snap_20170603160000_EBG.jpg,1472,1153,lag,5
FRF_c1_snap_20170603160000_EBG.jpg,1159,1139,lag,5
FRF_c1_snap_20170603160000_EBG.jpg,1197,953,lag,5
FRF_c1_snap_20170603160000_EBG.jpg,1798,1259,lag,5
FRF_c1_snap_20170603160000_EBG.jpg,1975,1415,lag,5
FRF_c1_snap_20170603160000_EBG.jpg,1472,1323,lag,5
FRF_c1_snap_20170603160000_EBG.jpg,983,921,lag,5
FRF_c1_snap_20170603160000_EBG.jpg,1412,980,lag,5
FRF_c1_snap_20170603160000_EBG.jpg,1275,934,lag,5
FRF_c1_snap_20170603160000_EBG.jpg,2117,1554,lag,5
FRF_c1_snap_20170603160000_EBG.jpg,1218,930,lag,5
FRF_c1_snap_20170603160000_EBG.jpg,1182,990,lag,5
FRF_c1_snap_20170603160000_EBG.jpg,1260,1265,lag,5
FRF_c1_snap_20170603160000_EBG.jpg,1590,1777,lag,5
FRF_c1_snap_20170603160000_EBG.jpg,1339,1369,lag,5
FRF_c1_snap_20170603160000_EBG.jpg,1207,870,lag,5
FRF_c1_snap_20170603160000_EBG.jpg,1211,1187,lag,5
FRF_c1_snap_20170603160000_EBG.jpg,2319,1746,lag,5
FRF_c1_snap_20170603160000_EBG.jpg,1046,989,lag,5
FRF_c1_snap_20170603160000_EBG.jpg,1628,1105,lag,5
FRF_c1_snap_20170603160000_EBG.jpg,2261,1658,lag,5
FRF_c1_snap_20170603160000_EBG.jpg,1113,910,lag,5
FRF_c1_snap_20170603160000_EBG.jpg,1348,919,lag,5
FRF_c1_snap_20170603160000_EBG.jpg,2253,1518,lag,5
FRF_c1_snap_20170603160000_EBG.jpg,2063,1384,lag,5
FRF_c1_snap_20170603160000_EBG.jpg,1636,1808,lag,5
FRF_c1_snap_20170603160000_EBG.jpg,1179,1232,lag,5
FRF_c1_snap_20170603160000_EBG.jpg,1363,1079,lag,5
FRF_c1_snap_20170603160000_EBG.jpg,1065,989,lag,5
FRF_c1_snap_20170603160000_EBG.jpg,1286,1233,lag,5
FRF_c1_snap_20170603160000_EBG.jpg,2251,1520,lag,5
FRF_c1_snap_20170603160000_EBG.jpg,1429,1527,lag,5
FRF_c1_snap_20170603160000_EBG.jpg,1275,1273,lag,5
FRF_c1_snap_20170603160000_EBG.jpg,1444,1523,lag,5
FRF_c1_snap_20170603160000_EBG.jpg,1172,1100,lag,5
FRF_c1_snap_20170603160000_EBG.jpg,1287,1280,lag,5
FRF_c1_snap_20170603160000_EBG.jpg,1070,1028,lag,5
FRF_c1_snap_20170603160000_EBG.jpg,1388,1445,lag,5
FRF_c1_snap_20170603160000_EBG.jpg,2250,1611,lag,5
FRF_c1_snap_20170603160000_EBG.jpg,1442,920,lag,5
FRF_c1_snap_20170603160000_EBG.jpg,1396,1064,lag,5
FRF_c1_snap_20170603160000_EBG.jpg,1178,1161,lag,5
FRF_c1_snap_20170603160000_EBG.jpg,1188,1192,lag,5
FRF_c1_snap_20170603160000_EBG.jpg,1592,1506,lag,5
FRF_c1_snap_20170603160000_EBG.jpg,2251,1653,lag,5
FRF_c1_snap_20170603160000_EBG.jpg,1283,1003,lag,5
FRF_c1_snap_20170603160000_EBG.jpg,1385,1457,lag,5
FRF_c1_snap_20170603160000_EBG.jpg,1173,968,lag,5
FRF_c1_snap_20170603160000_EBG.jpg,1553,1722,lag,5
FRF_c1_snap_20170603160000_EBG.jpg,1643,1850,lag,5
FRF_c1_snap_20170603160000_EBG.jpg,1157,909,lag,5
FRF_c1_snap_20170603160000_EBG.jpg,1179,869,lag,5
FRF_c1_snap_20170603160000_EBG.jpg,1458,1496,lag,5
FRF_c1_snap_20170603160000_EBG.jpg,2384,1829,lag,5
FRF_c1_snap_20170603160000_EBG.jpg,2010,1428,lag,5
FRF_c1_snap_20170603160000_EBG.jpg,1481,1336,lag,5
FRF_c1_snap_20170603160000_EBG.jpg,2219,1527,lag,5
FRF_c1_snap_20170603160000_EBG.jpg,1197,937,lag,5
FRF_c1_snap_20170603160000_EBG.jpg,1362,1072,lag,5
FRF_c1_snap_20170603160000_EBG.jpg,1188,971,lag,5
FRF_c1_snap_20170603160000_EBG.jpg,1304,1292,lag,5
FRF_c1_snap_20170911160000_EBG.jpg,1966,1721,background,0
FRF_c1_snap_20170911160000_EBG.jpg,2073,1237,background,0
FRF_c1_snap_20170911160000_EBG.jpg,2157,1852,background,0
FRF_c1_snap_20170911160000_EBG.jpg,2072,1327,background,0
FRF_c1_snap_20170911160000_EBG.jpg,2347,1893,background,0
FRF_c1_snap_20170911160000_EBG.jpg,2043,1339,background,0
FRF_c1_snap_20170911160000_EBG.jpg,2088,1584,background,0
FRF_c1_snap_20170911160000_EBG.jpg,2036,1379,background,0
FRF_c1_snap_20170911160000_EBG.jpg,1899,854,background,0
FRF_c1_snap_20170911160000_EBG.jpg,2237,1094,background,0
FRF_c1_snap_20170911160000_EBG.jpg,1892,1467,background,0
FRF_c1_snap_20170911160000_EBG.jpg,1981,1561,background,0
FRF_c1_snap_20170911160000_EBG.jpg,2350,1165,background,0
FRF_c1_snap_20170911160000_EBG.jpg,2183,851,background,0
FRF_c1_snap_20170911160000_EBG.jpg,1707,1022,background,0
FRF_c1_snap_20170911160000_EBG.jpg,1909,1075,background,0
FRF_c1_snap_20170911160000_EBG.jpg,1747,851,background,0
FRF_c1_snap_20170911160000_EBG.jpg,921,1017,background,0
FRF_c1_snap_20170911160000_EBG.jpg,1970,1611,background,0
FRF_c1_snap_20170911160000_EBG.jpg,1792,1378,background,0
FRF_c1_snap_20170911160000_EBG.jpg,683,998,background,0
FRF_c1_snap_20170911160000_EBG.jpg,2313,1547,background,0
FRF_c1_snap_20170911160000_EBG.jpg,2348,1803,background,0
FRF_c1_snap_20170911160000_EBG.jpg,1960,1293,background,0
FRF_c1_snap_20170911160000_EBG.jpg,2374,1841,background,0
FRF_c1_snap_20170911160000_EBG.jpg,2267,1933,background,0
FRF_c1_snap_20170911160000_EBG.jpg,1873,750,background,0
FRF_c1_snap_20170911160000_EBG.jpg,2234,1613,background,0
FRF_c1_snap_20170911160000_EBG.jpg,2256,1418,background,0
FRF_c1_snap_20170911160000_EBG.jpg,1995,1821,background,0
FRF_c1_snap_20170911160000_EBG.jpg,2089,883,background,0
FRF_c1_snap_20170911160000_EBG.jpg,2146,1311,background,0
FRF_c1_snap_20170911160000_EBG.jpg,2033,1533,background,0
FRF_c1_snap_20170911160000_EBG.jpg,1931,1558,background,0
FRF_c1_snap_20170911160000_EBG.jpg,2340,1869,background,0
FRF_c1_snap_20170911160000_EBG.jpg,2071,1347,background,0
FRF_c1_snap_20170911160000_EBG.jpg,2254,1582,background,0
FRF_c1_snap_20170911160000_EBG.jpg,2142,1712,background,0
FRF_c1_snap_20170911160000_EBG.jpg,2317,1940,background,0
FRF_c1_snap_20170911160000_EBG.jpg,2237,993,background,0
FRF_c1_snap_20170911160000_EBG.jpg,101,457,background,0
FRF_c1_snap_20170911160000_EBG.jpg,457,620,background,0
FRF_c1_snap_20170911160000_EBG.jpg,536,638,background,0
FRF_c1_snap_20170911160000_EBG.jpg,439,438,background,0
FRF_c1_snap_20170911160000_EBG.jpg,45,526,background,0
FRF_c1_snap_20170911160000_EBG.jpg,419,409,background,0
FRF_c1_snap_20170911160000_EBG.jpg,321,408,background,0
FRF_c1_snap_20170911160000_EBG.jpg,189,640,background,0
FRF_c1_snap_20170911160000_EBG.jpg,291,305,background,0
FRF_c1_snap_20170911160000_EBG.jpg,259,351,background,0
FRF_c1_snap_20170911160000_EBG.jpg,275,278,background,0
FRF_c1_snap_20170911160000_EBG.jpg,207,281,background,0
FRF_c1_snap_20170911160000_EBG.jpg,68,640,background,0
FRF_c1_snap_20170911160000_EBG.jpg,283,393,background,0
FRF_c1_snap_20170911160000_EBG.jpg,64,589,background,0
FRF_c1_snap_20170911160000_EBG.jpg,246,597,background,0
FRF_c1_snap_20170911160000_EBG.jpg,395,441,background,0
FRF_c1_snap_20170911160000_EBG.jpg,192,343,background,0
FRF_c1_snap_20170911160000_EBG.jpg,456,476,background,0
FRF_c1_snap_20170911160000_EBG.jpg,451,587,background,0
FRF_c1_snap_20170911160000_EBG.jpg,526,579,background,0
FRF_c1_snap_20170911160000_EBG.jpg,225,461,background,0
FRF_c1_snap_20170911160000_EBG.jpg,232,508,background,0
FRF_c1_snap_20170911160000_EBG.jpg,404,616,background,0
FRF_c1_snap_20170911160000_EBG.jpg,64,437,background,0
FRF_c1_snap_20170911160000_EBG.jpg,164,532,background,0
FRF_c1_snap_20170911160000_EBG.jpg,133,282,background,0
FRF_c1_snap_20170911160000_EBG.jpg,493,510,background,0
FRF_c1_snap_20170911160000_EBG.jpg,51,344,background,0
FRF_c1_snap_20170911160000_EBG.jpg,194,310,background,0
FRF_c1_snap_20170911160000_EBG.jpg,74,344,background,0
FRF_c1_snap_20170911160000_EBG.jpg,238,429,background,0
FRF_c1_snap_20170911160000_EBG.jpg,74,587,background,0
FRF_c1_snap_20170911160000_EBG.jpg,44,436,background,0
FRF_c1_snap_20170911160000_EBG.jpg,308,494,background,0
FRF_c1_snap_20170911160000_EBG.jpg,234,396,background,0
FRF_c1_snap_20170911160000_EBG.jpg,297,460,background,0
FRF_c1_snap_20170911160000_EBG.jpg,201,473,background,0
FRF_c1_snap_20170911160000_EBG.jpg,83,543,background,0
FRF_c1_snap_20170911160000_EBG.jpg,260,400,background,0
FRF_c1_snap_20170911160000_EBG.jpg,1863,1812,wetsand,1
FRF_c1_snap_20170911160000_EBG.jpg,1603,1412,wetsand,1
FRF_c1_snap_20170911160000_EBG.jpg,1148,725,wetsand,1
FRF_c1_snap_20170911160000_EBG.jpg,1006,588,wetsand,1
FRF_c1_snap_20170911160000_EBG.jpg,1720,1188,wetsand,1
FRF_c1_snap_20170911160000_EBG.jpg,1661,1464,wetsand,1
FRF_c1_snap_20170911160000_EBG.jpg,1344,913,wetsand,1
FRF_c1_snap_20170911160000_EBG.jpg,1165,893,wetsand,1
FRF_c1_snap_20170911160000_EBG.jpg,1419,1188,wetsand,1
FRF_c1_snap_20170911160000_EBG.jpg,1943,1922,wetsand,1
FRF_c1_snap_20170911160000_EBG.jpg,1321,1160,wetsand,1
FRF_c1_snap_20170911160000_EBG.jpg,1557,1350,wetsand,1
FRF_c1_snap_20170911160000_EBG.jpg,1657,1044,wetsand,1
FRF_c1_snap_20170911160000_EBG.jpg,1833,1265,wetsand,1
FRF_c1_snap_20170911160000_EBG.jpg,1182,690,wetsand,1
FRF_c1_snap_20170911160000_EBG.jpg,1064,769,wetsand,1
FRF_c1_snap_20170911160000_EBG.jpg,1307,1066,wetsand,1
FRF_c1_snap_20170911160000_EBG.jpg,1861,1429,wetsand,1
FRF_c1_snap_20170911160000_EBG.jpg,1280,1190,wetsand,1
FRF_c1_snap_20170911160000_EBG.jpg,1127,849,wetsand,1
FRF_c1_snap_20170911160000_EBG.jpg,1709,837,wetsand,1
FRF_c1_snap_20170911160000_EBG.jpg,1901,1819,wetsand,1
FRF_c1_snap_20170911160000_EBG.jpg,1523,867,wetsand,1
FRF_c1_snap_20170911160000_EBG.jpg,1626,911,wetsand,1
FRF_c1_snap_20170911160000_EBG.jpg,1588,1417,wetsand,1
FRF_c1_snap_20170911160000_EBG.jpg,1635,1592,wetsand,1
FRF_c1_snap_20170911160000_EBG.jpg,1487,1180,wetsand,1
FRF_c1_snap_20170911160000_EBG.jpg,1276,998,wetsand,1
FRF_c1_snap_20170911160000_EBG.jpg,1443,1251,wetsand,1
FRF_c1_snap_20170911160000_EBG.jpg,1643,1318,wetsand,1
FRF_c1_snap_20170911160000_EBG.jpg,1582,1026,wetsand,1
FRF_c1_snap_20170911160000_EBG.jpg,1559,809,wetsand,1
FRF_c1_snap_20170911160000_EBG.jpg,999,602,wetsand,1
FRF_c1_snap_20170911160000_EBG.jpg,1004,794,wetsand,1
FRF_c1_snap_20170911160000_EBG.jpg,1171,666,wetsand,1
FRF_c1_snap_20170911160000_EBG.jpg,1595,938,wetsand,1
FRF_c1_snap_20170911160000_EBG.jpg,1794,1724,wetsand,1
FRF_c1_snap_20170911160000_EBG.jpg,1802,1443,wetsand,1
FRF_c1_snap_20170911160000_EBG.jpg,1476,1091,wetsand,1
FRF_c1_snap_20170911160000_EBG.jpg,1698,1244,wetsand,1
FRF_c1_snap_20170911160000_EBG.jpg,1676,1048,wetsand,1
FRF_c1_snap_20170911160000_EBG.jpg,1386,830,wetsand,1
FRF_c1_snap_20170911160000_EBG.jpg,1780,1632,wetsand,1
FRF_c1_snap_20170911160000_EBG.jpg,1657,853,wetsand,1
FRF_c1_snap_20170911160000_EBG.jpg,1709,1505,wetsand,1
FRF_c1_snap_20170911160000_EBG.jpg,1525,796,wetsand,1
FRF_c1_snap_20170911160000_EBG.jpg,1793,1732,wetsand,1
FRF_c1_snap_20170911160000_EBG.jpg,1164,1028,wetsand,1
FRF_c1_snap_20170911160000_EBG.jpg,1219,1014,wetsand,1
FRF_c1_snap_20170911160000_EBG.jpg,1739,1367,wetsand,1
FRF_c1_snap_20170911160000_EBG.jpg,1677,831,wetsand,1
FRF_c1_snap_20170911160000_EBG.jpg,983,642,wetsand,1
FRF_c1_snap_20170911160000_EBG.jpg,1253,603,wetsand,1
FRF_c1_snap_20170911160000_EBG.jpg,1263,1127,wetsand,1
FRF_c1_snap_20170911160000_EBG.jpg,1777,1416,wetsand,1
FRF_c1_snap_20170911160000_EBG.jpg,1156,905,wetsand,1
FRF_c1_snap_20170911160000_EBG.jpg,1355,1038,wetsand,1
FRF_c1_snap_20170911160000_EBG.jpg,1368,928,wetsand,1
FRF_c1_snap_20170911160000_EBG.jpg,1496,880,wetsand,1
FRF_c1_snap_20170911160000_EBG.jpg,1671,1038,wetsand,1
FRF_c1_snap_20170911160000_EBG.jpg,2170,1973,wetsand,1
FRF_c1_snap_20170911160000_EBG.jpg,1617,973,wetsand,1
FRF_c1_snap_20170911160000_EBG.jpg,1703,1458,wetsand,1
FRF_c1_snap_20170911160000_EBG.jpg,1392,906,wetsand,1
FRF_c1_snap_20170911160000_EBG.jpg,1620,1468,wetsand,1
FRF_c1_snap_20170911160000_EBG.jpg,1670,1298,wetsand,1
FRF_c1_snap_20170911160000_EBG.jpg,1319,707,wetsand,1
FRF_c1_snap_20170911160000_EBG.jpg,1764,1627,wetsand,1
FRF_c1_snap_20170911160000_EBG.jpg,1617,851,wetsand,1
FRF_c1_snap_20170911160000_EBG.jpg,1821,1184,wetsand,1
FRF_c1_snap_20170911160000_EBG.jpg,1486,1225,wetsand,1
FRF_c1_snap_20170911160000_EBG.jpg,1797,1252,wetsand,1
FRF_c1_snap_20170911160000_EBG.jpg,1682,840,wetsand,1
FRF_c1_snap_20170911160000_EBG.jpg,1793,1471,wetsand,1
FRF_c1_snap_20170911160000_EBG.jpg,1049,541,wetsand,1
FRF_c1_snap_20170911160000_EBG.jpg,1057,867,wetsand,1
FRF_c1_snap_20170911160000_EBG.jpg,1415,1074,wetsand,1
FRF_c1_snap_20170911160000_EBG.jpg,1393,999,wetsand,1
FRF_c1_snap_20170911160000_EBG.jpg,1613,1099,wetsand,1
FRF_c1_snap_20170911160000_EBG.jpg,1550,1473,wetsand,1
FRF_c1_snap_20170911160000_EBG.jpg,727,745,drysand,2
FRF_c1_snap_20170911160000_EBG.jpg,1061,1025,drysand,2
FRF_c1_snap_20170911160000_EBG.jpg,1188,1530,drysand,2
FRF_c1_snap_20170911160000_EBG.jpg,1631,1927,drysand,2
FRF_c1_snap_20170911160000_EBG.jpg,1662,1827,drysand,2
FRF_c1_snap_20170911160000_EBG.jpg,1358,1485,drysand,2
FRF_c1_snap_20170911160000_EBG.jpg,1823,1937,drysand,2
FRF_c1_snap_20170911160000_EBG.jpg,1578,1833,drysand,2
FRF_c1_snap_20170911160000_EBG.jpg,1507,1754,drysand,2
FRF_c1_snap_20170911160000_EBG.jpg,1342,1655,drysand,2
FRF_c1_snap_20170911160000_EBG.jpg,847,643,drysand,2
FRF_c1_snap_20170911160000_EBG.jpg,873,627,drysand,2
FRF_c1_snap_20170911160000_EBG.jpg,845,671,drysand,2
FRF_c1_snap_20170911160000_EBG.jpg,903,762,drysand,2
FRF_c1_snap_20170911160000_EBG.jpg,1843,1951,drysand,2
FRF_c1_snap_20170911160000_EBG.jpg,983,946,drysand,2
FRF_c1_snap_20170911160000_EBG.jpg,988,656,drysand,2
FRF_c1_snap_20170911160000_EBG.jpg,825,877,drysand,2
FRF_c1_snap_20170911160000_EBG.jpg,1227,1090,drysand,2
FRF_c1_snap_20170911160000_EBG.jpg,1123,1171,drysand,2
FRF_c1_snap_20170911160000_EBG.jpg,1435,1680,drysand,2
FRF_c1_snap_20170911160000_EBG.jpg,1610,1814,drysand,2
FRF_c1_snap_20170911160000_EBG.jpg,1312,1521,drysand,2
FRF_c1_snap_20170911160000_EBG.jpg,1045,698,drysand,2
FRF_c1_snap_20170911160000_EBG.jpg,1133,1343,drysand,2
FRF_c1_snap_20170911160000_EBG.jpg,1430,1645,drysand,2
FRF_c1_snap_20170911160000_EBG.jpg,1489,1911,drysand,2
FRF_c1_snap_20170911160000_EBG.jpg,862,884,drysand,2
FRF_c1_snap_20170911160000_EBG.jpg,986,851,drysand,2
FRF_c1_snap_20170911160000_EBG.jpg,776,656,drysand,2
FRF_c1_snap_20170911160000_EBG.jpg,878,537,drysand,2
FRF_c1_snap_20170911160000_EBG.jpg,1372,1411,drysand,2
FRF_c1_snap_20170911160000_EBG.jpg,1021,1048,drysand,2
FRF_c1_snap_20170911160000_EBG.jpg,1339,1497,drysand,2
FRF_c1_snap_20170911160000_EBG.jpg,1594,1938,drysand,2
FRF_c1_snap_20170911160000_EBG.jpg,777,716,drysand,2
FRF_c1_snap_20170911160000_EBG.jpg,1377,1771,drysand,2
FRF_c1_snap_20170911160000_EBG.jpg,1398,1780,drysand,2
FRF_c1_snap_20170911160000_EBG.jpg,1100,1223,drysand,2
FRF_c1_snap_20170911160000_EBG.jpg,1471,1574,drysand,2
FRF_c1_snap_20170911160000_EBG.jpg,1304,1758,drysand,2
FRF_c1_snap_20170911160000_EBG.jpg,1158,1232,drysand,2
FRF_c1_snap_20170911160000_EBG.jpg,1321,1767,drysand,2
FRF_c1_snap_20170911160000_EBG.jpg,1684,1805,drysand,2
FRF_c1_snap_20170911160000_EBG.jpg,1466,1949,drysand,2
FRF_c1_snap_20170911160000_EBG.jpg,1276,1375,drysand,2
FRF_c1_snap_20170911160000_EBG.jpg,952,823,drysand,2
FRF_c1_snap_20170911160000_EBG.jpg,819,1826,drysand,2
FRF_c1_snap_20170911160000_EBG.jpg,1378,1840,drysand,2
FRF_c1_snap_20170911160000_EBG.jpg,1886,1895,drysand,2
FRF_c1_snap_20170911160000_EBG.jpg,874,552,drysand,2
FRF_c1_snap_20170911160000_EBG.jpg,1176,1433,drysand,2
FRF_c1_snap_20170911160000_EBG.jpg,1283,1660,drysand,2
FRF_c1_snap_20170911160000_EBG.jpg,812,655,drysand,2
FRF_c1_snap_20170911160000_EBG.jpg,855,591,drysand,2
FRF_c1_snap_20170911160000_EBG.jpg,928,751,drysand,2
FRF_c1_snap_20170911160000_EBG.jpg,893,826,drysand,2
FRF_c1_snap_20170911160000_EBG.jpg,1455,1504,drysand,2
FRF_c1_snap_20170911160000_EBG.jpg,1546,1611,drysand,2
FRF_c1_snap_20170911160000_EBG.jpg,1375,1644,drysand,2
FRF_c1_snap_20170911160000_EBG.jpg,1607,1929,drysand,2
FRF_c1_snap_20170911160000_EBG.jpg,903,765,drysand,2
FRF_c1_snap_20170911160000_EBG.jpg,1448,1759,drysand,2
FRF_c1_snap_20170911160000_EBG.jpg,1098,1001,drysand,2
FRF_c1_snap_20170911160000_EBG.jpg,1188,1284,drysand,2
FRF_c1_snap_20170911160000_EBG.jpg,1773,1749,drysand,2
FRF_c1_snap_20170911160000_EBG.jpg,1213,1435,drysand,2
FRF_c1_snap_20170911160000_EBG.jpg,1090,992,drysand,2
FRF_c1_snap_20170911160000_EBG.jpg,1357,1702,drysand,2
FRF_c1_snap_20170911160000_EBG.jpg,1387,1688,drysand,2
FRF_c1_snap_20170911160000_EBG.jpg,1551,1660,drysand,2
FRF_c1_snap_20170911160000_EBG.jpg,1574,1625,drysand,2
FRF_c1_snap_20170911160000_EBG.jpg,788,820,drysand,2
FRF_c1_snap_20170911160000_EBG.jpg,1086,624,drysand,2
FRF_c1_snap_20170911160000_EBG.jpg,1098,632,drysand,2
FRF_c1_snap_20170911160000_EBG.jpg,827,794,drysand,2
FRF_c1_snap_20170911160000_EBG.jpg,822,705,drysand,2
FRF_c1_snap_20170911160000_EBG.jpg,849,786,drysand,2
FRF_c1_snap_20170911160000_EBG.jpg,1766,1842,drysand,2
FRF_c1_snap_20170911160000_EBG.jpg,735,721,drysand,2
FRF_c1_snap_20170911160000_EBG.jpg,1114,1881,vegetation,3
FRF_c1_snap_20170911160000_EBG.jpg,1043,1569,vegetation,3
FRF_c1_snap_20170911160000_EBG.jpg,1254,1980,vegetation,3
FRF_c1_snap_20170911160000_EBG.jpg,602,1915,vegetation,3
FRF_c1_snap_20170911160000_EBG.jpg,656,1861,vegetation,3
FRF_c1_snap_20170911160000_EBG.jpg,756,1222,vegetation,3
FRF_c1_snap_20170911160000_EBG.jpg,703,1864,vegetation,3
FRF_c1_snap_20170911160000_EBG.jpg,684,1160,vegetation,3
FRF_c1_snap_20170911160000_EBG.jpg,1025,1884,vegetation,3
FRF_c1_snap_20170911160000_EBG.jpg,812,1113,vegetation,3
FRF_c1_snap_20170911160000_EBG.jpg,874,1418,vegetation,3
FRF_c1_snap_20170911160000_EBG.jpg,588,1963,vegetation,3
FRF_c1_snap_20170911160000_EBG.jpg,1037,1527,vegetation,3
FRF_c1_snap_20170911160000_EBG.jpg,1036,1350,vegetation,3
FRF_c1_snap_20170911160000_EBG.jpg,774,1607,vegetation,3
FRF_c1_snap_20170911160000_EBG.jpg,762,1745,vegetation,3
FRF_c1_snap_20170911160000_EBG.jpg,873,1700,vegetation,3
FRF_c1_snap_20170911160000_EBG.jpg,1044,1536,vegetation,3
FRF_c1_snap_20170911160000_EBG.jpg,1005,1561,vegetation,3
FRF_c1_snap_20170911160000_EBG.jpg,1148,1936,vegetation,3
FRF_c1_snap_20170911160000_EBG.jpg,821,1711,vegetation,3
FRF_c1_snap_20170911160000_EBG.jpg,769,1175,vegetation,3
FRF_c1_snap_20170911160000_EBG.jpg,741,1947,vegetation,3
FRF_c1_snap_20170911160000_EBG.jpg,904,1150,vegetation,3
FRF_c1_snap_20170911160000_EBG.jpg,1016,1528,vegetation,3
FRF_c1_snap_20170911160000_EBG.jpg,1104,1513,vegetation,3
FRF_c1_snap_20170911160000_EBG.jpg,867,1378,vegetation,3
FRF_c1_snap_20170911160000_EBG.jpg,770,1260,vegetation,3
FRF_c1_snap_20170911160000_EBG.jpg,1078,1433,vegetation,3
FRF_c1_snap_20170911160000_EBG.jpg,1252,1892,vegetation,3
FRF_c1_snap_20170911160000_EBG.jpg,1024,1655,vegetation,3
FRF_c1_snap_20170911160000_EBG.jpg,734,1314,vegetation,3
FRF_c1_snap_20170911160000_EBG.jpg,724,1003,vegetation,3
FRF_c1_snap_20170911160000_EBG.jpg,641,1245,vegetation,3
FRF_c1_snap_20170911160000_EBG.jpg,1047,1698,vegetation,3
FRF_c1_snap_20170911160000_EBG.jpg,886,1422,vegetation,3
FRF_c1_snap_20170911160000_EBG.jpg,740,1252,vegetation,3
FRF_c1_snap_20170911160000_EBG.jpg,1002,1355,vegetation,3
FRF_c1_snap_20170911160000_EBG.jpg,879,1791,vegetation,3
FRF_c1_snap_20170911160000_EBG.jpg,652,1274,vegetation,3
FRF_c1_snap_20170911160000_EBG.jpg,409,1798,vegetation,3
FRF_c1_snap_20170911160000_EBG.jpg,111,1083,vegetation,3
FRF_c1_snap_20170911160000_EBG.jpg,537,1529,vegetation,3
FRF_c1_snap_20170911160000_EBG.jpg,232,1895,vegetation,3
FRF_c1_snap_20170911160000_EBG.jpg,459,1152,vegetation,3
FRF_c1_snap_20170911160000_EBG.jpg,234,1575,vegetation,3
FRF_c1_snap_20170911160000_EBG.jpg,235,1566,vegetation,3
FRF_c1_snap_20170911160000_EBG.jpg,321,1670,vegetation,3
FRF_c1_snap_20170911160000_EBG.jpg,456,1194,vegetation,3
FRF_c1_snap_20170911160000_EBG.jpg,190,1735,vegetation,3
FRF_c1_snap_20170911160000_EBG.jpg,508,1162,vegetation,3
FRF_c1_snap_20170911160000_EBG.jpg,400,1647,vegetation,3
FRF_c1_snap_20170911160000_EBG.jpg,74,877,vegetation,3
FRF_c1_snap_20170911160000_EBG.jpg,364,1228,vegetation,3
FRF_c1_snap_20170911160000_EBG.jpg,506,1209,vegetation,3
FRF_c1_snap_20170911160000_EBG.jpg,56,1116,vegetation,3
FRF_c1_snap_20170911160000_EBG.jpg,439,1797,vegetation,3
FRF_c1_snap_20170911160000_EBG.jpg,339,1566,vegetation,3
FRF_c1_snap_20170911160000_EBG.jpg,428,1810,vegetation,3
FRF_c1_snap_20170911160000_EBG.jpg,238,1891,vegetation,3
FRF_c1_snap_20170911160000_EBG.jpg,489,1010,vegetation,3
FRF_c1_snap_20170911160000_EBG.jpg,458,1046,vegetation,3
FRF_c1_snap_20170911160000_EBG.jpg,361,1102,vegetation,3
FRF_c1_snap_20170911160000_EBG.jpg,535,1207,vegetation,3
FRF_c1_snap_20170911160000_EBG.jpg,482,1115,vegetation,3
FRF_c1_snap_20170911160000_EBG.jpg,226,958,vegetation,3
FRF_c1_snap_20170911160000_EBG.jpg,288,1591,vegetation,3
FRF_c1_snap_20170911160000_EBG.jpg,118,1464,vegetation,3
FRF_c1_snap_20170911160000_EBG.jpg,518,1027,vegetation,3
FRF_c1_snap_20170911160000_EBG.jpg,271,1516,vegetation,3
FRF_c1_snap_20170911160000_EBG.jpg,472,1454,vegetation,3
FRF_c1_snap_20170911160000_EBG.jpg,186,1885,vegetation,3
FRF_c1_snap_20170911160000_EBG.jpg,68,1126,vegetation,3
FRF_c1_snap_20170911160000_EBG.jpg,95,1382,vegetation,3
FRF_c1_snap_20170911160000_EBG.jpg,404,1143,vegetation,3
FRF_c1_snap_20170911160000_EBG.jpg,251,1810,vegetation,3
FRF_c1_snap_20170911160000_EBG.jpg,144,1029,vegetation,3
FRF_c1_snap_20170911160000_EBG.jpg,267,1004,vegetation,3
FRF_c1_snap_20170911160000_EBG.jpg,434,920,vegetation,3
FRF_c1_snap_20170911160000_EBG.jpg,186,1003,vegetation,3
FRF_c1_snap_20170911160000_EBG.jpg,1216,1142,heavies,4
FRF_c1_snap_20170911160000_EBG.jpg,1102,859,heavies,4
FRF_c1_snap_20170911160000_EBG.jpg,1533,1308,heavies,4
FRF_c1_snap_20170911160000_EBG.jpg,1591,1227,heavies,4
FRF_c1_snap_20170911160000_EBG.jpg,1476,1480,heavies,4
FRF_c1_snap_20170911160000_EBG.jpg,1231,1135,heavies,4
FRF_c1_snap_20170911160000_EBG.jpg,1191,1142,heavies,4
FRF_c1_snap_20170911160000_EBG.jpg,1501,1270,heavies,4
FRF_c1_snap_20170911160000_EBG.jpg,1555,1321,heavies,4
FRF_c1_snap_20170911160000_EBG.jpg,1468,1292,heavies,4
FRF_c1_snap_20170911160000_EBG.jpg,1239,1265,heavies,4
FRF_c1_snap_20170911160000_EBG.jpg,1605,1222,heavies,4
FRF_c1_snap_20170911160000_EBG.jpg,1489,1264,heavies,4
FRF_c1_snap_20170911160000_EBG.jpg,1577,1196,heavies,4
FRF_c1_snap_20170911160000_EBG.jpg,1576,1229,heavies,4
FRF_c1_snap_20170911160000_EBG.jpg,1609,1236,heavies,4
FRF_c1_snap_20170911160000_EBG.jpg,1505,1276,heavies,4
FRF_c1_snap_20170911160000_EBG.jpg,1518,1291,heavies,4
FRF_c1_snap_20170911160000_EBG.jpg,1544,1266,heavies,4
FRF_c1_snap_20170911160000_EBG.jpg,1493,1655,heavies,4
FRF_c1_snap_20170911160000_EBG.jpg,1552,1312,heavies,4
FRF_c1_snap_20170911160000_EBG.jpg,1316,1370,heavies,4
FRF_c1_snap_20170911160000_EBG.jpg,1559,1299,heavies,4
FRF_c1_snap_20170911160000_EBG.jpg,1552,1325,heavies,4
FRF_c1_snap_20170911160000_EBG.jpg,1415,1272,heavies,4
FRF_c1_snap_20170911160000_EBG.jpg,1559,1311,heavies,4
FRF_c1_snap_20170911160000_EBG.jpg,1331,1272,heavies,4
FRF_c1_snap_20170911160000_EBG.jpg,1180,1153,heavies,4
FRF_c1_snap_20170911160000_EBG.jpg,1295,1336,heavies,4
FRF_c1_snap_20170911160000_EBG.jpg,1567,1691,heavies,4
FRF_c1_snap_20170911160000_EBG.jpg,1424,1423,heavies,4
FRF_c1_snap_20170911160000_EBG.jpg,1466,1601,heavies,4
FRF_c1_snap_20170911160000_EBG.jpg,1212,1143,heavies,4
FRF_c1_snap_20170911160000_EBG.jpg,1526,1687,heavies,4
FRF_c1_snap_20170911160000_EBG.jpg,1561,1577,heavies,4
FRF_c1_snap_20170911160000_EBG.jpg,1464,1470,heavies,4
FRF_c1_snap_20170911160000_EBG.jpg,1580,1196,heavies,4
FRF_c1_snap_20170911160000_EBG.jpg,1644,1192,heavies,4
FRF_c1_snap_20170911160000_EBG.jpg,1633,1789,heavies,4
FRF_c1_snap_20170911160000_EBG.jpg,1106,861,heavies,4
FRF_c1_snap_20170911160000_EBG.jpg,1387,1268,heavies,4
FRF_c1_snap_20170911160000_EBG.jpg,1633,1787,heavies,4
FRF_c1_snap_20170911160000_EBG.jpg,1286,1337,heavies,4
FRF_c1_snap_20170911160000_EBG.jpg,1604,1771,heavies,4
FRF_c1_snap_20170911160000_EBG.jpg,1540,1315,heavies,4
FRF_c1_snap_20170911160000_EBG.jpg,1562,1207,heavies,4
FRF_c1_snap_20170911160000_EBG.jpg,1354,1438,heavies,4
FRF_c1_snap_20170911160000_EBG.jpg,1466,1276,heavies,4
FRF_c1_snap_20170911160000_EBG.jpg,1485,1653,heavies,4
FRF_c1_snap_20170911160000_EBG.jpg,1503,1512,heavies,4
FRF_c1_snap_20170911160000_EBG.jpg,1184,1211,heavies,4
FRF_c1_snap_20170911160000_EBG.jpg,1527,1269,heavies,4
FRF_c1_snap_20170911160000_EBG.jpg,1235,1293,heavies,4
FRF_c1_snap_20170911160000_EBG.jpg,1291,1348,heavies,4
FRF_c1_snap_20170911160000_EBG.jpg,1442,1445,heavies,4
FRF_c1_snap_20170911160000_EBG.jpg,1596,1189,heavies,4
FRF_c1_snap_20170911160000_EBG.jpg,1214,1127,heavies,4
FRF_c1_snap_20170911160000_EBG.jpg,1462,1288,heavies,4
FRF_c1_snap_20170911160000_EBG.jpg,1506,1288,heavies,4
FRF_c1_snap_20170911160000_EBG.jpg,1259,1317,heavies,4
FRF_c1_snap_20170911160000_EBG.jpg,1380,1270,heavies,4
FRF_c1_snap_20170911160000_EBG.jpg,1585,1226,heavies,4
FRF_c1_snap_20170911160000_EBG.jpg,1204,1151,heavies,4
FRF_c1_snap_20170911160000_EBG.jpg,1177,1137,heavies,4
FRF_c1_snap_20170911160000_EBG.jpg,1529,1294,heavies,4
FRF_c1_snap_20170911160000_EBG.jpg,1554,1299,heavies,4
FRF_c1_snap_20170911160000_EBG.jpg,1592,1233,heavies,4
FRF_c1_snap_20170911160000_EBG.jpg,1500,1266,heavies,4
FRF_c1_snap_20170911160000_EBG.jpg,1495,1298,heavies,4
FRF_c1_snap_20170911160000_EBG.jpg,1513,1311,heavies,4
FRF_c1_snap_20170911160000_EBG.jpg,1548,1210,heavies,4
FRF_c1_snap_20170911160000_EBG.jpg,1494,1658,heavies,4
FRF_c1_snap_20170911160000_EBG.jpg,1466,1629,heavies,4
FRF_c1_snap_20170911160000_EBG.jpg,1358,1425,heavies,4
FRF_c1_snap_20170911160000_EBG.jpg,1590,1759,heavies,4
FRF_c1_snap_20170911160000_EBG.jpg,1304,1268,heavies,4
FRF_c1_snap_20170911160000_EBG.jpg,1220,1112,heavies,4
FRF_c1_snap_20170911160000_EBG.jpg,1291,1246,heavies,4
FRF_c1_snap_20170911160000_EBG.jpg,1282,1326,heavies,4
FRF_c1_snap_20170911160000_EBG.jpg,1540,1281,heavies,4
FRF_c1_snap_20170911160000_EBG.jpg,1309,1339,lag,5
FRF_c1_snap_20170911160000_EBG.jpg,1309,1340,lag,5
FRF_c1_snap_20170911160000_EBG.jpg,1308,1340,lag,5
FRF_c1_snap_20170911160000_EBG.jpg,1308,1339,lag,5
FRF_c1_snap_20170911160000_EBG.jpg,1308,1340,lag,5
FRF_c1_snap_20170911160000_EBG.jpg,1308,1340,lag,5
FRF_c1_snap_20170911160000_EBG.jpg,1308,1341,lag,5
FRF_c1_snap_20170911160000_EBG.jpg,1308,1340,lag,5
FRF_c1_snap_20170911160000_EBG.jpg,1308,1339,lag,5
FRF_c1_snap_20170911160000_EBG.jpg,1308,1341,lag,5
FRF_c1_snap_20170911160000_EBG.jpg,1308,1340,lag,5
FRF_c1_snap_20170911160000_EBG.jpg,1309,1339,lag,5
FRF_c1_snap_20170911160000_EBG.jpg,1310,1340,lag,5
FRF_c1_snap_20170911160000_EBG.jpg,1307,1340,lag,5
FRF_c1_snap_20170911160000_EBG.jpg,1309,1339,lag,5
FRF_c1_snap_20170911160000_EBG.jpg,1310,1340,lag,5
FRF_c1_snap_20170911160000_EBG.jpg,1310,1340,lag,5
FRF_c1_snap_20170911160000_EBG.jpg,1308,1340,lag,5
FRF_c1_snap_20170911160000_EBG.jpg,1309,1339,lag,5
FRF_c1_snap_20170911160000_EBG.jpg,1310,1340,lag,5
FRF_c1_snap_20170911160000_EBG.jpg,1308,1339,lag,5
FRF_c1_snap_20170911160000_EBG.jpg,1309,1340,lag,5
FRF_c1_snap_20170911160000_EBG.jpg,1308,1340,lag,5
FRF_c1_snap_20170911160000_EBG.jpg,1310,1340,lag,5
FRF_c1_snap_20170911160000_EBG.jpg,1307,1340,lag,5
FRF_c1_snap_20170911160000_EBG.jpg,1310,1340,lag,5
FRF_c1_snap_20170911160000_EBG.jpg,1309,1338,lag,5
FRF_c1_snap_20170911160000_EBG.jpg,1310,1340,lag,5
FRF_c1_snap_20170911160000_EBG.jpg,1309,1338,lag,5
FRF_c1_snap_20170911160000_EBG.jpg,1309,1340,lag,5
FRF_c1_snap_20170911160000_EBG.jpg,1308,1339,lag,5
FRF_c1_snap_20170911160000_EBG.jpg,1308,1341,lag,5
FRF_c1_snap_20170911160000_EBG.jpg,1310,1340,lag,5
FRF_c1_snap_20170911160000_EBG.jpg,1309,1338,lag,5
FRF_c1_snap_20170911160000_EBG.jpg,1308,1341,lag,5
FRF_c1_snap_20170911160000_EBG.jpg,1309,1339,lag,5
FRF_c1_snap_20170911160000_EBG.jpg,1308,1340,lag,5
FRF_c1_snap_20170911160000_EBG.jpg,1309,1338,lag,5
FRF_c1_snap_20170911160000_EBG.jpg,1309,1338,lag,5
FRF_c1_snap_20170911160000_EBG.jpg,1308,1339,lag,5
FRF_c1_snap_20170911160000_EBG.jpg,1308,1340,lag,5
FRF_c1_snap_20170911160000_EBG.jpg,1308,1340,lag,5
FRF_c1_snap_20170911160000_EBG.jpg,1310,1340,lag,5
FRF_c1_snap_20170911160000_EBG.jpg,1308,1339,lag,5
FRF_c1_snap_20170911160000_EBG.jpg,1309,1340,lag,5
FRF_c1_snap_20170911160000_EBG.jpg,1309,1338,lag,5
FRF_c1_snap_20170911160000_EBG.jpg,1309,1339,lag,5
FRF_c1_snap_20170911160000_EBG.jpg,1308,1339,lag,5
FRF_c1_snap_20170911160000_EBG.jpg,1309,1338,lag,5
FRF_c1_snap_20170911160000_EBG.jpg,1308,1340,lag,5
FRF_c1_snap_20170911160000_EBG.jpg,1308,1341,lag,5
FRF_c1_snap_20170911160000_EBG.jpg,1309,1340,lag,5
FRF_c1_snap_20170911160000_EBG.jpg,1310,1340,lag,5
FRF_c1_snap_20170911160000_EBG.jpg,1308,1340,lag,5
FRF_c1_snap_20170911160000_EBG.jpg,1309,1338,lag,5
FRF_c1_snap_20170911160000_EBG.jpg,1309,1339,lag,5
FRF_c1_snap_20170911160000_EBG.jpg,1310,1340,lag,5
FRF_c1_snap_20170911160000_EBG.jpg,1309,1338,lag,5
FRF_c1_snap_20170911160000_EBG.jpg,1309,1338,lag,5
FRF_c1_snap_20170911160000_EBG.jpg,1310,1340,lag,5
FRF_c1_snap_20170911160000_EBG.jpg,1309,1338,lag,5
FRF_c1_snap_20170911160000_EBG.jpg,1308,1341,lag,5
FRF_c1_snap_20170911160000_EBG.jpg,1310,1340,lag,5
FRF_c1_snap_20170911160000_EBG.jpg,1309,1340,lag,5
FRF_c1_snap_20170911160000_EBG.jpg,1308,1340,lag,5
FRF_c1_snap_20170911160000_EBG.jpg,1309,1338,lag,5
FRF_c1_snap_20170911160000_EBG.jpg,1307,1340,lag,5
FRF_c1_snap_20170911160000_EBG.jpg,1310,1340,lag,5
FRF_c1_snap_20170911160000_EBG.jpg,1308,1341,lag,5
FRF_c1_snap_20170911160000_EBG.jpg,1307,1340,lag,5
FRF_c1_snap_20170911160000_EBG.jpg,1310,1340,lag,5
FRF_c1_snap_20170911160000_EBG.jpg,1310,1340,lag,5
FRF_c1_snap_20170911160000_EBG.jpg,1309,1338,lag,5
FRF_c1_snap_20170911160000_EBG.jpg,1308,1340,lag,5
FRF_c1_snap_20170911160000_EBG.jpg,1308,1340,lag,5
FRF_c1_snap_20170911160000_EBG.jpg,1308,1340,lag,5
FRF_c1_snap_20170911160000_EBG.jpg,1310,1340,lag,5
FRF_c1_snap_20170911160000_EBG.jpg,1308,1341,lag,5
FRF_c1_snap_20170911160000_EBG.jpg,1308,1340,lag,5
FRF_c1_snap_20170911160000_EBG.jpg,1309,1339,lag,5
FRF_c1_snap_20190617160000_EBG.jpg,2263,1047,background,0
FRF_c1_snap_20190617160000_EBG.jpg,2202,1016,background,0
FRF_c1_snap_20190617160000_EBG.jpg,1114,621,background,0
FRF_c1_snap_20190617160000_EBG.jpg,2347,1146,background,0
FRF_c1_snap_20190617160000_EBG.jpg,2361,934,background,0
FRF_c1_snap_20190617160000_EBG.jpg,1988,771,background,0
FRF_c1_snap_20190617160000_EBG.jpg,1426,601,background,0
FRF_c1_snap_20190617160000_EBG.jpg,2329,943,background,0
FRF_c1_snap_20190617160000_EBG.jpg,2337,930,background,0
FRF_c1_snap_20190617160000_EBG.jpg,1806,737,background,0
FRF_c1_snap_20190617160000_EBG.jpg,1915,825,background,0
FRF_c1_snap_20190617160000_EBG.jpg,2200,949,background,0
FRF_c1_snap_20190617160000_EBG.jpg,2400,1116,background,0
FRF_c1_snap_20190617160000_EBG.jpg,2394,1051,background,0
FRF_c1_snap_20190617160000_EBG.jpg,2042,878,background,0
FRF_c1_snap_20190617160000_EBG.jpg,2348,1145,background,0
FRF_c1_snap_20190617160000_EBG.jpg,1669,675,background,0
FRF_c1_snap_20190617160000_EBG.jpg,2377,983,background,0
FRF_c1_snap_20190617160000_EBG.jpg,2150,1002,background,0
FRF_c1_snap_20190617160000_EBG.jpg,2364,970,background,0
FRF_c1_snap_20190617160000_EBG.jpg,1039,578,background,0
FRF_c1_snap_20190617160000_EBG.jpg,1500,602,background,0
FRF_c1_snap_20190617160000_EBG.jpg,2370,1125,background,0
FRF_c1_snap_20190617160000_EBG.jpg,2167,912,background,0
FRF_c1_snap_20190617160000_EBG.jpg,1090,637,background,0
FRF_c1_snap_20190617160000_EBG.jpg,1097,694,background,0
FRF_c1_snap_20190617160000_EBG.jpg,1127,605,background,0
FRF_c1_snap_20190617160000_EBG.jpg,2138,989,background,0
FRF_c1_snap_20190617160000_EBG.jpg,2351,1106,background,0
FRF_c1_snap_20190617160000_EBG.jpg,1328,581,background,0
FRF_c1_snap_20190617160000_EBG.jpg,1765,764,background,0
FRF_c1_snap_20190617160000_EBG.jpg,1815,762,background,0
FRF_c1_snap_20190617160000_EBG.jpg,2266,1050,background,0
FRF_c1_snap_20190617160000_EBG.jpg,2224,1063,background,0
FRF_c1_snap_20190617160000_EBG.jpg,1986,776,background,0
FRF_c1_snap_20190617160000_EBG.jpg,1872,819,background,0
FRF_c1_snap_20190617160000_EBG.jpg,1508,625,background,0
FRF_c1_snap_20190617160000_EBG.jpg,1802,755,background,0
FRF_c1_snap_20190617160000_EBG.jpg,2356,1144,background,0
FRF_c1_snap_20190617160000_EBG.jpg,2406,986,background,0
FRF_c1_snap_20190617160000_EBG.jpg,389,383,background,0
FRF_c1_snap_20190617160000_EBG.jpg,323,406,background,0
FRF_c1_snap_20190617160000_EBG.jpg,216,363,background,0
FRF_c1_snap_20190617160000_EBG.jpg,327,549,background,0
FRF_c1_snap_20190617160000_EBG.jpg,309,303,background,0
FRF_c1_snap_20190617160000_EBG.jpg,131,642,background,0
FRF_c1_snap_20190617160000_EBG.jpg,110,307,background,0
FRF_c1_snap_20190617160000_EBG.jpg,110,420,background,0
FRF_c1_snap_20190617160000_EBG.jpg,261,601,background,0
FRF_c1_snap_20190617160000_EBG.jpg,330,454,background,0
FRF_c1_snap_20190617160000_EBG.jpg,150,572,background,0
FRF_c1_snap_20190617160000_EBG.jpg,482,615,background,0
FRF_c1_snap_20190617160000_EBG.jpg,213,636,background,0
FRF_c1_snap_20190617160000_EBG.jpg,252,536,background,0
FRF_c1_snap_20190617160000_EBG.jpg,347,550,background,0
FRF_c1_snap_20190617160000_EBG.jpg,360,602,background,0
FRF_c1_snap_20190617160000_EBG.jpg,251,265,background,0
FRF_c1_snap_20190617160000_EBG.jpg,419,597,background,0
FRF_c1_snap_20190617160000_EBG.jpg,143,377,background,0
FRF_c1_snap_20190617160000_EBG.jpg,265,574,background,0
FRF_c1_snap_20190617160000_EBG.jpg,290,433,background,0
FRF_c1_snap_20190617160000_EBG.jpg,85,387,background,0
FRF_c1_snap_20190617160000_EBG.jpg,221,475,background,0
FRF_c1_snap_20190617160000_EBG.jpg,113,345,background,0
FRF_c1_snap_20190617160000_EBG.jpg,236,423,background,0
FRF_c1_snap_20190617160000_EBG.jpg,423,526,background,0
FRF_c1_snap_20190617160000_EBG.jpg,326,595,background,0
FRF_c1_snap_20190617160000_EBG.jpg,126,573,background,0
FRF_c1_snap_20190617160000_EBG.jpg,77,288,background,0
FRF_c1_snap_20190617160000_EBG.jpg,409,427,background,0
FRF_c1_snap_20190617160000_EBG.jpg,362,571,background,0
FRF_c1_snap_20190617160000_EBG.jpg,296,427,background,0
FRF_c1_snap_20190617160000_EBG.jpg,426,576,background,0
FRF_c1_snap_20190617160000_EBG.jpg,212,461,background,0
FRF_c1_snap_20190617160000_EBG.jpg,218,524,background,0
FRF_c1_snap_20190617160000_EBG.jpg,328,483,background,0
FRF_c1_snap_20190617160000_EBG.jpg,389,627,background,0
FRF_c1_snap_20190617160000_EBG.jpg,499,590,background,0
FRF_c1_snap_20190617160000_EBG.jpg,301,337,background,0
FRF_c1_snap_20190617160000_EBG.jpg,422,430,background,0
FRF_c1_snap_20190617160000_EBG.jpg,2315,1153,wetsand,1
FRF_c1_snap_20190617160000_EBG.jpg,1632,703,wetsand,1
FRF_c1_snap_20190617160000_EBG.jpg,2004,1063,wetsand,1
FRF_c1_snap_20190617160000_EBG.jpg,2089,1074,wetsand,1
FRF_c1_snap_20190617160000_EBG.jpg,1969,923,wetsand,1
FRF_c1_snap_20190617160000_EBG.jpg,1740,871,wetsand,1
FRF_c1_snap_20190617160000_EBG.jpg,2168,1086,wetsand,1
FRF_c1_snap_20190617160000_EBG.jpg,1868,920,wetsand,1
FRF_c1_snap_20190617160000_EBG.jpg,2099,1106,wetsand,1
FRF_c1_snap_20190617160000_EBG.jpg,1882,880,wetsand,1
FRF_c1_snap_20190617160000_EBG.jpg,1951,963,wetsand,1
FRF_c1_snap_20190617160000_EBG.jpg,1979,974,wetsand,1
FRF_c1_snap_20190617160000_EBG.jpg,1482,667,wetsand,1
FRF_c1_snap_20190617160000_EBG.jpg,1809,918,wetsand,1
FRF_c1_snap_20190617160000_EBG.jpg,2101,1126,wetsand,1
FRF_c1_snap_20190617160000_EBG.jpg,1731,816,wetsand,1
FRF_c1_snap_20190617160000_EBG.jpg,2113,1127,wetsand,1
FRF_c1_snap_20190617160000_EBG.jpg,2342,1146,wetsand,1
FRF_c1_snap_20190617160000_EBG.jpg,1714,777,wetsand,1
FRF_c1_snap_20190617160000_EBG.jpg,2249,1139,wetsand,1
FRF_c1_snap_20190617160000_EBG.jpg,1950,1020,wetsand,1
FRF_c1_snap_20190617160000_EBG.jpg,1870,977,wetsand,1
FRF_c1_snap_20190617160000_EBG.jpg,2020,976,wetsand,1
FRF_c1_snap_20190617160000_EBG.jpg,2180,1087,wetsand,1
FRF_c1_snap_20190617160000_EBG.jpg,1614,733,wetsand,1
FRF_c1_snap_20190617160000_EBG.jpg,1885,873,wetsand,1
FRF_c1_snap_20190617160000_EBG.jpg,1532,683,wetsand,1
FRF_c1_snap_20190617160000_EBG.jpg,2199,1117,wetsand,1
FRF_c1_snap_20190617160000_EBG.jpg,1927,889,wetsand,1
FRF_c1_snap_20190617160000_EBG.jpg,2111,1083,wetsand,1
FRF_c1_snap_20190617160000_EBG.jpg,1874,859,wetsand,1
FRF_c1_snap_20190617160000_EBG.jpg,1867,972,wetsand,1
FRF_c1_snap_20190617160000_EBG.jpg,2058,1019,wetsand,1
FRF_c1_snap_20190617160000_EBG.jpg,1845,873,wetsand,1
FRF_c1_snap_20190617160000_EBG.jpg,2035,1049,wetsand,1
FRF_c1_snap_20190617160000_EBG.jpg,2119,1049,wetsand,1
FRF_c1_snap_20190617160000_EBG.jpg,1722,852,wetsand,1
FRF_c1_snap_20190617160000_EBG.jpg,2024,1066,wetsand,1
FRF_c1_snap_20190617160000_EBG.jpg,1706,745,wetsand,1
FRF_c1_snap_20190617160000_EBG.jpg,1749,877,wetsand,1
FRF_c1_snap_20190617160000_EBG.jpg,2003,1081,wetsand,1
FRF_c1_snap_20190617160000_EBG.jpg,1966,1041,wetsand,1
FRF_c1_snap_20190617160000_EBG.jpg,2302,1166,wetsand,1
FRF_c1_snap_20190617160000_EBG.jpg,1831,966,wetsand,1
FRF_c1_snap_20190617160000_EBG.jpg,1990,971,wetsand,1
FRF_c1_snap_20190617160000_EBG.jpg,2032,1064,wetsand,1
FRF_c1_snap_20190617160000_EBG.jpg,1848,890,wetsand,1
FRF_c1_snap_20190617160000_EBG.jpg,1923,977,wetsand,1
FRF_c1_snap_20190617160000_EBG.jpg,1970,1060,wetsand,1
FRF_c1_snap_20190617160000_EBG.jpg,1941,1019,wetsand,1
FRF_c1_snap_20190617160000_EBG.jpg,1725,873,wetsand,1
FRF_c1_snap_20190617160000_EBG.jpg,1957,980,wetsand,1
FRF_c1_snap_20190617160000_EBG.jpg,2260,1174,wetsand,1
FRF_c1_snap_20190617160000_EBG.jpg,2064,999,wetsand,1
FRF_c1_snap_20190617160000_EBG.jpg,2077,1030,wetsand,1
FRF_c1_snap_20190617160000_EBG.jpg,2115,1055,wetsand,1
FRF_c1_snap_20190617160000_EBG.jpg,2057,1069,wetsand,1
FRF_c1_snap_20190617160000_EBG.jpg,1920,1003,wetsand,1
FRF_c1_snap_20190617160000_EBG.jpg,2070,1103,wetsand,1
FRF_c1_snap_20190617160000_EBG.jpg,2214,1130,wetsand,1
FRF_c1_snap_20190617160000_EBG.jpg,1889,970,wetsand,1
FRF_c1_snap_20190617160000_EBG.jpg,2340,1168,wetsand,1
FRF_c1_snap_20190617160000_EBG.jpg,2276,1171,wetsand,1
FRF_c1_snap_20190617160000_EBG.jpg,2334,1178,wetsand,1
FRF_c1_snap_20190617160000_EBG.jpg,1540,682,wetsand,1
FRF_c1_snap_20190617160000_EBG.jpg,2187,1113,wetsand,1
FRF_c1_snap_20190617160000_EBG.jpg,1824,853,wetsand,1
FRF_c1_snap_20190617160000_EBG.jpg,1391,619,wetsand,1
FRF_c1_snap_20190617160000_EBG.jpg,1904,954,wetsand,1
FRF_c1_snap_20190617160000_EBG.jpg,1912,957,wetsand,1
FRF_c1_snap_20190617160000_EBG.jpg,1697,749,wetsand,1
FRF_c1_snap_20190617160000_EBG.jpg,2142,1113,wetsand,1
FRF_c1_snap_20190617160000_EBG.jpg,1915,908,wetsand,1
FRF_c1_snap_20190617160000_EBG.jpg,1466,634,wetsand,1
FRF_c1_snap_20190617160000_EBG.jpg,1967,979,wetsand,1
FRF_c1_snap_20190617160000_EBG.jpg,1781,816,wetsand,1
FRF_c1_snap_20190617160000_EBG.jpg,1813,905,wetsand,1
FRF_c1_snap_20190617160000_EBG.jpg,1989,1025,wetsand,1
FRF_c1_snap_20190617160000_EBG.jpg,1935,943,wetsand,1
FRF_c1_snap_20190617160000_EBG.jpg,2027,1092,wetsand,1
FRF_c1_snap_20190617160000_EBG.jpg,1378,751,drysand,2
FRF_c1_snap_20190617160000_EBG.jpg,1412,1187,drysand,2
FRF_c1_snap_20190617160000_EBG.jpg,1644,1338,drysand,2
FRF_c1_snap_20190617160000_EBG.jpg,1698,1573,drysand,2
FRF_c1_snap_20190617160000_EBG.jpg,1751,1072,drysand,2
FRF_c1_snap_20190617160000_EBG.jpg,946,631,drysand,2
FRF_c1_snap_20190617160000_EBG.jpg,1903,1059,drysand,2
FRF_c1_snap_20190617160000_EBG.jpg,1156,1111,drysand,2
FRF_c1_snap_20190617160000_EBG.jpg,1528,931,drysand,2
FRF_c1_snap_20190617160000_EBG.jpg,2398,1667,drysand,2
FRF_c1_snap_20190617160000_EBG.jpg,959,824,drysand,2
FRF_c1_snap_20190617160000_EBG.jpg,1294,631,drysand,2
FRF_c1_snap_20190617160000_EBG.jpg,1295,1806,drysand,2
FRF_c1_snap_20190617160000_EBG.jpg,2044,1228,drysand,2
FRF_c1_snap_20190617160000_EBG.jpg,1779,1340,drysand,2
FRF_c1_snap_20190617160000_EBG.jpg,1331,1310,drysand,2
FRF_c1_snap_20190617160000_EBG.jpg,1764,1432,drysand,2
FRF_c1_snap_20190617160000_EBG.jpg,1589,1436,drysand,2
FRF_c1_snap_20190617160000_EBG.jpg,1603,1918,drysand,2
FRF_c1_snap_20190617160000_EBG.jpg,1922,1284,drysand,2
FRF_c1_snap_20190617160000_EBG.jpg,1007,611,drysand,2
FRF_c1_snap_20190617160000_EBG.jpg,1552,898,drysand,2
FRF_c1_snap_20190617160000_EBG.jpg,1686,862,drysand,2
FRF_c1_snap_20190617160000_EBG.jpg,2270,1671,drysand,2
FRF_c1_snap_20190617160000_EBG.jpg,2212,1384,drysand,2
FRF_c1_snap_20190617160000_EBG.jpg,2179,1747,drysand,2
FRF_c1_snap_20190617160000_EBG.jpg,1336,857,drysand,2
FRF_c1_snap_20190617160000_EBG.jpg,1548,866,drysand,2
FRF_c1_snap_20190617160000_EBG.jpg,877,736,drysand,2
FRF_c1_snap_20190617160000_EBG.jpg,1462,981,drysand,2
FRF_c1_snap_20190617160000_EBG.jpg,1906,1095,drysand,2
FRF_c1_snap_20190617160000_EBG.jpg,1336,915,drysand,2
FRF_c1_snap_20190617160000_EBG.jpg,1306,1617,drysand,2
FRF_c1_snap_20190617160000_EBG.jpg,1290,831,drysand,2
FRF_c1_snap_20190617160000_EBG.jpg,1923,1117,drysand,2
FRF_c1_snap_20190617160000_EBG.jpg,957,1009,drysand,2
FRF_c1_snap_20190617160000_EBG.jpg,1183,1468,drysand,2
FRF_c1_snap_20190617160000_EBG.jpg,1255,1324,drysand,2
FRF_c1_snap_20190617160000_EBG.jpg,1283,1323,drysand,2
FRF_c1_snap_20190617160000_EBG.jpg,2125,1661,drysand,2
FRF_c1_snap_20190617160000_EBG.jpg,1207,1570,drysand,2
FRF_c1_snap_20190617160000_EBG.jpg,1155,1318,drysand,2
FRF_c1_snap_20190617160000_EBG.jpg,1706,1107,drysand,2
FRF_c1_snap_20190617160000_EBG.jpg,2192,1395,drysand,2
FRF_c1_snap_20190617160000_EBG.jpg,2332,1926,drysand,2
FRF_c1_snap_20190617160000_EBG.jpg,1287,1688,drysand,2
FRF_c1_snap_20190617160000_EBG.jpg,1635,826,drysand,2
FRF_c1_snap_20190617160000_EBG.jpg,2200,1750,drysand,2
FRF_c1_snap_20190617160000_EBG.jpg,1432,1502,drysand,2
FRF_c1_snap_20190617160000_EBG.jpg,2151,1916,drysand,2
FRF_c1_snap_20190617160000_EBG.jpg,1492,709,drysand,2
FRF_c1_snap_20190617160000_EBG.jpg,1178,1583,drysand,2
FRF_c1_snap_20190617160000_EBG.jpg,962,666,drysand,2
FRF_c1_snap_20190617160000_EBG.jpg,2188,1292,drysand,2
FRF_c1_snap_20190617160000_EBG.jpg,1913,1954,drysand,2
FRF_c1_snap_20190617160000_EBG.jpg,1886,1487,drysand,2
FRF_c1_snap_20190617160000_EBG.jpg,1794,1736,drysand,2
FRF_c1_snap_20190617160000_EBG.jpg,2269,1590,drysand,2
FRF_c1_snap_20190617160000_EBG.jpg,1456,1410,drysand,2
FRF_c1_snap_20190617160000_EBG.jpg,1532,1411,drysand,2
FRF_c1_snap_20190617160000_EBG.jpg,1529,1217,drysand,2
FRF_c1_snap_20190617160000_EBG.jpg,1474,903,drysand,2
FRF_c1_snap_20190617160000_EBG.jpg,1460,979,drysand,2
FRF_c1_snap_20190617160000_EBG.jpg,1539,1583,drysand,2
FRF_c1_snap_20190617160000_EBG.jpg,2334,1917,drysand,2
FRF_c1_snap_20190617160000_EBG.jpg,2220,1723,drysand,2
FRF_c1_snap_20190617160000_EBG.jpg,1529,874,drysand,2
FRF_c1_snap_20190617160000_EBG.jpg,1935,1389,drysand,2
FRF_c1_snap_20190617160000_EBG.jpg,2156,1377,drysand,2
FRF_c1_snap_20190617160000_EBG.jpg,2231,1918,drysand,2
FRF_c1_snap_20190617160000_EBG.jpg,1667,1144,drysand,2
FRF_c1_snap_20190617160000_EBG.jpg,2238,1648,drysand,2
FRF_c1_snap_20190617160000_EBG.jpg,1767,1132,drysand,2
FRF_c1_snap_20190617160000_EBG.jpg,2410,1377,drysand,2
FRF_c1_snap_20190617160000_EBG.jpg,1329,995,drysand,2
FRF_c1_snap_20190617160000_EBG.jpg,2291,1445,drysand,2
FRF_c1_snap_20190617160000_EBG.jpg,1597,1759,drysand,2
FRF_c1_snap_20190617160000_EBG.jpg,1624,1365,drysand,2
FRF_c1_snap_20190617160000_EBG.jpg,1512,810,drysand,2
FRF_c1_snap_20190617160000_EBG.jpg,2325,1757,drysand,2
FRF_c1_snap_20190617160000_EBG.jpg,1110,1665,vegetation,3
FRF_c1_snap_20190617160000_EBG.jpg,900,1551,vegetation,3
FRF_c1_snap_20190617160000_EBG.jpg,1039,1842,vegetation,3
FRF_c1_snap_20190617160000_EBG.jpg,971,1679,vegetation,3
FRF_c1_snap_20190617160000_EBG.jpg,744,1844,vegetation,3
FRF_c1_snap_20190617160000_EBG.jpg,785,1181,vegetation,3
FRF_c1_snap_20190617160000_EBG.jpg,689,1315,vegetation,3
FRF_c1_snap_20190617160000_EBG.jpg,959,1066,vegetation,3
FRF_c1_snap_20190617160000_EBG.jpg,933,1820,vegetation,3
FRF_c1_snap_20190617160000_EBG.jpg,995,1979,vegetation,3
FRF_c1_snap_20190617160000_EBG.jpg,891,1587,vegetation,3
FRF_c1_snap_20190617160000_EBG.jpg,1254,1606,vegetation,3
FRF_c1_snap_20190617160000_EBG.jpg,868,1071,vegetation,3
FRF_c1_snap_20190617160000_EBG.jpg,1205,1279,vegetation,3
FRF_c1_snap_20190617160000_EBG.jpg,706,1322,vegetation,3
FRF_c1_snap_20190617160000_EBG.jpg,1166,914,vegetation,3
FRF_c1_snap_20190617160000_EBG.jpg,1286,1504,vegetation,3
FRF_c1_snap_20190617160000_EBG.jpg,870,1317,vegetation,3
FRF_c1_snap_20190617160000_EBG.jpg,1004,1502,vegetation,3
FRF_c1_snap_20190617160000_EBG.jpg,1531,1698,vegetation,3
FRF_c1_snap_20190617160000_EBG.jpg,1520,1749,vegetation,3
FRF_c1_snap_20190617160000_EBG.jpg,754,889,vegetation,3
FRF_c1_snap_20190617160000_EBG.jpg,749,1369,vegetation,3
FRF_c1_snap_20190617160000_EBG.jpg,1352,1562,vegetation,3
FRF_c1_snap_20190617160000_EBG.jpg,865,647,vegetation,3
FRF_c1_snap_20190617160000_EBG.jpg,1032,1475,vegetation,3
FRF_c1_snap_20190617160000_EBG.jpg,927,1161,vegetation,3
FRF_c1_snap_20190617160000_EBG.jpg,681,1207,vegetation,3
FRF_c1_snap_20190617160000_EBG.jpg,633,1371,vegetation,3
FRF_c1_snap_20190617160000_EBG.jpg,810,791,vegetation,3
FRF_c1_snap_20190617160000_EBG.jpg,770,901,vegetation,3
FRF_c1_snap_20190617160000_EBG.jpg,791,888,vegetation,3
FRF_c1_snap_20190617160000_EBG.jpg,1568,1867,vegetation,3
FRF_c1_snap_20190617160000_EBG.jpg,725,1032,vegetation,3
FRF_c1_snap_20190617160000_EBG.jpg,982,1724,vegetation,3
FRF_c1_snap_20190617160000_EBG.jpg,1082,1887,vegetation,3
FRF_c1_snap_20190617160000_EBG.jpg,964,1968,vegetation,3
FRF_c1_snap_20190617160000_EBG.jpg,944,1204,vegetation,3
FRF_c1_snap_20190617160000_EBG.jpg,668,1297,vegetation,3
FRF_c1_snap_20190617160000_EBG.jpg,976,1465,vegetation,3
FRF_c1_snap_20190617160000_EBG.jpg,519,1953,vegetation,3
FRF_c1_snap_20190617160000_EBG.jpg,456,1808,vegetation,3
FRF_c1_snap_20190617160000_EBG.jpg,118,1009,vegetation,3
FRF_c1_snap_20190617160000_EBG.jpg,69,1380,vegetation,3
FRF_c1_snap_20190617160000_EBG.jpg,467,1957,vegetation,3
FRF_c1_snap_20190617160000_EBG.jpg,301,1725,vegetation,3
FRF_c1_snap_20190617160000_EBG.jpg,86,954,vegetation,3
FRF_c1_snap_20190617160000_EBG.jpg,478,1361,vegetation,3
FRF_c1_snap_20190617160000_EBG.jpg,293,1871,vegetation,3
FRF_c1_snap_20190617160000_EBG.jpg,409,982,vegetation,3
FRF_c1_snap_20190617160000_EBG.jpg,531,1490,vegetation,3
FRF_c1_snap_20190617160000_EBG.jpg,289,1905,vegetation,3
FRF_c1_snap_20190617160000_EBG.jpg,349,924,vegetation,3
FRF_c1_snap_20190617160000_EBG.jpg,152,934,vegetation,3
FRF_c1_snap_20190617160000_EBG.jpg,431,1410,vegetation,3
FRF_c1_snap_20190617160000_EBG.jpg,280,1477,vegetation,3
FRF_c1_snap_20190617160000_EBG.jpg,275,958,vegetation,3
FRF_c1_snap_20190617160000_EBG.jpg,138,1508,vegetation,3
FRF_c1_snap_20190617160000_EBG.jpg,362,1241,vegetation,3
FRF_c1_snap_20190617160000_EBG.jpg,406,1480,vegetation,3
FRF_c1_snap_20190617160000_EBG.jpg,491,1767,vegetation,3
FRF_c1_snap_20190617160000_EBG.jpg,295,1812,vegetation,3
FRF_c1_snap_20190617160000_EBG.jpg,251,1398,vegetation,3
FRF_c1_snap_20190617160000_EBG.jpg,440,1704,vegetation,3
FRF_c1_snap_20190617160000_EBG.jpg,483,1533,vegetation,3
FRF_c1_snap_20190617160000_EBG.jpg,393,1261,vegetation,3
FRF_c1_snap_20190617160000_EBG.jpg,326,1608,vegetation,3
FRF_c1_snap_20190617160000_EBG.jpg,47,1022,vegetation,3
FRF_c1_snap_20190617160000_EBG.jpg,347,971,vegetation,3
FRF_c1_snap_20190617160000_EBG.jpg,229,1349,vegetation,3
FRF_c1_snap_20190617160000_EBG.jpg,352,1614,vegetation,3
FRF_c1_snap_20190617160000_EBG.jpg,78,1817,vegetation,3
FRF_c1_snap_20190617160000_EBG.jpg,256,1408,vegetation,3
FRF_c1_snap_20190617160000_EBG.jpg,434,1935,vegetation,3
FRF_c1_snap_20190617160000_EBG.jpg,303,1566,vegetation,3
FRF_c1_snap_20190617160000_EBG.jpg,453,1576,vegetation,3
FRF_c1_snap_20190617160000_EBG.jpg,429,1460,vegetation,3
FRF_c1_snap_20190617160000_EBG.jpg,269,1265,vegetation,3
FRF_c1_snap_20190617160000_EBG.jpg,153,922,vegetation,3
FRF_c1_snap_20190617160000_EBG.jpg,334,1764,vegetation,3
FRF_c1_snap_20190617160000_EBG.jpg,1323,795,heavies,4
FRF_c1_snap_20190617160000_EBG.jpg,2043,1371,heavies,4
FRF_c1_snap_20190617160000_EBG.jpg,2007,1312,heavies,4
FRF_c1_snap_20190617160000_EBG.jpg,2212,1514,heavies,4
FRF_c1_snap_20190617160000_EBG.jpg,1262,740,heavies,4
FRF_c1_snap_20190617160000_EBG.jpg,2290,1645,heavies,4
FRF_c1_snap_20190617160000_EBG.jpg,2261,1607,heavies,4
FRF_c1_snap_20190617160000_EBG.jpg,2396,1689,heavies,4
FRF_c1_snap_20190617160000_EBG.jpg,1280,698,heavies,4
FRF_c1_snap_20190617160000_EBG.jpg,1956,1343,heavies,4
FRF_c1_snap_20190617160000_EBG.jpg,1968,1327,heavies,4
FRF_c1_snap_20190617160000_EBG.jpg,2041,1280,heavies,4
FRF_c1_snap_20190617160000_EBG.jpg,1334,814,heavies,4
FRF_c1_snap_20190617160000_EBG.jpg,1315,805,heavies,4
FRF_c1_snap_20190617160000_EBG.jpg,1275,702,heavies,4
FRF_c1_snap_20190617160000_EBG.jpg,2179,1550,heavies,4
FRF_c1_snap_20190617160000_EBG.jpg,2173,1554,heavies,4
FRF_c1_snap_20190617160000_EBG.jpg,2225,1598,heavies,4
FRF_c1_snap_20190617160000_EBG.jpg,2261,1593,heavies,4
FRF_c1_snap_20190617160000_EBG.jpg,1953,1323,heavies,4
FRF_c1_snap_20190617160000_EBG.jpg,1915,1347,heavies,4
FRF_c1_snap_20190617160000_EBG.jpg,1993,1311,heavies,4
FRF_c1_snap_20190617160000_EBG.jpg,2038,1320,heavies,4
FRF_c1_snap_20190617160000_EBG.jpg,2215,1621,heavies,4
FRF_c1_snap_20190617160000_EBG.jpg,2158,1519,heavies,4
FRF_c1_snap_20190617160000_EBG.jpg,1991,1344,heavies,4
FRF_c1_snap_20190617160000_EBG.jpg,1981,1289,heavies,4
FRF_c1_snap_20190617160000_EBG.jpg,1333,803,heavies,4
FRF_c1_snap_20190617160000_EBG.jpg,2004,1347,heavies,4
FRF_c1_snap_20190617160000_EBG.jpg,1992,1356,heavies,4
FRF_c1_snap_20190617160000_EBG.jpg,1978,1284,heavies,4
FRF_c1_snap_20190617160000_EBG.jpg,2190,1595,heavies,4
FRF_c1_snap_20190617160000_EBG.jpg,1277,720,heavies,4
FRF_c1_snap_20190617160000_EBG.jpg,2054,1353,heavies,4
FRF_c1_snap_20190617160000_EBG.jpg,1990,1347,heavies,4
FRF_c1_snap_20190617160000_EBG.jpg,2080,1392,heavies,4
FRF_c1_snap_20190617160000_EBG.jpg,1982,1377,heavies,4
FRF_c1_snap_20190617160000_EBG.jpg,2247,1618,heavies,4
FRF_c1_snap_20190617160000_EBG.jpg,1986,1314,heavies,4
FRF_c1_snap_20190617160000_EBG.jpg,2181,1535,heavies,4
FRF_c1_snap_20190617160000_EBG.jpg,2204,1437,heavies,4
FRF_c1_snap_20190617160000_EBG.jpg,2269,1635,heavies,4
FRF_c1_snap_20190617160000_EBG.jpg,1219,776,heavies,4
FRF_c1_snap_20190617160000_EBG.jpg,2080,1408,heavies,4
FRF_c1_snap_20190617160000_EBG.jpg,2018,1301,heavies,4
FRF_c1_snap_20190617160000_EBG.jpg,2212,1623,heavies,4
FRF_c1_snap_20190617160000_EBG.jpg,1230,681,heavies,4
FRF_c1_snap_20190617160000_EBG.jpg,1973,1303,heavies,4
FRF_c1_snap_20190617160000_EBG.jpg,2187,1597,heavies,4
FRF_c1_snap_20190617160000_EBG.jpg,1318,782,heavies,4
FRF_c1_snap_20190617160000_EBG.jpg,2018,1283,heavies,4
FRF_c1_snap_20190617160000_EBG.jpg,2203,1585,heavies,4
FRF_c1_snap_20190617160000_EBG.jpg,2257,1640,heavies,4
FRF_c1_snap_20190617160000_EBG.jpg,2078,1386,heavies,4
FRF_c1_snap_20190617160000_EBG.jpg,2216,1626,heavies,4
FRF_c1_snap_20190617160000_EBG.jpg,1916,1353,heavies,4
FRF_c1_snap_20190617160000_EBG.jpg,2260,1636,heavies,4
FRF_c1_snap_20190617160000_EBG.jpg,1955,1337,heavies,4
FRF_c1_snap_20190617160000_EBG.jpg,2267,1514,heavies,4
FRF_c1_snap_20190617160000_EBG.jpg,1974,1336,heavies,4
FRF_c1_snap_20190617160000_EBG.jpg,1246,790,heavies,4
FRF_c1_snap_20190617160000_EBG.jpg,1945,1362,heavies,4
FRF_c1_snap_20190617160000_EBG.jpg,2204,1454,heavies,4
FRF_c1_snap_20190617160000_EBG.jpg,1995,1361,heavies,4
FRF_c1_snap_20190617160000_EBG.jpg,2012,1355,heavies,4
FRF_c1_snap_20190617160000_EBG.jpg,2227,1503,heavies,4
FRF_c1_snap_20190617160000_EBG.jpg,2200,1527,heavies,4
FRF_c1_snap_20190617160000_EBG.jpg,2129,1401,heavies,4
FRF_c1_snap_20190617160000_EBG.jpg,1251,696,heavies,4
FRF_c1_snap_20190617160000_EBG.jpg,2051,1401,heavies,4
FRF_c1_snap_20190617160000_EBG.jpg,1982,1308,heavies,4
FRF_c1_snap_20190617160000_EBG.jpg,2041,1363,heavies,4
FRF_c1_snap_20190617160000_EBG.jpg,1993,1337,heavies,4
FRF_c1_snap_20190617160000_EBG.jpg,1360,814,heavies,4
FRF_c1_snap_20190617160000_EBG.jpg,1959,1365,heavies,4
FRF_c1_snap_20190617160000_EBG.jpg,1298,732,heavies,4
FRF_c1_snap_20190617160000_EBG.jpg,2022,1299,heavies,4
FRF_c1_snap_20190617160000_EBG.jpg,2307,1654,heavies,4
FRF_c1_snap_20190617160000_EBG.jpg,2187,1532,heavies,4
FRF_c1_snap_20190617160000_EBG.jpg,2374,1686,heavies,4
FRF_c1_snap_20190617160000_EBG.jpg,1801,1402,lag,5
FRF_c1_snap_20190617160000_EBG.jpg,2270,1722,lag,5
FRF_c1_snap_20190617160000_EBG.jpg,1710,1198,lag,5
FRF_c1_snap_20190617160000_EBG.jpg,2034,1805,lag,5
FRF_c1_snap_20190617160000_EBG.jpg,1184,755,lag,5
FRF_c1_snap_20190617160000_EBG.jpg,1043,824,lag,5
FRF_c1_snap_20190617160000_EBG.jpg,1094,745,lag,5
FRF_c1_snap_20190617160000_EBG.jpg,1938,1437,lag,5
FRF_c1_snap_20190617160000_EBG.jpg,1710,1236,lag,5
FRF_c1_snap_20190617160000_EBG.jpg,1996,1799,lag,5
FRF_c1_snap_20190617160000_EBG.jpg,1442,1064,lag,5
FRF_c1_snap_20190617160000_EBG.jpg,1600,1253,lag,5
FRF_c1_snap_20190617160000_EBG.jpg,1369,958,lag,5
FRF_c1_snap_20190617160000_EBG.jpg,1274,1012,lag,5
FRF_c1_snap_20190617160000_EBG.jpg,1314,880,lag,5
FRF_c1_snap_20190617160000_EBG.jpg,1293,1045,lag,5
FRF_c1_snap_20190617160000_EBG.jpg,1641,1181,lag,5
FRF_c1_snap_20190617160000_EBG.jpg,1496,1266,lag,5
FRF_c1_snap_20190617160000_EBG.jpg,1030,864,lag,5
FRF_c1_snap_20190617160000_EBG.jpg,1409,949,lag,5
FRF_c1_snap_20190617160000_EBG.jpg,1133,878,lag,5
FRF_c1_snap_20190617160000_EBG.jpg,2046,1474,lag,5
FRF_c1_snap_20190617160000_EBG.jpg,1929,1439,lag,5
FRF_c1_snap_20190617160000_EBG.jpg,1689,1193,lag,5
FRF_c1_snap_20190617160000_EBG.jpg,1163,801,lag,5
FRF_c1_snap_20190617160000_EBG.jpg,1320,942,lag,5
FRF_c1_snap_20190617160000_EBG.jpg,1869,1397,lag,5
FRF_c1_snap_20190617160000_EBG.jpg,1976,1486,lag,5
FRF_c1_snap_20190617160000_EBG.jpg,1135,903,lag,5
FRF_c1_snap_20190617160000_EBG.jpg,1056,736,lag,5
FRF_c1_snap_20190617160000_EBG.jpg,1218,871,lag,5
FRF_c1_snap_20190617160000_EBG.jpg,927,586,lag,5
FRF_c1_snap_20190617160000_EBG.jpg,1201,749,lag,5
FRF_c1_snap_20190617160000_EBG.jpg,1208,765,lag,5
FRF_c1_snap_20190617160000_EBG.jpg,1256,870,lag,5
FRF_c1_snap_20190617160000_EBG.jpg,1056,782,lag,5
FRF_c1_snap_20190617160000_EBG.jpg,1933,1770,lag,5
FRF_c1_snap_20190617160000_EBG.jpg,1210,988,lag,5
FRF_c1_snap_20190617160000_EBG.jpg,1287,961,lag,5
FRF_c1_snap_20190617160000_EBG.jpg,1996,1830,lag,5
FRF_c1_snap_20190617160000_EBG.jpg,1893,1240,lag,5
FRF_c1_snap_20190617160000_EBG.jpg,1956,1430,lag,5
FRF_c1_snap_20190617160000_EBG.jpg,2297,1737,lag,5
FRF_c1_snap_20190617160000_EBG.jpg,1188,829,lag,5
FRF_c1_snap_20190617160000_EBG.jpg,1508,1314,lag,5
FRF_c1_snap_20190617160000_EBG.jpg,1199,887,lag,5
FRF_c1_snap_20190617160000_EBG.jpg,2295,1740,lag,5
FRF_c1_snap_20190617160000_EBG.jpg,1202,717,lag,5
FRF_c1_snap_20190617160000_EBG.jpg,1226,896,lag,5
FRF_c1_snap_20190617160000_EBG.jpg,2095,1463,lag,5
FRF_c1_snap_20190617160000_EBG.jpg,2012,1455,lag,5
FRF_c1_snap_20190617160000_EBG.jpg,1695,1219,lag,5
FRF_c1_snap_20190617160000_EBG.jpg,1472,1253,lag,5
FRF_c1_snap_20190617160000_EBG.jpg,1237,879,lag,5
FRF_c1_snap_20190617160000_EBG.jpg,2041,1959,lag,5
FRF_c1_snap_20190617160000_EBG.jpg,1205,817,lag,5
FRF_c1_snap_20190617160000_EBG.jpg,1783,1208,lag,5
FRF_c1_snap_20190617160000_EBG.jpg,995,841,lag,5
FRF_c1_snap_20190617160000_EBG.jpg,1372,1056,lag,5
FRF_c1_snap_20190617160000_EBG.jpg,1854,1207,lag,5
FRF_c1_snap_20190617160000_EBG.jpg,2030,1785,lag,5
FRF_c1_snap_20190617160000_EBG.jpg,1536,1279,lag,5
FRF_c1_snap_20190617160000_EBG.jpg,1586,1242,lag,5
FRF_c1_snap_20190617160000_EBG.jpg,1014,872,lag,5
FRF_c1_snap_20190617160000_EBG.jpg,1527,1091,lag,5
FRF_c1_snap_20190617160000_EBG.jpg,2040,1928,lag,5
FRF_c1_snap_20190617160000_EBG.jpg,1383,1103,lag,5
FRF_c1_snap_20190617160000_EBG.jpg,1547,1262,lag,5
FRF_c1_snap_20190617160000_EBG.jpg,1414,966,lag,5
FRF_c1_snap_20190617160000_EBG.jpg,1393,956,lag,5
FRF_c1_snap_20190617160000_EBG.jpg,1433,1091,lag,5
FRF_c1_snap_20190617160000_EBG.jpg,1130,761,lag,5
FRF_c1_snap_20190617160000_EBG.jpg,978,802,lag,5
FRF_c1_snap_20190617160000_EBG.jpg,1364,1097,lag,5
FRF_c1_snap_20190617160000_EBG.jpg,1324,885,lag,5
FRF_c1_snap_20190617160000_EBG.jpg,904,571,lag,5
FRF_c1_snap_20190617160000_EBG.jpg,1421,1082,lag,5
FRF_c1_snap_20190617160000_EBG.jpg,1299,826,lag,5
FRF_c1_snap_20190617160000_EBG.jpg,1060,830,lag,5
FRF_c1_snap_20190617160000_EBG.jpg,1053,815,lag,5
FRF_c1_snap_20200818160000_EBG.jpg,1518,591,background,0
FRF_c1_snap_20200818160000_EBG.jpg,2280,984,background,0
FRF_c1_snap_20200818160000_EBG.jpg,977,710,background,0
FRF_c1_snap_20200818160000_EBG.jpg,2377,941,background,0
FRF_c1_snap_20200818160000_EBG.jpg,1386,617,background,0
FRF_c1_snap_20200818160000_EBG.jpg,1531,671,background,0
FRF_c1_snap_20200818160000_EBG.jpg,2196,1307,background,0
FRF_c1_snap_20200818160000_EBG.jpg,2342,1164,background,0
FRF_c1_snap_20200818160000_EBG.jpg,1670,791,background,0
FRF_c1_snap_20200818160000_EBG.jpg,1854,858,background,0
FRF_c1_snap_20200818160000_EBG.jpg,1909,992,background,0
FRF_c1_snap_20200818160000_EBG.jpg,2255,925,background,0
FRF_c1_snap_20200818160000_EBG.jpg,1730,875,background,0
FRF_c1_snap_20200818160000_EBG.jpg,1781,701,background,0
FRF_c1_snap_20200818160000_EBG.jpg,1333,640,background,0
FRF_c1_snap_20200818160000_EBG.jpg,1925,918,background,0
FRF_c1_snap_20200818160000_EBG.jpg,1956,806,background,0
FRF_c1_snap_20200818160000_EBG.jpg,1878,900,background,0
FRF_c1_snap_20200818160000_EBG.jpg,2245,914,background,0
FRF_c1_snap_20200818160000_EBG.jpg,901,588,background,0
FRF_c1_snap_20200818160000_EBG.jpg,2082,1438,background,0
FRF_c1_snap_20200818160000_EBG.jpg,2182,907,background,0
FRF_c1_snap_20200818160000_EBG.jpg,2021,954,background,0
FRF_c1_snap_20200818160000_EBG.jpg,2030,789,background,0
FRF_c1_snap_20200818160000_EBG.jpg,2069,1117,background,0
FRF_c1_snap_20200818160000_EBG.jpg,2382,1160,background,0
FRF_c1_snap_20200818160000_EBG.jpg,2193,1206,background,0
FRF_c1_snap_20200818160000_EBG.jpg,1162,662,background,0
FRF_c1_snap_20200818160000_EBG.jpg,2158,921,background,0
FRF_c1_snap_20200818160000_EBG.jpg,1976,1029,background,0
FRF_c1_snap_20200818160000_EBG.jpg,1893,863,background,0
FRF_c1_snap_20200818160000_EBG.jpg,866,584,background,0
FRF_c1_snap_20200818160000_EBG.jpg,2315,1102,background,0
FRF_c1_snap_20200818160000_EBG.jpg,2127,878,background,0
FRF_c1_snap_20200818160000_EBG.jpg,2217,981,background,0
FRF_c1_snap_20200818160000_EBG.jpg,2301,1261,background,0
FRF_c1_snap_20200818160000_EBG.jpg,2411,1335,background,0
FRF_c1_snap_20200818160000_EBG.jpg,1453,670,background,0
FRF_c1_snap_20200818160000_EBG.jpg,1593,729,background,0
FRF_c1_snap_20200818160000_EBG.jpg,2058,1112,background,0
FRF_c1_snap_20200818160000_EBG.jpg,115,461,background,0
FRF_c1_snap_20200818160000_EBG.jpg,55,380,background,0
FRF_c1_snap_20200818160000_EBG.jpg,21,357,background,0
FRF_c1_snap_20200818160000_EBG.jpg,174,463,background,0
FRF_c1_snap_20200818160000_EBG.jpg,119,551,background,0
FRF_c1_snap_20200818160000_EBG.jpg,32,308,background,0
FRF_c1_snap_20200818160000_EBG.jpg,58,466,background,0
FRF_c1_snap_20200818160000_EBG.jpg,153,634,background,0
FRF_c1_snap_20200818160000_EBG.jpg,82,269,background,0
FRF_c1_snap_20200818160000_EBG.jpg,250,534,background,0
FRF_c1_snap_20200818160000_EBG.jpg,375,380,background,0
FRF_c1_snap_20200818160000_EBG.jpg,322,486,background,0
FRF_c1_snap_20200818160000_EBG.jpg,357,540,background,0
FRF_c1_snap_20200818160000_EBG.jpg,207,339,background,0
FRF_c1_snap_20200818160000_EBG.jpg,66,352,background,0
FRF_c1_snap_20200818160000_EBG.jpg,473,472,background,0
FRF_c1_snap_20200818160000_EBG.jpg,95,476,background,0
FRF_c1_snap_20200818160000_EBG.jpg,418,467,background,0
FRF_c1_snap_20200818160000_EBG.jpg,468,491,background,0
FRF_c1_snap_20200818160000_EBG.jpg,162,610,background,0
FRF_c1_snap_20200818160000_EBG.jpg,119,479,background,0
FRF_c1_snap_20200818160000_EBG.jpg,525,605,background,0
FRF_c1_snap_20200818160000_EBG.jpg,182,594,background,0
FRF_c1_snap_20200818160000_EBG.jpg,487,513,background,0
FRF_c1_snap_20200818160000_EBG.jpg,431,488,background,0
FRF_c1_snap_20200818160000_EBG.jpg,68,302,background,0
FRF_c1_snap_20200818160000_EBG.jpg,343,537,background,0
FRF_c1_snap_20200818160000_EBG.jpg,286,656,background,0
FRF_c1_snap_20200818160000_EBG.jpg,529,603,background,0
FRF_c1_snap_20200818160000_EBG.jpg,114,645,background,0
FRF_c1_snap_20200818160000_EBG.jpg,218,434,background,0
FRF_c1_snap_20200818160000_EBG.jpg,308,393,background,0
FRF_c1_snap_20200818160000_EBG.jpg,344,351,background,0
FRF_c1_snap_20200818160000_EBG.jpg,170,311,background,0
FRF_c1_snap_20200818160000_EBG.jpg,287,278,background,0
FRF_c1_snap_20200818160000_EBG.jpg,366,654,background,0
FRF_c1_snap_20200818160000_EBG.jpg,31,657,background,0
FRF_c1_snap_20200818160000_EBG.jpg,267,603,background,0
FRF_c1_snap_20200818160000_EBG.jpg,38,658,background,0
FRF_c1_snap_20200818160000_EBG.jpg,168,314,background,0
FRF_c1_snap_20200818160000_EBG.jpg,2099,1234,wetsand,1
FRF_c1_snap_20200818160000_EBG.jpg,2247,1391,wetsand,1
FRF_c1_snap_20200818160000_EBG.jpg,1264,701,wetsand,1
FRF_c1_snap_20200818160000_EBG.jpg,1781,971,wetsand,1
FRF_c1_snap_20200818160000_EBG.jpg,1455,856,wetsand,1
FRF_c1_snap_20200818160000_EBG.jpg,1983,1269,wetsand,1
FRF_c1_snap_20200818160000_EBG.jpg,1886,1190,wetsand,1
FRF_c1_snap_20200818160000_EBG.jpg,2343,1383,wetsand,1
FRF_c1_snap_20200818160000_EBG.jpg,1501,752,wetsand,1
FRF_c1_snap_20200818160000_EBG.jpg,1564,789,wetsand,1
FRF_c1_snap_20200818160000_EBG.jpg,1820,1038,wetsand,1
FRF_c1_snap_20200818160000_EBG.jpg,1891,1062,wetsand,1
FRF_c1_snap_20200818160000_EBG.jpg,2073,1333,wetsand,1
FRF_c1_snap_20200818160000_EBG.jpg,2326,1487,wetsand,1
FRF_c1_snap_20200818160000_EBG.jpg,1259,642,wetsand,1
FRF_c1_snap_20200818160000_EBG.jpg,1960,1185,wetsand,1
FRF_c1_snap_20200818160000_EBG.jpg,1237,624,wetsand,1
FRF_c1_snap_20200818160000_EBG.jpg,1701,1059,wetsand,1
FRF_c1_snap_20200818160000_EBG.jpg,1829,1031,wetsand,1
FRF_c1_snap_20200818160000_EBG.jpg,1998,1284,wetsand,1
FRF_c1_snap_20200818160000_EBG.jpg,1533,917,wetsand,1
FRF_c1_snap_20200818160000_EBG.jpg,1455,790,wetsand,1
FRF_c1_snap_20200818160000_EBG.jpg,1751,1032,wetsand,1
FRF_c1_snap_20200818160000_EBG.jpg,2231,1351,wetsand,1
FRF_c1_snap_20200818160000_EBG.jpg,1943,1145,wetsand,1
FRF_c1_snap_20200818160000_EBG.jpg,2227,1323,wetsand,1
FRF_c1_snap_20200818160000_EBG.jpg,1982,1261,wetsand,1
FRF_c1_snap_20200818160000_EBG.jpg,2003,1232,wetsand,1
FRF_c1_snap_20200818160000_EBG.jpg,2318,1413,wetsand,1
FRF_c1_snap_20200818160000_EBG.jpg,2059,1348,wetsand,1
FRF_c1_snap_20200818160000_EBG.jpg,1546,846,wetsand,1
FRF_c1_snap_20200818160000_EBG.jpg,2229,1453,wetsand,1
FRF_c1_snap_20200818160000_EBG.jpg,2205,1419,wetsand,1
FRF_c1_snap_20200818160000_EBG.jpg,1270,579,wetsand,1
FRF_c1_snap_20200818160000_EBG.jpg,2260,1396,wetsand,1
FRF_c1_snap_20200818160000_EBG.jpg,2334,1359,wetsand,1
FRF_c1_snap_20200818160000_EBG.jpg,2001,1074,wetsand,1
FRF_c1_snap_20200818160000_EBG.jpg,1715,975,wetsand,1
FRF_c1_snap_20200818160000_EBG.jpg,1852,1021,wetsand,1
FRF_c1_snap_20200818160000_EBG.jpg,1416,746,wetsand,1
FRF_c1_snap_20200818160000_EBG.jpg,1757,970,wetsand,1
FRF_c1_snap_20200818160000_EBG.jpg,1403,776,wetsand,1
FRF_c1_snap_20200818160000_EBG.jpg,2135,1315,wetsand,1
FRF_c1_snap_20200818160000_EBG.jpg,1544,799,wetsand,1
FRF_c1_snap_20200818160000_EBG.jpg,1993,1238,wetsand,1
FRF_c1_snap_20200818160000_EBG.jpg,1228,658,wetsand,1
FRF_c1_snap_20200818160000_EBG.jpg,1569,895,wetsand,1
FRF_c1_snap_20200818160000_EBG.jpg,2041,1212,wetsand,1
FRF_c1_snap_20200818160000_EBG.jpg,1166,645,wetsand,1
FRF_c1_snap_20200818160000_EBG.jpg,1687,950,wetsand,1
FRF_c1_snap_20200818160000_EBG.jpg,2003,1297,wetsand,1
FRF_c1_snap_20200818160000_EBG.jpg,2154,1185,wetsand,1
FRF_c1_snap_20200818160000_EBG.jpg,2250,1350,wetsand,1
FRF_c1_snap_20200818160000_EBG.jpg,1220,569,wetsand,1
FRF_c1_snap_20200818160000_EBG.jpg,1409,718,wetsand,1
FRF_c1_snap_20200818160000_EBG.jpg,2410,1503,wetsand,1
FRF_c1_snap_20200818160000_EBG.jpg,1929,1107,wetsand,1
FRF_c1_snap_20200818160000_EBG.jpg,1451,846,wetsand,1
FRF_c1_snap_20200818160000_EBG.jpg,2343,1431,wetsand,1
FRF_c1_snap_20200818160000_EBG.jpg,1541,913,wetsand,1
FRF_c1_snap_20200818160000_EBG.jpg,1357,773,wetsand,1
FRF_c1_snap_20200818160000_EBG.jpg,1847,1011,wetsand,1
FRF_c1_snap_20200818160000_EBG.jpg,1099,572,wetsand,1
FRF_c1_snap_20200818160000_EBG.jpg,1292,672,wetsand,1
FRF_c1_snap_20200818160000_EBG.jpg,2170,1320,wetsand,1
FRF_c1_snap_20200818160000_EBG.jpg,1794,1059,wetsand,1
FRF_c1_snap_20200818160000_EBG.jpg,2106,1154,wetsand,1
FRF_c1_snap_20200818160000_EBG.jpg,1986,1137,wetsand,1
FRF_c1_snap_20200818160000_EBG.jpg,1916,1278,wetsand,1
FRF_c1_snap_20200818160000_EBG.jpg,1537,784,wetsand,1
FRF_c1_snap_20200818160000_EBG.jpg,1209,675,wetsand,1
FRF_c1_snap_20200818160000_EBG.jpg,2053,1176,wetsand,1
FRF_c1_snap_20200818160000_EBG.jpg,1792,1001,wetsand,1
FRF_c1_snap_20200818160000_EBG.jpg,2284,1334,wetsand,1
FRF_c1_snap_20200818160000_EBG.jpg,2252,1449,wetsand,1
FRF_c1_snap_20200818160000_EBG.jpg,2054,1175,wetsand,1
FRF_c1_snap_20200818160000_EBG.jpg,1310,581,wetsand,1
FRF_c1_snap_20200818160000_EBG.jpg,2095,1214,wetsand,1
FRF_c1_snap_20200818160000_EBG.jpg,2091,1331,wetsand,1
FRF_c1_snap_20200818160000_EBG.jpg,2327,1420,wetsand,1
FRF_c1_snap_20200818160000_EBG.jpg,983,1573,drysand,2
FRF_c1_snap_20200818160000_EBG.jpg,1559,1241,drysand,2
FRF_c1_snap_20200818160000_EBG.jpg,2361,1818,drysand,2
FRF_c1_snap_20200818160000_EBG.jpg,1242,1090,drysand,2
FRF_c1_snap_20200818160000_EBG.jpg,1700,1361,drysand,2
FRF_c1_snap_20200818160000_EBG.jpg,2302,1851,drysand,2
FRF_c1_snap_20200818160000_EBG.jpg,2195,1952,drysand,2
FRF_c1_snap_20200818160000_EBG.jpg,1560,1227,drysand,2
FRF_c1_snap_20200818160000_EBG.jpg,1044,923,drysand,2
FRF_c1_snap_20200818160000_EBG.jpg,1316,1189,drysand,2
FRF_c1_snap_20200818160000_EBG.jpg,942,1505,drysand,2
FRF_c1_snap_20200818160000_EBG.jpg,2217,1913,drysand,2
FRF_c1_snap_20200818160000_EBG.jpg,1295,1812,drysand,2
FRF_c1_snap_20200818160000_EBG.jpg,1018,956,drysand,2
FRF_c1_snap_20200818160000_EBG.jpg,1554,1159,drysand,2
FRF_c1_snap_20200818160000_EBG.jpg,1313,1343,drysand,2
FRF_c1_snap_20200818160000_EBG.jpg,1274,819,drysand,2
FRF_c1_snap_20200818160000_EBG.jpg,2372,1910,drysand,2
FRF_c1_snap_20200818160000_EBG.jpg,1450,1104,drysand,2
FRF_c1_snap_20200818160000_EBG.jpg,2136,1652,drysand,2
FRF_c1_snap_20200818160000_EBG.jpg,1765,1245,drysand,2
FRF_c1_snap_20200818160000_EBG.jpg,1387,1445,drysand,2
FRF_c1_snap_20200818160000_EBG.jpg,2061,1654,drysand,2
FRF_c1_snap_20200818160000_EBG.jpg,2386,1814,drysand,2
FRF_c1_snap_20200818160000_EBG.jpg,1268,958,drysand,2
FRF_c1_snap_20200818160000_EBG.jpg,1200,1125,drysand,2
FRF_c1_snap_20200818160000_EBG.jpg,1697,1410,drysand,2
FRF_c1_snap_20200818160000_EBG.jpg,2067,1656,drysand,2
FRF_c1_snap_20200818160000_EBG.jpg,1287,1283,drysand,2
FRF_c1_snap_20200818160000_EBG.jpg,1505,1559,drysand,2
FRF_c1_snap_20200818160000_EBG.jpg,1845,1451,drysand,2
FRF_c1_snap_20200818160000_EBG.jpg,1586,1298,drysand,2
FRF_c1_snap_20200818160000_EBG.jpg,2105,1619,drysand,2
FRF_c1_snap_20200818160000_EBG.jpg,2306,1728,drysand,2
FRF_c1_snap_20200818160000_EBG.jpg,1381,1720,drysand,2
FRF_c1_snap_20200818160000_EBG.jpg,1127,1016,drysand,2
FRF_c1_snap_20200818160000_EBG.jpg,1881,1394,drysand,2
FRF_c1_snap_20200818160000_EBG.jpg,1556,1442,drysand,2
FRF_c1_snap_20200818160000_EBG.jpg,1407,1785,drysand,2
FRF_c1_snap_20200818160000_EBG.jpg,1258,1116,drysand,2
FRF_c1_snap_20200818160000_EBG.jpg,2317,1763,drysand,2
FRF_c1_snap_20200818160000_EBG.jpg,1649,1516,drysand,2
FRF_c1_snap_20200818160000_EBG.jpg,2216,1589,drysand,2
FRF_c1_snap_20200818160000_EBG.jpg,764,687,drysand,2
FRF_c1_snap_20200818160000_EBG.jpg,1555,1178,drysand,2
FRF_c1_snap_20200818160000_EBG.jpg,2003,1865,drysand,2
FRF_c1_snap_20200818160000_EBG.jpg,1629,1400,drysand,2
FRF_c1_snap_20200818160000_EBG.jpg,1808,1436,drysand,2
FRF_c1_snap_20200818160000_EBG.jpg,1370,1341,drysand,2
FRF_c1_snap_20200818160000_EBG.jpg,1660,1638,drysand,2
FRF_c1_snap_20200818160000_EBG.jpg,1585,1464,drysand,2
FRF_c1_snap_20200818160000_EBG.jpg,2174,1827,drysand,2
FRF_c1_snap_20200818160000_EBG.jpg,1410,1457,drysand,2
FRF_c1_snap_20200818160000_EBG.jpg,1408,1048,drysand,2
FRF_c1_snap_20200818160000_EBG.jpg,1138,1250,drysand,2
FRF_c1_snap_20200818160000_EBG.jpg,2400,1701,drysand,2
FRF_c1_snap_20200818160000_EBG.jpg,855,1465,drysand,2
FRF_c1_snap_20200818160000_EBG.jpg,1588,1677,drysand,2
FRF_c1_snap_20200818160000_EBG.jpg,1837,1361,drysand,2
FRF_c1_snap_20200818160000_EBG.jpg,1285,1226,drysand,2
FRF_c1_snap_20200818160000_EBG.jpg,1418,1095,drysand,2
FRF_c1_snap_20200818160000_EBG.jpg,1124,832,drysand,2
FRF_c1_snap_20200818160000_EBG.jpg,2306,1824,drysand,2
FRF_c1_snap_20200818160000_EBG.jpg,1418,1689,drysand,2
FRF_c1_snap_20200818160000_EBG.jpg,2236,1820,drysand,2
FRF_c1_snap_20200818160000_EBG.jpg,2238,1776,drysand,2
FRF_c1_snap_20200818160000_EBG.jpg,757,1570,drysand,2
FRF_c1_snap_20200818160000_EBG.jpg,1343,1363,drysand,2
FRF_c1_snap_20200818160000_EBG.jpg,845,776,drysand,2
FRF_c1_snap_20200818160000_EBG.jpg,1369,834,drysand,2
FRF_c1_snap_20200818160000_EBG.jpg,1358,807,drysand,2
FRF_c1_snap_20200818160000_EBG.jpg,1409,1362,drysand,2
FRF_c1_snap_20200818160000_EBG.jpg,2019,1876,drysand,2
FRF_c1_snap_20200818160000_EBG.jpg,2110,1877,drysand,2
FRF_c1_snap_20200818160000_EBG.jpg,1539,1086,drysand,2
FRF_c1_snap_20200818160000_EBG.jpg,2076,1586,drysand,2
FRF_c1_snap_20200818160000_EBG.jpg,1064,898,drysand,2
FRF_c1_snap_20200818160000_EBG.jpg,2109,1605,drysand,2
FRF_c1_snap_20200818160000_EBG.jpg,1118,775,drysand,2
FRF_c1_snap_20200818160000_EBG.jpg,1488,1711,drysand,2
FRF_c1_snap_20200818160000_EBG.jpg,1062,1890,vegetation,3
FRF_c1_snap_20200818160000_EBG.jpg,1630,1880,vegetation,3
FRF_c1_snap_20200818160000_EBG.jpg,1664,1901,vegetation,3
FRF_c1_snap_20200818160000_EBG.jpg,645,1589,vegetation,3
FRF_c1_snap_20200818160000_EBG.jpg,765,1201,vegetation,3
FRF_c1_snap_20200818160000_EBG.jpg,1047,1492,vegetation,3
FRF_c1_snap_20200818160000_EBG.jpg,1335,1531,vegetation,3
FRF_c1_snap_20200818160000_EBG.jpg,704,1940,vegetation,3
FRF_c1_snap_20200818160000_EBG.jpg,859,1864,vegetation,3
FRF_c1_snap_20200818160000_EBG.jpg,1116,1856,vegetation,3
FRF_c1_snap_20200818160000_EBG.jpg,824,1933,vegetation,3
FRF_c1_snap_20200818160000_EBG.jpg,1292,1430,vegetation,3
FRF_c1_snap_20200818160000_EBG.jpg,641,1572,vegetation,3
FRF_c1_snap_20200818160000_EBG.jpg,890,1085,vegetation,3
FRF_c1_snap_20200818160000_EBG.jpg,683,1422,vegetation,3
FRF_c1_snap_20200818160000_EBG.jpg,1534,1777,vegetation,3
FRF_c1_snap_20200818160000_EBG.jpg,733,766,vegetation,3
FRF_c1_snap_20200818160000_EBG.jpg,633,1235,vegetation,3
FRF_c1_snap_20200818160000_EBG.jpg,1136,1929,vegetation,3
FRF_c1_snap_20200818160000_EBG.jpg,1129,1709,vegetation,3
FRF_c1_snap_20200818160000_EBG.jpg,970,1607,vegetation,3
FRF_c1_snap_20200818160000_EBG.jpg,1201,1903,vegetation,3
FRF_c1_snap_20200818160000_EBG.jpg,828,1324,vegetation,3
FRF_c1_snap_20200818160000_EBG.jpg,960,1682,vegetation,3
FRF_c1_snap_20200818160000_EBG.jpg,1001,1055,vegetation,3
FRF_c1_snap_20200818160000_EBG.jpg,1276,1939,vegetation,3
FRF_c1_snap_20200818160000_EBG.jpg,930,1327,vegetation,3
FRF_c1_snap_20200818160000_EBG.jpg,649,1677,vegetation,3
FRF_c1_snap_20200818160000_EBG.jpg,1373,1659,vegetation,3
FRF_c1_snap_20200818160000_EBG.jpg,846,1453,vegetation,3
FRF_c1_snap_20200818160000_EBG.jpg,795,1209,vegetation,3
FRF_c1_snap_20200818160000_EBG.jpg,778,1676,vegetation,3
FRF_c1_snap_20200818160000_EBG.jpg,962,1044,vegetation,3
FRF_c1_snap_20200818160000_EBG.jpg,644,1227,vegetation,3
FRF_c1_snap_20200818160000_EBG.jpg,984,1006,vegetation,3
FRF_c1_snap_20200818160000_EBG.jpg,1445,1891,vegetation,3
FRF_c1_snap_20200818160000_EBG.jpg,826,1017,vegetation,3
FRF_c1_snap_20200818160000_EBG.jpg,819,1726,vegetation,3
FRF_c1_snap_20200818160000_EBG.jpg,1036,1028,vegetation,3
FRF_c1_snap_20200818160000_EBG.jpg,1136,1818,vegetation,3
FRF_c1_snap_20200818160000_EBG.jpg,47,1733,vegetation,3
FRF_c1_snap_20200818160000_EBG.jpg,112,1231,vegetation,3
FRF_c1_snap_20200818160000_EBG.jpg,520,1703,vegetation,3
FRF_c1_snap_20200818160000_EBG.jpg,459,1607,vegetation,3
FRF_c1_snap_20200818160000_EBG.jpg,276,1724,vegetation,3
FRF_c1_snap_20200818160000_EBG.jpg,542,1311,vegetation,3
FRF_c1_snap_20200818160000_EBG.jpg,434,981,vegetation,3
FRF_c1_snap_20200818160000_EBG.jpg,280,1360,vegetation,3
FRF_c1_snap_20200818160000_EBG.jpg,77,1123,vegetation,3
FRF_c1_snap_20200818160000_EBG.jpg,161,1864,vegetation,3
FRF_c1_snap_20200818160000_EBG.jpg,255,925,vegetation,3
FRF_c1_snap_20200818160000_EBG.jpg,472,1669,vegetation,3
FRF_c1_snap_20200818160000_EBG.jpg,44,1313,vegetation,3
FRF_c1_snap_20200818160000_EBG.jpg,36,1671,vegetation,3
FRF_c1_snap_20200818160000_EBG.jpg,249,1922,vegetation,3
FRF_c1_snap_20200818160000_EBG.jpg,300,1813,vegetation,3
FRF_c1_snap_20200818160000_EBG.jpg,208,866,vegetation,3
FRF_c1_snap_20200818160000_EBG.jpg,536,1844,vegetation,3
FRF_c1_snap_20200818160000_EBG.jpg,27,964,vegetation,3
FRF_c1_snap_20200818160000_EBG.jpg,535,1968,vegetation,3
FRF_c1_snap_20200818160000_EBG.jpg,110,1737,vegetation,3
FRF_c1_snap_20200818160000_EBG.jpg,547,1125,vegetation,3
FRF_c1_snap_20200818160000_EBG.jpg,422,1622,vegetation,3
FRF_c1_snap_20200818160000_EBG.jpg,155,1820,vegetation,3
FRF_c1_snap_20200818160000_EBG.jpg,153,1537,vegetation,3
FRF_c1_snap_20200818160000_EBG.jpg,217,1479,vegetation,3
FRF_c1_snap_20200818160000_EBG.jpg,239,1137,vegetation,3
FRF_c1_snap_20200818160000_EBG.jpg,432,1822,vegetation,3
FRF_c1_snap_20200818160000_EBG.jpg,297,1695,vegetation,3
FRF_c1_snap_20200818160000_EBG.jpg,211,907,vegetation,3
FRF_c1_snap_20200818160000_EBG.jpg,180,1743,vegetation,3
FRF_c1_snap_20200818160000_EBG.jpg,251,1524,vegetation,3
FRF_c1_snap_20200818160000_EBG.jpg,252,1968,vegetation,3
FRF_c1_snap_20200818160000_EBG.jpg,135,1670,vegetation,3
FRF_c1_snap_20200818160000_EBG.jpg,277,1947,vegetation,3
FRF_c1_snap_20200818160000_EBG.jpg,472,1487,vegetation,3
FRF_c1_snap_20200818160000_EBG.jpg,117,1382,vegetation,3
FRF_c1_snap_20200818160000_EBG.jpg,144,1242,vegetation,3
FRF_c1_snap_20200818160000_EBG.jpg,41,1289,vegetation,3
FRF_c1_snap_20200818160000_EBG.jpg,76,863,vegetation,3
FRF_c1_snap_20200818160000_EBG.jpg,1740,1639,heavies,4
FRF_c1_snap_20200818160000_EBG.jpg,1620,1742,heavies,4
FRF_c1_snap_20200818160000_EBG.jpg,1166,923,heavies,4
FRF_c1_snap_20200818160000_EBG.jpg,1944,1683,heavies,4
FRF_c1_snap_20200818160000_EBG.jpg,1821,1868,heavies,4
FRF_c1_snap_20200818160000_EBG.jpg,1215,964,heavies,4
FRF_c1_snap_20200818160000_EBG.jpg,1425,1262,heavies,4
FRF_c1_snap_20200818160000_EBG.jpg,1327,1064,heavies,4
FRF_c1_snap_20200818160000_EBG.jpg,1247,1005,heavies,4
FRF_c1_snap_20200818160000_EBG.jpg,1738,1529,heavies,4
FRF_c1_snap_20200818160000_EBG.jpg,1969,1969,heavies,4
FRF_c1_snap_20200818160000_EBG.jpg,1531,1465,heavies,4
FRF_c1_snap_20200818160000_EBG.jpg,1495,1289,heavies,4
FRF_c1_snap_20200818160000_EBG.jpg,1641,1735,heavies,4
FRF_c1_snap_20200818160000_EBG.jpg,1338,1268,heavies,4
FRF_c1_snap_20200818160000_EBG.jpg,1136,926,heavies,4
FRF_c1_snap_20200818160000_EBG.jpg,1380,1264,heavies,4
FRF_c1_snap_20200818160000_EBG.jpg,1947,1856,heavies,4
FRF_c1_snap_20200818160000_EBG.jpg,1817,1888,heavies,4
FRF_c1_snap_20200818160000_EBG.jpg,1439,1196,heavies,4
FRF_c1_snap_20200818160000_EBG.jpg,1228,1015,heavies,4
FRF_c1_snap_20200818160000_EBG.jpg,1989,1935,heavies,4
FRF_c1_snap_20200818160000_EBG.jpg,1240,982,heavies,4
FRF_c1_snap_20200818160000_EBG.jpg,2002,1980,heavies,4
FRF_c1_snap_20200818160000_EBG.jpg,1339,1161,heavies,4
FRF_c1_snap_20200818160000_EBG.jpg,1384,1206,heavies,4
FRF_c1_snap_20200818160000_EBG.jpg,1892,1671,heavies,4
FRF_c1_snap_20200818160000_EBG.jpg,1475,1233,heavies,4
FRF_c1_snap_20200818160000_EBG.jpg,1264,995,heavies,4
FRF_c1_snap_20200818160000_EBG.jpg,1571,1405,heavies,4
FRF_c1_snap_20200818160000_EBG.jpg,1310,1499,heavies,4
FRF_c1_snap_20200818160000_EBG.jpg,1375,1274,heavies,4
FRF_c1_snap_20200818160000_EBG.jpg,1882,1706,heavies,4
FRF_c1_snap_20200818160000_EBG.jpg,1805,1861,heavies,4
FRF_c1_snap_20200818160000_EBG.jpg,1297,1128,heavies,4
FRF_c1_snap_20200818160000_EBG.jpg,1448,1321,heavies,4
FRF_c1_snap_20200818160000_EBG.jpg,1465,1352,heavies,4
FRF_c1_snap_20200818160000_EBG.jpg,1855,1616,heavies,4
FRF_c1_snap_20200818160000_EBG.jpg,1299,1033,heavies,4
FRF_c1_snap_20200818160000_EBG.jpg,1482,1385,heavies,4
FRF_c1_snap_20200818160000_EBG.jpg,1554,1387,heavies,4
FRF_c1_snap_20200818160000_EBG.jpg,1378,1198,heavies,4
FRF_c1_snap_20200818160000_EBG.jpg,1668,1486,heavies,4
FRF_c1_snap_20200818160000_EBG.jpg,1456,1245,heavies,4
FRF_c1_snap_20200818160000_EBG.jpg,1301,1100,heavies,4
FRF_c1_snap_20200818160000_EBG.jpg,1445,1539,heavies,4
FRF_c1_snap_20200818160000_EBG.jpg,1953,1907,heavies,4
FRF_c1_snap_20200818160000_EBG.jpg,1324,1076,heavies,4
FRF_c1_snap_20200818160000_EBG.jpg,1934,1874,heavies,4
FRF_c1_snap_20200818160000_EBG.jpg,1674,1535,heavies,4
FRF_c1_snap_20200818160000_EBG.jpg,1650,1588,heavies,4
FRF_c1_snap_20200818160000_EBG.jpg,1127,905,heavies,4
FRF_c1_snap_20200818160000_EBG.jpg,1933,1872,heavies,4
FRF_c1_snap_20200818160000_EBG.jpg,1340,1283,heavies,4
FRF_c1_snap_20200818160000_EBG.jpg,1654,1486,heavies,4
FRF_c1_snap_20200818160000_EBG.jpg,1693,1587,heavies,4
FRF_c1_snap_20200818160000_EBG.jpg,1373,1190,heavies,4
FRF_c1_snap_20200818160000_EBG.jpg,1606,1341,heavies,4
FRF_c1_snap_20200818160000_EBG.jpg,1884,1715,heavies,4
FRF_c1_snap_20200818160000_EBG.jpg,1625,1697,heavies,4
FRF_c1_snap_20200818160000_EBG.jpg,1727,1580,heavies,4
FRF_c1_snap_20200818160000_EBG.jpg,1627,1718,heavies,4
FRF_c1_snap_20200818160000_EBG.jpg,1545,1325,heavies,4
FRF_c1_snap_20200818160000_EBG.jpg,1777,1533,heavies,4
FRF_c1_snap_20200818160000_EBG.jpg,1471,1294,heavies,4
FRF_c1_snap_20200818160000_EBG.jpg,1972,1724,heavies,4
FRF_c1_snap_20200818160000_EBG.jpg,1872,1649,heavies,4
FRF_c1_snap_20200818160000_EBG.jpg,1938,1712,heavies,4
FRF_c1_snap_20200818160000_EBG.jpg,1713,1627,heavies,4
FRF_c1_snap_20200818160000_EBG.jpg,1413,1225,heavies,4
FRF_c1_snap_20200818160000_EBG.jpg,1412,1241,heavies,4
FRF_c1_snap_20200818160000_EBG.jpg,1410,1502,heavies,4
FRF_c1_snap_20200818160000_EBG.jpg,1425,1324,heavies,4
FRF_c1_snap_20200818160000_EBG.jpg,1595,1354,heavies,4
FRF_c1_snap_20200818160000_EBG.jpg,1423,1306,heavies,4
FRF_c1_snap_20200818160000_EBG.jpg,1451,1351,heavies,4
FRF_c1_snap_20200818160000_EBG.jpg,1349,1298,heavies,4
FRF_c1_snap_20200818160000_EBG.jpg,1894,1904,heavies,4
FRF_c1_snap_20200818160000_EBG.jpg,1686,1542,heavies,4
FRF_c1_snap_20200818160000_EBG.jpg,1911,1890,heavies,4
FRF_c1_snap_20200818160000_EBG.jpg,1652,1047,lag,5
FRF_c1_snap_20200818160000_EBG.jpg,1573,946,lag,5
FRF_c1_snap_20200818160000_EBG.jpg,1774,1127,lag,5
FRF_c1_snap_20200818160000_EBG.jpg,1613,1053,lag,5
FRF_c1_snap_20200818160000_EBG.jpg,1514,932,lag,5
FRF_c1_snap_20200818160000_EBG.jpg,2182,1486,lag,5
FRF_c1_snap_20200818160000_EBG.jpg,1740,1143,lag,5
FRF_c1_snap_20200818160000_EBG.jpg,1566,937,lag,5
FRF_c1_snap_20200818160000_EBG.jpg,1603,1056,lag,5
FRF_c1_snap_20200818160000_EBG.jpg,1544,986,lag,5
FRF_c1_snap_20200818160000_EBG.jpg,2404,1595,lag,5
FRF_c1_snap_20200818160000_EBG.jpg,1381,822,lag,5
FRF_c1_snap_20200818160000_EBG.jpg,2310,1567,lag,5
FRF_c1_snap_20200818160000_EBG.jpg,1601,985,lag,5
FRF_c1_snap_20200818160000_EBG.jpg,1811,1191,lag,5
FRF_c1_snap_20200818160000_EBG.jpg,1765,1177,lag,5
FRF_c1_snap_20200818160000_EBG.jpg,2358,1509,lag,5
FRF_c1_snap_20200818160000_EBG.jpg,1682,1105,lag,5
FRF_c1_snap_20200818160000_EBG.jpg,2290,1550,lag,5
FRF_c1_snap_20200818160000_EBG.jpg,2408,1642,lag,5
FRF_c1_snap_20200818160000_EBG.jpg,1682,1072,lag,5
FRF_c1_snap_20200818160000_EBG.jpg,1550,974,lag,5
FRF_c1_snap_20200818160000_EBG.jpg,1588,1043,lag,5
FRF_c1_snap_20200818160000_EBG.jpg,2168,1497,lag,5
FRF_c1_snap_20200818160000_EBG.jpg,1408,901,lag,5
FRF_c1_snap_20200818160000_EBG.jpg,1612,1021,lag,5
FRF_c1_snap_20200818160000_EBG.jpg,1754,1184,lag,5
FRF_c1_snap_20200818160000_EBG.jpg,1372,812,lag,5
FRF_c1_snap_20200818160000_EBG.jpg,1909,1283,lag,5
FRF_c1_snap_20200818160000_EBG.jpg,2217,1514,lag,5
FRF_c1_snap_20200818160000_EBG.jpg,1533,933,lag,5
FRF_c1_snap_20200818160000_EBG.jpg,2343,1617,lag,5
FRF_c1_snap_20200818160000_EBG.jpg,1810,1191,lag,5
FRF_c1_snap_20200818160000_EBG.jpg,1383,824,lag,5
FRF_c1_snap_20200818160000_EBG.jpg,1557,970,lag,5
FRF_c1_snap_20200818160000_EBG.jpg,2164,1458,lag,5
FRF_c1_snap_20200818160000_EBG.jpg,1879,1294,lag,5
FRF_c1_snap_20200818160000_EBG.jpg,2202,1496,lag,5
FRF_c1_snap_20200818160000_EBG.jpg,1310,750,lag,5
FRF_c1_snap_20200818160000_EBG.jpg,1306,756,lag,5
FRF_c1_snap_20200818160000_EBG.jpg,1608,1068,lag,5
FRF_c1_snap_20200818160000_EBG.jpg,1936,1329,lag,5
FRF_c1_snap_20200818160000_EBG.jpg,1716,1136,lag,5
FRF_c1_snap_20200818160000_EBG.jpg,2055,1374,lag,5
FRF_c1_snap_20200818160000_EBG.jpg,1872,1298,lag,5
FRF_c1_snap_20200818160000_EBG.jpg,2353,1641,lag,5
FRF_c1_snap_20200818160000_EBG.jpg,1836,1201,lag,5
FRF_c1_snap_20200818160000_EBG.jpg,2399,1667,lag,5
FRF_c1_snap_20200818160000_EBG.jpg,1657,1056,lag,5
FRF_c1_snap_20200818160000_EBG.jpg,2248,1542,lag,5
FRF_c1_snap_20200818160000_EBG.jpg,2403,1671,lag,5
FRF_c1_snap_20200818160000_EBG.jpg,1919,1349,lag,5
FRF_c1_snap_20200818160000_EBG.jpg,2055,1395,lag,5
FRF_c1_snap_20200818160000_EBG.jpg,2348,1523,lag,5
FRF_c1_snap_20200818160000_EBG.jpg,2328,1532,lag,5
FRF_c1_snap_20200818160000_EBG.jpg,2140,1482,lag,5
FRF_c1_snap_20200818160000_EBG.jpg,2206,1544,lag,5
FRF_c1_snap_20200818160000_EBG.jpg,1481,903,lag,5
FRF_c1_snap_20200818160000_EBG.jpg,1842,1210,lag,5
FRF_c1_snap_20200818160000_EBG.jpg,2096,1403,lag,5
FRF_c1_snap_20200818160000_EBG.jpg,1698,1108,lag,5
FRF_c1_snap_20200818160000_EBG.jpg,2178,1469,lag,5
FRF_c1_snap_20200818160000_EBG.jpg,1815,1165,lag,5
FRF_c1_snap_20200818160000_EBG.jpg,2389,1544,lag,5
FRF_c1_snap_20200818160000_EBG.jpg,1505,935,lag,5
FRF_c1_snap_20200818160000_EBG.jpg,1647,1043,lag,5
FRF_c1_snap_20200818160000_EBG.jpg,1421,853,lag,5
FRF_c1_snap_20200818160000_EBG.jpg,1507,929,lag,5
FRF_c1_snap_20200818160000_EBG.jpg,1666,1067,lag,5
FRF_c1_snap_20200818160000_EBG.jpg,1957,1324,lag,5
FRF_c1_snap_20200818160000_EBG.jpg,1404,815,lag,5
FRF_c1_snap_20200818160000_EBG.jpg,1677,1074,lag,5
FRF_c1_snap_20200818160000_EBG.jpg,1813,1187,lag,5
FRF_c1_snap_20200818160000_EBG.jpg,1458,916,lag,5
FRF_c1_snap_20200818160000_EBG.jpg,2328,1551,lag,5
FRF_c1_snap_20200818160000_EBG.jpg,2134,1491,lag,5
FRF_c1_snap_20200818160000_EBG.jpg,1383,804,lag,5
FRF_c1_snap_20200818160000_EBG.jpg,1737,1205,lag,5
FRF_c1_snap_20200818160000_EBG.jpg,2192,1526,lag,5
FRF_c1_snap_20200818160000_EBG.jpg,1742,1110,lag,5
FRF_c1_snap_20200914160000_EBG.jpg,1330,616,background,0
FRF_c1_snap_20200914160000_EBG.jpg,1594,834,background,0
FRF_c1_snap_20200914160000_EBG.jpg,2032,833,background,0
FRF_c1_snap_20200914160000_EBG.jpg,2297,968,background,0
FRF_c1_snap_20200914160000_EBG.jpg,2409,1135,background,0
FRF_c1_snap_20200914160000_EBG.jpg,2235,1091,background,0
FRF_c1_snap_20200914160000_EBG.jpg,2155,1027,background,0
FRF_c1_snap_20200914160000_EBG.jpg,990,565,background,0
FRF_c1_snap_20200914160000_EBG.jpg,2003,983,background,0
FRF_c1_snap_20200914160000_EBG.jpg,2233,966,background,0
FRF_c1_snap_20200914160000_EBG.jpg,1644,881,background,0
FRF_c1_snap_20200914160000_EBG.jpg,2259,901,background,0
FRF_c1_snap_20200914160000_EBG.jpg,1592,860,background,0
FRF_c1_snap_20200914160000_EBG.jpg,2302,1509,background,0
FRF_c1_snap_20200914160000_EBG.jpg,1301,644,background,0
FRF_c1_snap_20200914160000_EBG.jpg,1313,776,background,0
FRF_c1_snap_20200914160000_EBG.jpg,1967,974,background,0
FRF_c1_snap_20200914160000_EBG.jpg,2196,1246,background,0
FRF_c1_snap_20200914160000_EBG.jpg,1197,723,background,0
FRF_c1_snap_20200914160000_EBG.jpg,2269,1170,background,0
FRF_c1_snap_20200914160000_EBG.jpg,1436,596,background,0
FRF_c1_snap_20200914160000_EBG.jpg,2287,1171,background,0
FRF_c1_snap_20200914160000_EBG.jpg,2138,1175,background,0
FRF_c1_snap_20200914160000_EBG.jpg,1358,568,background,0
FRF_c1_snap_20200914160000_EBG.jpg,2367,1104,background,0
FRF_c1_snap_20200914160000_EBG.jpg,1789,935,background,0
FRF_c1_snap_20200914160000_EBG.jpg,1872,1001,background,0
FRF_c1_snap_20200914160000_EBG.jpg,2169,1119,background,0
FRF_c1_snap_20200914160000_EBG.jpg,2034,930,background,0
FRF_c1_snap_20200914160000_EBG.jpg,1802,870,background,0
FRF_c1_snap_20200914160000_EBG.jpg,1643,763,background,0
FRF_c1_snap_20200914160000_EBG.jpg,1906,862,background,0
FRF_c1_snap_20200914160000_EBG.jpg,1372,538,background,0
FRF_c1_snap_20200914160000_EBG.jpg,1981,847,background,0
FRF_c1_snap_20200914160000_EBG.jpg,1012,562,background,0
FRF_c1_snap_20200914160000_EBG.jpg,1672,647,background,0
FRF_c1_snap_20200914160000_EBG.jpg,2065,1030,background,0
FRF_c1_snap_20200914160000_EBG.jpg,1800,716,background,0
FRF_c1_snap_20200914160000_EBG.jpg,1967,791,background,0
FRF_c1_snap_20200914160000_EBG.jpg,1261,684,background,0
FRF_c1_snap_20200914160000_EBG.jpg,114,538,background,0
FRF_c1_snap_20200914160000_EBG.jpg,309,450,background,0
FRF_c1_snap_20200914160000_EBG.jpg,362,353,background,0
FRF_c1_snap_20200914160000_EBG.jpg,251,470,background,0
FRF_c1_snap_20200914160000_EBG.jpg,299,441,background,0
FRF_c1_snap_20200914160000_EBG.jpg,253,577,background,0
FRF_c1_snap_20200914160000_EBG.jpg,269,459,background,0
FRF_c1_snap_20200914160000_EBG.jpg,371,468,background,0
FRF_c1_snap_20200914160000_EBG.jpg,84,421,background,0
FRF_c1_snap_20200914160000_EBG.jpg,363,492,background,0
FRF_c1_snap_20200914160000_EBG.jpg,381,454,background,0
FRF_c1_snap_20200914160000_EBG.jpg,345,617,background,0
FRF_c1_snap_20200914160000_EBG.jpg,45,506,background,0
FRF_c1_snap_20200914160000_EBG.jpg,105,334,background,0
FRF_c1_snap_20200914160000_EBG.jpg,450,433,background,0
FRF_c1_snap_20200914160000_EBG.jpg,88,538,background,0
FRF_c1_snap_20200914160000_EBG.jpg,117,280,background,0
FRF_c1_snap_20200914160000_EBG.jpg,27,449,background,0
FRF_c1_snap_20200914160000_EBG.jpg,20,269,background,0
FRF_c1_snap_20200914160000_EBG.jpg,518,611,background,0
FRF_c1_snap_20200914160000_EBG.jpg,429,503,background,0
FRF_c1_snap_20200914160000_EBG.jpg,140,476,background,0
FRF_c1_snap_20200914160000_EBG.jpg,476,539,background,0
FRF_c1_snap_20200914160000_EBG.jpg,72,612,background,0
FRF_c1_snap_20200914160000_EBG.jpg,276,347,background,0
FRF_c1_snap_20200914160000_EBG.jpg,88,454,background,0
FRF_c1_snap_20200914160000_EBG.jpg,368,538,background,0
FRF_c1_snap_20200914160000_EBG.jpg,31,306,background,0
FRF_c1_snap_20200914160000_EBG.jpg,212,300,background,0
FRF_c1_snap_20200914160000_EBG.jpg,282,629,background,0
FRF_c1_snap_20200914160000_EBG.jpg,333,611,background,0
FRF_c1_snap_20200914160000_EBG.jpg,300,471,background,0
FRF_c1_snap_20200914160000_EBG.jpg,351,531,background,0
FRF_c1_snap_20200914160000_EBG.jpg,77,524,background,0
FRF_c1_snap_20200914160000_EBG.jpg,233,464,background,0
FRF_c1_snap_20200914160000_EBG.jpg,51,349,background,0
FRF_c1_snap_20200914160000_EBG.jpg,493,535,background,0
FRF_c1_snap_20200914160000_EBG.jpg,309,479,background,0
FRF_c1_snap_20200914160000_EBG.jpg,538,626,background,0
FRF_c1_snap_20200914160000_EBG.jpg,262,346,background,0
FRF_c1_snap_20200914160000_EBG.jpg,2244,1359,wetsand,1
FRF_c1_snap_20200914160000_EBG.jpg,2319,1331,wetsand,1
FRF_c1_snap_20200914160000_EBG.jpg,1984,1373,wetsand,1
FRF_c1_snap_20200914160000_EBG.jpg,1961,1187,wetsand,1
FRF_c1_snap_20200914160000_EBG.jpg,1796,1194,wetsand,1
FRF_c1_snap_20200914160000_EBG.jpg,2277,1563,wetsand,1
FRF_c1_snap_20200914160000_EBG.jpg,1668,909,wetsand,1
FRF_c1_snap_20200914160000_EBG.jpg,2083,1495,wetsand,1
FRF_c1_snap_20200914160000_EBG.jpg,1467,926,wetsand,1
FRF_c1_snap_20200914160000_EBG.jpg,1675,911,wetsand,1
FRF_c1_snap_20200914160000_EBG.jpg,1715,1094,wetsand,1
FRF_c1_snap_20200914160000_EBG.jpg,1877,1363,wetsand,1
FRF_c1_snap_20200914160000_EBG.jpg,1664,944,wetsand,1
FRF_c1_snap_20200914160000_EBG.jpg,2096,1279,wetsand,1
FRF_c1_snap_20200914160000_EBG.jpg,1974,1353,wetsand,1
FRF_c1_snap_20200914160000_EBG.jpg,2014,1190,wetsand,1
FRF_c1_snap_20200914160000_EBG.jpg,1856,1228,wetsand,1
FRF_c1_snap_20200914160000_EBG.jpg,1972,1225,wetsand,1
FRF_c1_snap_20200914160000_EBG.jpg,1819,1024,wetsand,1
FRF_c1_snap_20200914160000_EBG.jpg,2337,1690,wetsand,1
FRF_c1_snap_20200914160000_EBG.jpg,1785,1073,wetsand,1
FRF_c1_snap_20200914160000_EBG.jpg,1833,1192,wetsand,1
FRF_c1_snap_20200914160000_EBG.jpg,2402,1654,wetsand,1
FRF_c1_snap_20200914160000_EBG.jpg,1982,1218,wetsand,1
FRF_c1_snap_20200914160000_EBG.jpg,2288,1655,wetsand,1
FRF_c1_snap_20200914160000_EBG.jpg,1904,1313,wetsand,1
FRF_c1_snap_20200914160000_EBG.jpg,1580,1038,wetsand,1
FRF_c1_snap_20200914160000_EBG.jpg,1928,1287,wetsand,1
FRF_c1_snap_20200914160000_EBG.jpg,2199,1515,wetsand,1
FRF_c1_snap_20200914160000_EBG.jpg,1900,1151,wetsand,1
FRF_c1_snap_20200914160000_EBG.jpg,1938,1290,wetsand,1
FRF_c1_snap_20200914160000_EBG.jpg,1846,1243,wetsand,1
FRF_c1_snap_20200914160000_EBG.jpg,1569,950,wetsand,1
FRF_c1_snap_20200914160000_EBG.jpg,1443,866,wetsand,1
FRF_c1_snap_20200914160000_EBG.jpg,2256,1489,wetsand,1
FRF_c1_snap_20200914160000_EBG.jpg,1872,1294,wetsand,1
FRF_c1_snap_20200914160000_EBG.jpg,1895,1273,wetsand,1
FRF_c1_snap_20200914160000_EBG.jpg,1840,1106,wetsand,1
FRF_c1_snap_20200914160000_EBG.jpg,1337,813,wetsand,1
FRF_c1_snap_20200914160000_EBG.jpg,1830,1260,wetsand,1
FRF_c1_snap_20200914160000_EBG.jpg,2322,1591,wetsand,1
FRF_c1_snap_20200914160000_EBG.jpg,1980,1320,wetsand,1
FRF_c1_snap_20200914160000_EBG.jpg,2412,1417,wetsand,1
FRF_c1_snap_20200914160000_EBG.jpg,1720,1113,wetsand,1
FRF_c1_snap_20200914160000_EBG.jpg,1402,839,wetsand,1
FRF_c1_snap_20200914160000_EBG.jpg,2288,1473,wetsand,1
FRF_c1_snap_20200914160000_EBG.jpg,1883,1261,wetsand,1
FRF_c1_snap_20200914160000_EBG.jpg,1858,1215,wetsand,1
FRF_c1_snap_20200914160000_EBG.jpg,2149,1437,wetsand,1
FRF_c1_snap_20200914160000_EBG.jpg,1827,1181,wetsand,1
FRF_c1_snap_20200914160000_EBG.jpg,1814,1199,wetsand,1
FRF_c1_snap_20200914160000_EBG.jpg,2341,1469,wetsand,1
FRF_c1_snap_20200914160000_EBG.jpg,1963,1219,wetsand,1
FRF_c1_snap_20200914160000_EBG.jpg,2240,1398,wetsand,1
FRF_c1_snap_20200914160000_EBG.jpg,1766,1123,wetsand,1
FRF_c1_snap_20200914160000_EBG.jpg,2387,1575,wetsand,1
FRF_c1_snap_20200914160000_EBG.jpg,1616,965,wetsand,1
FRF_c1_snap_20200914160000_EBG.jpg,2352,1357,wetsand,1
FRF_c1_snap_20200914160000_EBG.jpg,2232,1318,wetsand,1
FRF_c1_snap_20200914160000_EBG.jpg,1453,892,wetsand,1
FRF_c1_snap_20200914160000_EBG.jpg,2172,1409,wetsand,1
FRF_c1_snap_20200914160000_EBG.jpg,2194,1388,wetsand,1
FRF_c1_snap_20200914160000_EBG.jpg,1749,1124,wetsand,1
FRF_c1_snap_20200914160000_EBG.jpg,2177,1589,wetsand,1
FRF_c1_snap_20200914160000_EBG.jpg,1998,1304,wetsand,1
FRF_c1_snap_20200914160000_EBG.jpg,1684,938,wetsand,1
FRF_c1_snap_20200914160000_EBG.jpg,2233,1525,wetsand,1
FRF_c1_snap_20200914160000_EBG.jpg,2321,1571,wetsand,1
FRF_c1_snap_20200914160000_EBG.jpg,1695,1099,wetsand,1
FRF_c1_snap_20200914160000_EBG.jpg,1473,884,wetsand,1
FRF_c1_snap_20200914160000_EBG.jpg,2194,1506,wetsand,1
FRF_c1_snap_20200914160000_EBG.jpg,2172,1351,wetsand,1
FRF_c1_snap_20200914160000_EBG.jpg,2319,1516,wetsand,1
FRF_c1_snap_20200914160000_EBG.jpg,2387,1670,wetsand,1
FRF_c1_snap_20200914160000_EBG.jpg,1742,943,wetsand,1
FRF_c1_snap_20200914160000_EBG.jpg,2161,1589,wetsand,1
FRF_c1_snap_20200914160000_EBG.jpg,2149,1369,wetsand,1
FRF_c1_snap_20200914160000_EBG.jpg,1728,1096,wetsand,1
FRF_c1_snap_20200914160000_EBG.jpg,1482,856,wetsand,1
FRF_c1_snap_20200914160000_EBG.jpg,1647,953,wetsand,1
FRF_c1_snap_20200914160000_EBG.jpg,1360,1724,drysand,2
FRF_c1_snap_20200914160000_EBG.jpg,1898,1829,drysand,2
FRF_c1_snap_20200914160000_EBG.jpg,1259,1739,drysand,2
FRF_c1_snap_20200914160000_EBG.jpg,1137,869,drysand,2
FRF_c1_snap_20200914160000_EBG.jpg,1951,1860,drysand,2
FRF_c1_snap_20200914160000_EBG.jpg,1668,1287,drysand,2
FRF_c1_snap_20200914160000_EBG.jpg,861,783,drysand,2
FRF_c1_snap_20200914160000_EBG.jpg,1439,1122,drysand,2
FRF_c1_snap_20200914160000_EBG.jpg,1525,1051,drysand,2
FRF_c1_snap_20200914160000_EBG.jpg,1810,1416,drysand,2
FRF_c1_snap_20200914160000_EBG.jpg,1839,1473,drysand,2
FRF_c1_snap_20200914160000_EBG.jpg,1479,1605,drysand,2
FRF_c1_snap_20200914160000_EBG.jpg,2062,1776,drysand,2
FRF_c1_snap_20200914160000_EBG.jpg,1583,1642,drysand,2
FRF_c1_snap_20200914160000_EBG.jpg,1828,1403,drysand,2
FRF_c1_snap_20200914160000_EBG.jpg,1570,1308,drysand,2
FRF_c1_snap_20200914160000_EBG.jpg,1482,1078,drysand,2
FRF_c1_snap_20200914160000_EBG.jpg,1657,1359,drysand,2
FRF_c1_snap_20200914160000_EBG.jpg,1246,1721,drysand,2
FRF_c1_snap_20200914160000_EBG.jpg,1312,903,drysand,2
FRF_c1_snap_20200914160000_EBG.jpg,1656,1381,drysand,2
FRF_c1_snap_20200914160000_EBG.jpg,1607,1957,drysand,2
FRF_c1_snap_20200914160000_EBG.jpg,1123,1358,drysand,2
FRF_c1_snap_20200914160000_EBG.jpg,1949,1623,drysand,2
FRF_c1_snap_20200914160000_EBG.jpg,1128,1510,drysand,2
FRF_c1_snap_20200914160000_EBG.jpg,2023,1709,drysand,2
FRF_c1_snap_20200914160000_EBG.jpg,2204,1803,drysand,2
FRF_c1_snap_20200914160000_EBG.jpg,1377,1806,drysand,2
FRF_c1_snap_20200914160000_EBG.jpg,2096,1621,drysand,2
FRF_c1_snap_20200914160000_EBG.jpg,2202,1978,drysand,2
FRF_c1_snap_20200914160000_EBG.jpg,1760,1358,drysand,2
FRF_c1_snap_20200914160000_EBG.jpg,1500,1160,drysand,2
FRF_c1_snap_20200914160000_EBG.jpg,2025,1743,drysand,2
FRF_c1_snap_20200914160000_EBG.jpg,1072,1323,drysand,2
FRF_c1_snap_20200914160000_EBG.jpg,1084,759,drysand,2
FRF_c1_snap_20200914160000_EBG.jpg,1896,1475,drysand,2
FRF_c1_snap_20200914160000_EBG.jpg,1710,1303,drysand,2
FRF_c1_snap_20200914160000_EBG.jpg,1767,1320,drysand,2
FRF_c1_snap_20200914160000_EBG.jpg,1442,1967,drysand,2
FRF_c1_snap_20200914160000_EBG.jpg,1473,1603,drysand,2
FRF_c1_snap_20200914160000_EBG.jpg,1956,1931,drysand,2
FRF_c1_snap_20200914160000_EBG.jpg,1987,1584,drysand,2
FRF_c1_snap_20200914160000_EBG.jpg,980,1081,drysand,2
FRF_c1_snap_20200914160000_EBG.jpg,1196,808,drysand,2
FRF_c1_snap_20200914160000_EBG.jpg,2039,1756,drysand,2
FRF_c1_snap_20200914160000_EBG.jpg,878,628,drysand,2
FRF_c1_snap_20200914160000_EBG.jpg,810,1569,drysand,2
FRF_c1_snap_20200914160000_EBG.jpg,1361,1013,drysand,2
FRF_c1_snap_20200914160000_EBG.jpg,1675,1283,drysand,2
FRF_c1_snap_20200914160000_EBG.jpg,1605,1875,drysand,2
FRF_c1_snap_20200914160000_EBG.jpg,1489,1589,drysand,2
FRF_c1_snap_20200914160000_EBG.jpg,1997,1605,drysand,2
FRF_c1_snap_20200914160000_EBG.jpg,929,654,drysand,2
FRF_c1_snap_20200914160000_EBG.jpg,1079,1036,drysand,2
FRF_c1_snap_20200914160000_EBG.jpg,1039,713,drysand,2
FRF_c1_snap_20200914160000_EBG.jpg,1444,1041,drysand,2
FRF_c1_snap_20200914160000_EBG.jpg,882,797,drysand,2
FRF_c1_snap_20200914160000_EBG.jpg,2181,1652,drysand,2
FRF_c1_snap_20200914160000_EBG.jpg,926,853,drysand,2
FRF_c1_snap_20200914160000_EBG.jpg,795,593,drysand,2
FRF_c1_snap_20200914160000_EBG.jpg,1067,1293,drysand,2
FRF_c1_snap_20200914160000_EBG.jpg,1580,1126,drysand,2
FRF_c1_snap_20200914160000_EBG.jpg,2152,1703,drysand,2
FRF_c1_snap_20200914160000_EBG.jpg,2309,1884,drysand,2
FRF_c1_snap_20200914160000_EBG.jpg,1393,972,drysand,2
FRF_c1_snap_20200914160000_EBG.jpg,1356,1724,drysand,2
FRF_c1_snap_20200914160000_EBG.jpg,1469,1048,drysand,2
FRF_c1_snap_20200914160000_EBG.jpg,1124,767,drysand,2
FRF_c1_snap_20200914160000_EBG.jpg,1875,1770,drysand,2
FRF_c1_snap_20200914160000_EBG.jpg,2293,1864,drysand,2
FRF_c1_snap_20200914160000_EBG.jpg,1989,1582,drysand,2
FRF_c1_snap_20200914160000_EBG.jpg,1406,1588,drysand,2
FRF_c1_snap_20200914160000_EBG.jpg,2321,1973,drysand,2
FRF_c1_snap_20200914160000_EBG.jpg,1329,1774,drysand,2
FRF_c1_snap_20200914160000_EBG.jpg,1520,1135,drysand,2
FRF_c1_snap_20200914160000_EBG.jpg,1716,1394,drysand,2
FRF_c1_snap_20200914160000_EBG.jpg,1413,904,drysand,2
FRF_c1_snap_20200914160000_EBG.jpg,1985,1524,drysand,2
FRF_c1_snap_20200914160000_EBG.jpg,1348,940,drysand,2
FRF_c1_snap_20200914160000_EBG.jpg,2133,1731,drysand,2
FRF_c1_snap_20200914160000_EBG.jpg,1269,1557,vegetation,3
FRF_c1_snap_20200914160000_EBG.jpg,1180,1686,vegetation,3
FRF_c1_snap_20200914160000_EBG.jpg,863,1376,vegetation,3
FRF_c1_snap_20200914160000_EBG.jpg,764,1334,vegetation,3
FRF_c1_snap_20200914160000_EBG.jpg,850,857,vegetation,3
FRF_c1_snap_20200914160000_EBG.jpg,1071,1914,vegetation,3
FRF_c1_snap_20200914160000_EBG.jpg,1263,1869,vegetation,3
FRF_c1_snap_20200914160000_EBG.jpg,918,1824,vegetation,3
FRF_c1_snap_20200914160000_EBG.jpg,1180,1741,vegetation,3
FRF_c1_snap_20200914160000_EBG.jpg,1151,1852,vegetation,3
FRF_c1_snap_20200914160000_EBG.jpg,1496,1748,vegetation,3
FRF_c1_snap_20200914160000_EBG.jpg,767,1476,vegetation,3
FRF_c1_snap_20200914160000_EBG.jpg,1099,1406,vegetation,3
FRF_c1_snap_20200914160000_EBG.jpg,587,1817,vegetation,3
FRF_c1_snap_20200914160000_EBG.jpg,1047,1780,vegetation,3
FRF_c1_snap_20200914160000_EBG.jpg,1777,1863,vegetation,3
FRF_c1_snap_20200914160000_EBG.jpg,934,1106,vegetation,3
FRF_c1_snap_20200914160000_EBG.jpg,596,1698,vegetation,3
FRF_c1_snap_20200914160000_EBG.jpg,815,928,vegetation,3
FRF_c1_snap_20200914160000_EBG.jpg,927,1285,vegetation,3
FRF_c1_snap_20200914160000_EBG.jpg,978,1825,vegetation,3
FRF_c1_snap_20200914160000_EBG.jpg,684,1494,vegetation,3
FRF_c1_snap_20200914160000_EBG.jpg,1056,1879,vegetation,3
FRF_c1_snap_20200914160000_EBG.jpg,999,1786,vegetation,3
FRF_c1_snap_20200914160000_EBG.jpg,1139,1217,vegetation,3
FRF_c1_snap_20200914160000_EBG.jpg,829,1866,vegetation,3
FRF_c1_snap_20200914160000_EBG.jpg,697,1884,vegetation,3
FRF_c1_snap_20200914160000_EBG.jpg,947,967,vegetation,3
FRF_c1_snap_20200914160000_EBG.jpg,942,929,vegetation,3
FRF_c1_snap_20200914160000_EBG.jpg,1162,1938,vegetation,3
FRF_c1_snap_20200914160000_EBG.jpg,816,1679,vegetation,3
FRF_c1_snap_20200914160000_EBG.jpg,689,1821,vegetation,3
FRF_c1_snap_20200914160000_EBG.jpg,1379,1863,vegetation,3
FRF_c1_snap_20200914160000_EBG.jpg,839,1736,vegetation,3
FRF_c1_snap_20200914160000_EBG.jpg,976,1267,vegetation,3
FRF_c1_snap_20200914160000_EBG.jpg,1183,1982,vegetation,3
FRF_c1_snap_20200914160000_EBG.jpg,1555,1753,vegetation,3
FRF_c1_snap_20200914160000_EBG.jpg,890,1666,vegetation,3
FRF_c1_snap_20200914160000_EBG.jpg,842,1694,vegetation,3
FRF_c1_snap_20200914160000_EBG.jpg,974,1822,vegetation,3
FRF_c1_snap_20200914160000_EBG.jpg,512,1881,vegetation,3
FRF_c1_snap_20200914160000_EBG.jpg,436,1261,vegetation,3
FRF_c1_snap_20200914160000_EBG.jpg,482,1212,vegetation,3
FRF_c1_snap_20200914160000_EBG.jpg,240,1167,vegetation,3
FRF_c1_snap_20200914160000_EBG.jpg,86,1116,vegetation,3
FRF_c1_snap_20200914160000_EBG.jpg,83,1951,vegetation,3
FRF_c1_snap_20200914160000_EBG.jpg,145,1140,vegetation,3
FRF_c1_snap_20200914160000_EBG.jpg,424,1709,vegetation,3
FRF_c1_snap_20200914160000_EBG.jpg,504,1449,vegetation,3
FRF_c1_snap_20200914160000_EBG.jpg,309,1642,vegetation,3
FRF_c1_snap_20200914160000_EBG.jpg,168,1652,vegetation,3
FRF_c1_snap_20200914160000_EBG.jpg,198,1164,vegetation,3
FRF_c1_snap_20200914160000_EBG.jpg,150,1405,vegetation,3
FRF_c1_snap_20200914160000_EBG.jpg,216,1641,vegetation,3
FRF_c1_snap_20200914160000_EBG.jpg,144,1799,vegetation,3
FRF_c1_snap_20200914160000_EBG.jpg,220,1007,vegetation,3
FRF_c1_snap_20200914160000_EBG.jpg,315,893,vegetation,3
FRF_c1_snap_20200914160000_EBG.jpg,200,1844,vegetation,3
FRF_c1_snap_20200914160000_EBG.jpg,140,1932,vegetation,3
FRF_c1_snap_20200914160000_EBG.jpg,457,1866,vegetation,3
FRF_c1_snap_20200914160000_EBG.jpg,158,1245,vegetation,3
FRF_c1_snap_20200914160000_EBG.jpg,506,1939,vegetation,3
FRF_c1_snap_20200914160000_EBG.jpg,532,1547,vegetation,3
FRF_c1_snap_20200914160000_EBG.jpg,92,1505,vegetation,3
FRF_c1_snap_20200914160000_EBG.jpg,345,1370,vegetation,3
FRF_c1_snap_20200914160000_EBG.jpg,520,984,vegetation,3
FRF_c1_snap_20200914160000_EBG.jpg,429,1942,vegetation,3
FRF_c1_snap_20200914160000_EBG.jpg,323,1167,vegetation,3
FRF_c1_snap_20200914160000_EBG.jpg,210,1264,vegetation,3
FRF_c1_snap_20200914160000_EBG.jpg,272,1644,vegetation,3
FRF_c1_snap_20200914160000_EBG.jpg,459,1236,vegetation,3
FRF_c1_snap_20200914160000_EBG.jpg,390,1710,vegetation,3
FRF_c1_snap_20200914160000_EBG.jpg,316,1636,vegetation,3
FRF_c1_snap_20200914160000_EBG.jpg,360,1044,vegetation,3
FRF_c1_snap_20200914160000_EBG.jpg,312,1506,vegetation,3
FRF_c1_snap_20200914160000_EBG.jpg,455,1313,vegetation,3
FRF_c1_snap_20200914160000_EBG.jpg,182,1783,vegetation,3
FRF_c1_snap_20200914160000_EBG.jpg,385,1959,vegetation,3
FRF_c1_snap_20200914160000_EBG.jpg,201,1837,vegetation,3
FRF_c1_snap_20200914160000_EBG.jpg,400,1451,vegetation,3
FRF_c1_snap_20200914160000_EBG.jpg,1314,1118,heavies,4
FRF_c1_snap_20200914160000_EBG.jpg,1494,1359,heavies,4
FRF_c1_snap_20200914160000_EBG.jpg,1699,1690,heavies,4
FRF_c1_snap_20200914160000_EBG.jpg,948,756,heavies,4
FRF_c1_snap_20200914160000_EBG.jpg,1265,1090,heavies,4
FRF_c1_snap_20200914160000_EBG.jpg,985,870,heavies,4
FRF_c1_snap_20200914160000_EBG.jpg,1570,1578,heavies,4
FRF_c1_snap_20200914160000_EBG.jpg,1500,1372,heavies,4
FRF_c1_snap_20200914160000_EBG.jpg,1557,1348,heavies,4
FRF_c1_snap_20200914160000_EBG.jpg,1601,1584,heavies,4
FRF_c1_snap_20200914160000_EBG.jpg,1659,1733,heavies,4
FRF_c1_snap_20200914160000_EBG.jpg,1323,1227,heavies,4
FRF_c1_snap_20200914160000_EBG.jpg,818,579,heavies,4
FRF_c1_snap_20200914160000_EBG.jpg,1510,1418,heavies,4
FRF_c1_snap_20200914160000_EBG.jpg,1238,1000,heavies,4
FRF_c1_snap_20200914160000_EBG.jpg,1709,1670,heavies,4
FRF_c1_snap_20200914160000_EBG.jpg,1896,1944,heavies,4
FRF_c1_snap_20200914160000_EBG.jpg,1387,1098,heavies,4
FRF_c1_snap_20200914160000_EBG.jpg,1411,1444,heavies,4
FRF_c1_snap_20200914160000_EBG.jpg,1386,1371,heavies,4
FRF_c1_snap_20200914160000_EBG.jpg,1487,1420,heavies,4
FRF_c1_snap_20200914160000_EBG.jpg,2127,1599,heavies,4
FRF_c1_snap_20200914160000_EBG.jpg,1784,1819,heavies,4
FRF_c1_snap_20200914160000_EBG.jpg,1545,1291,heavies,4
FRF_c1_snap_20200914160000_EBG.jpg,1774,1787,heavies,4
FRF_c1_snap_20200914160000_EBG.jpg,2132,1844,heavies,4
FRF_c1_snap_20200914160000_EBG.jpg,851,559,heavies,4
FRF_c1_snap_20200914160000_EBG.jpg,1618,1694,heavies,4
FRF_c1_snap_20200914160000_EBG.jpg,1383,1080,heavies,4
FRF_c1_snap_20200914160000_EBG.jpg,1844,1641,heavies,4
FRF_c1_snap_20200914160000_EBG.jpg,1388,1445,heavies,4
FRF_c1_snap_20200914160000_EBG.jpg,1734,1570,heavies,4
FRF_c1_snap_20200914160000_EBG.jpg,1682,1786,heavies,4
FRF_c1_snap_20200914160000_EBG.jpg,850,580,heavies,4
FRF_c1_snap_20200914160000_EBG.jpg,1572,1401,heavies,4
FRF_c1_snap_20200914160000_EBG.jpg,1340,1093,heavies,4
FRF_c1_snap_20200914160000_EBG.jpg,895,763,heavies,4
FRF_c1_snap_20200914160000_EBG.jpg,1494,1232,heavies,4
FRF_c1_snap_20200914160000_EBG.jpg,996,788,heavies,4
FRF_c1_snap_20200914160000_EBG.jpg,1613,1365,heavies,4
FRF_c1_snap_20200914160000_EBG.jpg,1557,1437,heavies,4
FRF_c1_snap_20200914160000_EBG.jpg,1071,910,heavies,4
FRF_c1_snap_20200914160000_EBG.jpg,1732,1603,heavies,4
FRF_c1_snap_20200914160000_EBG.jpg,852,569,heavies,4
FRF_c1_snap_20200914160000_EBG.jpg,1721,1654,heavies,4
FRF_c1_snap_20200914160000_EBG.jpg,1573,1584,heavies,4
FRF_c1_snap_20200914160000_EBG.jpg,1715,1555,heavies,4
FRF_c1_snap_20200914160000_EBG.jpg,1378,1359,heavies,4
FRF_c1_snap_20200914160000_EBG.jpg,934,812,heavies,4
FRF_c1_snap_20200914160000_EBG.jpg,1984,1932,heavies,4
FRF_c1_snap_20200914160000_EBG.jpg,1118,1006,heavies,4
FRF_c1_snap_20200914160000_EBG.jpg,1418,1236,heavies,4
FRF_c1_snap_20200914160000_EBG.jpg,1337,1351,heavies,4
FRF_c1_snap_20200914160000_EBG.jpg,1499,1473,heavies,4
FRF_c1_snap_20200914160000_EBG.jpg,1656,1740,heavies,4
FRF_c1_snap_20200914160000_EBG.jpg,1320,1164,heavies,4
FRF_c1_snap_20200914160000_EBG.jpg,1765,1611,heavies,4
FRF_c1_snap_20200914160000_EBG.jpg,984,757,heavies,4
FRF_c1_snap_20200914160000_EBG.jpg,921,689,heavies,4
FRF_c1_snap_20200914160000_EBG.jpg,988,796,heavies,4
FRF_c1_snap_20200914160000_EBG.jpg,938,710,heavies,4
FRF_c1_snap_20200914160000_EBG.jpg,2013,1929,heavies,4
FRF_c1_snap_20200914160000_EBG.jpg,1032,854,heavies,4
FRF_c1_snap_20200914160000_EBG.jpg,1376,1385,heavies,4
FRF_c1_snap_20200914160000_EBG.jpg,1555,1347,heavies,4
FRF_c1_snap_20200914160000_EBG.jpg,1941,1808,heavies,4
FRF_c1_snap_20200914160000_EBG.jpg,892,688,heavies,4
FRF_c1_snap_20200914160000_EBG.jpg,1816,1879,heavies,4
FRF_c1_snap_20200914160000_EBG.jpg,1882,1973,heavies,4
FRF_c1_snap_20200914160000_EBG.jpg,1354,1356,heavies,4
FRF_c1_snap_20200914160000_EBG.jpg,987,785,heavies,4
FRF_c1_snap_20200914160000_EBG.jpg,1471,1244,heavies,4
FRF_c1_snap_20200914160000_EBG.jpg,1497,1417,heavies,4
FRF_c1_snap_20200914160000_EBG.jpg,2119,1953,heavies,4
FRF_c1_snap_20200914160000_EBG.jpg,1111,1373,heavies,4
FRF_c1_snap_20200914160000_EBG.jpg,1556,1577,heavies,4
FRF_c1_snap_20200914160000_EBG.jpg,1497,1369,heavies,4
FRF_c1_snap_20200914160000_EBG.jpg,1864,1635,heavies,4
FRF_c1_snap_20200914160000_EBG.jpg,1245,1241,heavies,4
FRF_c1_snap_20200914160000_EBG.jpg,2012,1958,heavies,4
FRF_c1_snap_20210206160000_EBG.jpg,2200,1010,background,0
FRF_c1_snap_20210206160000_EBG.jpg,2189,1177,background,0
FRF_c1_snap_20210206160000_EBG.jpg,2243,1064,background,0
FRF_c1_snap_20210206160000_EBG.jpg,1626,919,background,0
FRF_c1_snap_20210206160000_EBG.jpg,1297,538,background,0
FRF_c1_snap_20210206160000_EBG.jpg,979,541,background,0
FRF_c1_snap_20210206160000_EBG.jpg,1632,865,background,0
FRF_c1_snap_20210206160000_EBG.jpg,1279,604,background,0
FRF_c1_snap_20210206160000_EBG.jpg,1759,846,background,0
FRF_c1_snap_20210206160000_EBG.jpg,2149,834,background,0
FRF_c1_snap_20210206160000_EBG.jpg,1440,585,background,0
FRF_c1_snap_20210206160000_EBG.jpg,2284,1112,background,0
FRF_c1_snap_20210206160000_EBG.jpg,1914,843,background,0
FRF_c1_snap_20210206160000_EBG.jpg,1851,915,background,0
FRF_c1_snap_20210206160000_EBG.jpg,2077,1017,background,0
FRF_c1_snap_20210206160000_EBG.jpg,2412,958,background,0
FRF_c1_snap_20210206160000_EBG.jpg,2392,986,background,0
FRF_c1_snap_20210206160000_EBG.jpg,2195,1073,background,0
FRF_c1_snap_20210206160000_EBG.jpg,2400,1040,background,0
FRF_c1_snap_20210206160000_EBG.jpg,965,1186,background,0
FRF_c1_snap_20210206160000_EBG.jpg,2361,1072,background,0
FRF_c1_snap_20210206160000_EBG.jpg,1304,630,background,0
FRF_c1_snap_20210206160000_EBG.jpg,1739,723,background,0
FRF_c1_snap_20210206160000_EBG.jpg,2153,1076,background,0
FRF_c1_snap_20210206160000_EBG.jpg,1643,643,background,0
FRF_c1_snap_20210206160000_EBG.jpg,1466,742,background,0
FRF_c1_snap_20210206160000_EBG.jpg,1777,847,background,0
FRF_c1_snap_20210206160000_EBG.jpg,1840,750,background,0
FRF_c1_snap_20210206160000_EBG.jpg,1465,699,background,0
FRF_c1_snap_20210206160000_EBG.jpg,1233,579,background,0
FRF_c1_snap_20210206160000_EBG.jpg,2406,1245,background,0
FRF_c1_snap_20210206160000_EBG.jpg,1659,766,background,0
FRF_c1_snap_20210206160000_EBG.jpg,2207,1055,background,0
FRF_c1_snap_20210206160000_EBG.jpg,1439,622,background,0
FRF_c1_snap_20210206160000_EBG.jpg,2021,829,background,0
FRF_c1_snap_20210206160000_EBG.jpg,1478,707,background,0
FRF_c1_snap_20210206160000_EBG.jpg,1819,884,background,0
FRF_c1_snap_20210206160000_EBG.jpg,1991,807,background,0
FRF_c1_snap_20210206160000_EBG.jpg,1730,879,background,0
FRF_c1_snap_20210206160000_EBG.jpg,1964,1124,background,0
FRF_c1_snap_20210206160000_EBG.jpg,363,517,background,0
FRF_c1_snap_20210206160000_EBG.jpg,293,543,background,0
FRF_c1_snap_20210206160000_EBG.jpg,95,644,background,0
FRF_c1_snap_20210206160000_EBG.jpg,311,429,background,0
FRF_c1_snap_20210206160000_EBG.jpg,198,342,background,0
FRF_c1_snap_20210206160000_EBG.jpg,390,447,background,0
FRF_c1_snap_20210206160000_EBG.jpg,362,469,background,0
FRF_c1_snap_20210206160000_EBG.jpg,239,601,background,0
FRF_c1_snap_20210206160000_EBG.jpg,195,522,background,0
FRF_c1_snap_20210206160000_EBG.jpg,123,557,background,0
FRF_c1_snap_20210206160000_EBG.jpg,22,668,background,0
FRF_c1_snap_20210206160000_EBG.jpg,305,608,background,0
FRF_c1_snap_20210206160000_EBG.jpg,116,411,background,0
FRF_c1_snap_20210206160000_EBG.jpg,166,616,background,0
FRF_c1_snap_20210206160000_EBG.jpg,191,516,background,0
FRF_c1_snap_20210206160000_EBG.jpg,348,394,background,0
FRF_c1_snap_20210206160000_EBG.jpg,268,586,background,0
FRF_c1_snap_20210206160000_EBG.jpg,19,601,background,0
FRF_c1_snap_20210206160000_EBG.jpg,36,591,background,0
FRF_c1_snap_20210206160000_EBG.jpg,47,523,background,0
FRF_c1_snap_20210206160000_EBG.jpg,22,566,background,0
FRF_c1_snap_20210206160000_EBG.jpg,271,294,background,0
FRF_c1_snap_20210206160000_EBG.jpg,376,382,background,0
FRF_c1_snap_20210206160000_EBG.jpg,108,628,background,0
FRF_c1_snap_20210206160000_EBG.jpg,497,502,background,0
FRF_c1_snap_20210206160000_EBG.jpg,207,653,background,0
FRF_c1_snap_20210206160000_EBG.jpg,334,514,background,0
FRF_c1_snap_20210206160000_EBG.jpg,108,401,background,0
FRF_c1_snap_20210206160000_EBG.jpg,165,547,background,0
FRF_c1_snap_20210206160000_EBG.jpg,387,470,background,0
FRF_c1_snap_20210206160000_EBG.jpg,312,631,background,0
FRF_c1_snap_20210206160000_EBG.jpg,163,438,background,0
FRF_c1_snap_20210206160000_EBG.jpg,484,597,background,0
FRF_c1_snap_20210206160000_EBG.jpg,377,526,background,0
FRF_c1_snap_20210206160000_EBG.jpg,114,655,background,0
FRF_c1_snap_20210206160000_EBG.jpg,174,561,background,0
FRF_c1_snap_20210206160000_EBG.jpg,14,284,background,0
FRF_c1_snap_20210206160000_EBG.jpg,223,430,background,0
FRF_c1_snap_20210206160000_EBG.jpg,42,295,background,0
FRF_c1_snap_20210206160000_EBG.jpg,52,348,background,0
FRF_c1_snap_20210206160000_EBG.jpg,1518,889,wetsand,1
FRF_c1_snap_20210206160000_EBG.jpg,1677,1031,wetsand,1
FRF_c1_snap_20210206160000_EBG.jpg,1713,1024,wetsand,1
FRF_c1_snap_20210206160000_EBG.jpg,1822,1090,wetsand,1
FRF_c1_snap_20210206160000_EBG.jpg,1542,911,wetsand,1
FRF_c1_snap_20210206160000_EBG.jpg,2017,1170,wetsand,1
FRF_c1_snap_20210206160000_EBG.jpg,1598,963,wetsand,1
FRF_c1_snap_20210206160000_EBG.jpg,1740,1058,wetsand,1
FRF_c1_snap_20210206160000_EBG.jpg,1811,1073,wetsand,1
FRF_c1_snap_20210206160000_EBG.jpg,1613,1003,wetsand,1
FRF_c1_snap_20210206160000_EBG.jpg,2040,1178,wetsand,1
FRF_c1_snap_20210206160000_EBG.jpg,1535,885,wetsand,1
FRF_c1_snap_20210206160000_EBG.jpg,1976,1163,wetsand,1
FRF_c1_snap_20210206160000_EBG.jpg,1527,877,wetsand,1
FRF_c1_snap_20210206160000_EBG.jpg,2107,1211,wetsand,1
FRF_c1_snap_20210206160000_EBG.jpg,2111,1213,wetsand,1
FRF_c1_snap_20210206160000_EBG.jpg,2046,1202,wetsand,1
FRF_c1_snap_20210206160000_EBG.jpg,1793,1086,wetsand,1
FRF_c1_snap_20210206160000_EBG.jpg,2019,1194,wetsand,1
FRF_c1_snap_20210206160000_EBG.jpg,1659,1020,wetsand,1
FRF_c1_snap_20210206160000_EBG.jpg,1629,985,wetsand,1
FRF_c1_snap_20210206160000_EBG.jpg,1543,917,wetsand,1
FRF_c1_snap_20210206160000_EBG.jpg,1623,977,wetsand,1
FRF_c1_snap_20210206160000_EBG.jpg,1505,886,wetsand,1
FRF_c1_snap_20210206160000_EBG.jpg,2409,1270,wetsand,1
FRF_c1_snap_20210206160000_EBG.jpg,1772,1049,wetsand,1
FRF_c1_snap_20210206160000_EBG.jpg,1649,986,wetsand,1
FRF_c1_snap_20210206160000_EBG.jpg,1651,983,wetsand,1
FRF_c1_snap_20210206160000_EBG.jpg,1783,1057,wetsand,1
FRF_c1_snap_20210206160000_EBG.jpg,1989,1181,wetsand,1
FRF_c1_snap_20210206160000_EBG.jpg,2199,1233,wetsand,1
FRF_c1_snap_20210206160000_EBG.jpg,1516,903,wetsand,1
FRF_c1_snap_20210206160000_EBG.jpg,1843,1108,wetsand,1
FRF_c1_snap_20210206160000_EBG.jpg,1851,1100,wetsand,1
FRF_c1_snap_20210206160000_EBG.jpg,1860,1115,wetsand,1
FRF_c1_snap_20210206160000_EBG.jpg,1796,1061,wetsand,1
FRF_c1_snap_20210206160000_EBG.jpg,1589,967,wetsand,1
FRF_c1_snap_20210206160000_EBG.jpg,1672,1024,wetsand,1
FRF_c1_snap_20210206160000_EBG.jpg,1668,1028,wetsand,1
FRF_c1_snap_20210206160000_EBG.jpg,1944,1159,wetsand,1
FRF_c1_snap_20210206160000_EBG.jpg,2138,1207,wetsand,1
FRF_c1_snap_20210206160000_EBG.jpg,1736,1036,wetsand,1
FRF_c1_snap_20210206160000_EBG.jpg,1891,1142,wetsand,1
FRF_c1_snap_20210206160000_EBG.jpg,1967,1160,wetsand,1
FRF_c1_snap_20210206160000_EBG.jpg,1625,974,wetsand,1
FRF_c1_snap_20210206160000_EBG.jpg,1686,1014,wetsand,1
FRF_c1_snap_20210206160000_EBG.jpg,1750,1043,wetsand,1
FRF_c1_snap_20210206160000_EBG.jpg,2177,1229,wetsand,1
FRF_c1_snap_20210206160000_EBG.jpg,1732,1051,wetsand,1
FRF_c1_snap_20210206160000_EBG.jpg,1788,1069,wetsand,1
FRF_c1_snap_20210206160000_EBG.jpg,1636,979,wetsand,1
FRF_c1_snap_20210206160000_EBG.jpg,1831,1109,wetsand,1
FRF_c1_snap_20210206160000_EBG.jpg,1722,1031,wetsand,1
FRF_c1_snap_20210206160000_EBG.jpg,1945,1157,wetsand,1
FRF_c1_snap_20210206160000_EBG.jpg,1620,964,wetsand,1
FRF_c1_snap_20210206160000_EBG.jpg,1569,952,wetsand,1
FRF_c1_snap_20210206160000_EBG.jpg,1991,1170,wetsand,1
FRF_c1_snap_20210206160000_EBG.jpg,2004,1191,wetsand,1
FRF_c1_snap_20210206160000_EBG.jpg,1942,1166,wetsand,1
FRF_c1_snap_20210206160000_EBG.jpg,1593,974,wetsand,1
FRF_c1_snap_20210206160000_EBG.jpg,2404,1264,wetsand,1
FRF_c1_snap_20210206160000_EBG.jpg,2045,1197,wetsand,1
FRF_c1_snap_20210206160000_EBG.jpg,1854,1096,wetsand,1
FRF_c1_snap_20210206160000_EBG.jpg,1841,1115,wetsand,1
FRF_c1_snap_20210206160000_EBG.jpg,1813,1095,wetsand,1
FRF_c1_snap_20210206160000_EBG.jpg,1717,1028,wetsand,1
FRF_c1_snap_20210206160000_EBG.jpg,1985,1161,wetsand,1
FRF_c1_snap_20210206160000_EBG.jpg,1931,1138,wetsand,1
FRF_c1_snap_20210206160000_EBG.jpg,1565,931,wetsand,1
FRF_c1_snap_20210206160000_EBG.jpg,1674,1023,wetsand,1
FRF_c1_snap_20210206160000_EBG.jpg,1685,999,wetsand,1
FRF_c1_snap_20210206160000_EBG.jpg,1712,1028,wetsand,1
FRF_c1_snap_20210206160000_EBG.jpg,2016,1191,wetsand,1
FRF_c1_snap_20210206160000_EBG.jpg,1840,1104,wetsand,1
FRF_c1_snap_20210206160000_EBG.jpg,1769,1048,wetsand,1
FRF_c1_snap_20210206160000_EBG.jpg,2051,1183,wetsand,1
FRF_c1_snap_20210206160000_EBG.jpg,2037,1195,wetsand,1
FRF_c1_snap_20210206160000_EBG.jpg,1948,1164,wetsand,1
FRF_c1_snap_20210206160000_EBG.jpg,1626,990,wetsand,1
FRF_c1_snap_20210206160000_EBG.jpg,2171,1219,wetsand,1
FRF_c1_snap_20210206160000_EBG.jpg,1521,1178,drysand,2
FRF_c1_snap_20210206160000_EBG.jpg,1551,1053,drysand,2
FRF_c1_snap_20210206160000_EBG.jpg,1044,1614,drysand,2
FRF_c1_snap_20210206160000_EBG.jpg,1112,889,drysand,2
FRF_c1_snap_20210206160000_EBG.jpg,1080,993,drysand,2
FRF_c1_snap_20210206160000_EBG.jpg,1515,997,drysand,2
FRF_c1_snap_20210206160000_EBG.jpg,2214,1680,drysand,2
FRF_c1_snap_20210206160000_EBG.jpg,879,1456,drysand,2
FRF_c1_snap_20210206160000_EBG.jpg,1447,1594,drysand,2
FRF_c1_snap_20210206160000_EBG.jpg,2208,1757,drysand,2
FRF_c1_snap_20210206160000_EBG.jpg,1675,1362,drysand,2
FRF_c1_snap_20210206160000_EBG.jpg,814,653,drysand,2
FRF_c1_snap_20210206160000_EBG.jpg,2394,1816,drysand,2
FRF_c1_snap_20210206160000_EBG.jpg,2194,1719,drysand,2
FRF_c1_snap_20210206160000_EBG.jpg,2014,1965,drysand,2
FRF_c1_snap_20210206160000_EBG.jpg,929,1492,drysand,2
FRF_c1_snap_20210206160000_EBG.jpg,1949,1348,drysand,2
FRF_c1_snap_20210206160000_EBG.jpg,2176,1375,drysand,2
FRF_c1_snap_20210206160000_EBG.jpg,1970,1400,drysand,2
FRF_c1_snap_20210206160000_EBG.jpg,2316,1750,drysand,2
FRF_c1_snap_20210206160000_EBG.jpg,1310,1360,drysand,2
FRF_c1_snap_20210206160000_EBG.jpg,931,572,drysand,2
FRF_c1_snap_20210206160000_EBG.jpg,1213,1689,drysand,2
FRF_c1_snap_20210206160000_EBG.jpg,1622,1039,drysand,2
FRF_c1_snap_20210206160000_EBG.jpg,793,835,drysand,2
FRF_c1_snap_20210206160000_EBG.jpg,2000,1967,drysand,2
FRF_c1_snap_20210206160000_EBG.jpg,1251,1400,drysand,2
FRF_c1_snap_20210206160000_EBG.jpg,2056,1674,drysand,2
FRF_c1_snap_20210206160000_EBG.jpg,806,1503,drysand,2
FRF_c1_snap_20210206160000_EBG.jpg,2198,1834,drysand,2
FRF_c1_snap_20210206160000_EBG.jpg,1075,1472,drysand,2
FRF_c1_snap_20210206160000_EBG.jpg,2062,1268,drysand,2
FRF_c1_snap_20210206160000_EBG.jpg,2228,1280,drysand,2
FRF_c1_snap_20210206160000_EBG.jpg,1384,922,drysand,2
FRF_c1_snap_20210206160000_EBG.jpg,1172,1487,drysand,2
FRF_c1_snap_20210206160000_EBG.jpg,1421,1587,drysand,2
FRF_c1_snap_20210206160000_EBG.jpg,1949,1423,drysand,2
FRF_c1_snap_20210206160000_EBG.jpg,1309,1534,drysand,2
FRF_c1_snap_20210206160000_EBG.jpg,2114,1410,drysand,2
FRF_c1_snap_20210206160000_EBG.jpg,2162,1654,drysand,2
FRF_c1_snap_20210206160000_EBG.jpg,1334,1675,drysand,2
FRF_c1_snap_20210206160000_EBG.jpg,1486,1657,drysand,2
FRF_c1_snap_20210206160000_EBG.jpg,1886,1306,drysand,2
FRF_c1_snap_20210206160000_EBG.jpg,1745,1289,drysand,2
FRF_c1_snap_20210206160000_EBG.jpg,1560,1228,drysand,2
FRF_c1_snap_20210206160000_EBG.jpg,2108,1789,drysand,2
FRF_c1_snap_20210206160000_EBG.jpg,1185,1273,drysand,2
FRF_c1_snap_20210206160000_EBG.jpg,1931,1513,drysand,2
FRF_c1_snap_20210206160000_EBG.jpg,856,1589,drysand,2
FRF_c1_snap_20210206160000_EBG.jpg,1062,1415,drysand,2
FRF_c1_snap_20210206160000_EBG.jpg,808,845,drysand,2
FRF_c1_snap_20210206160000_EBG.jpg,1618,846,drysand,2
FRF_c1_snap_20210206160000_EBG.jpg,1164,1557,drysand,2
FRF_c1_snap_20210206160000_EBG.jpg,899,1498,drysand,2
FRF_c1_snap_20210206160000_EBG.jpg,1550,980,drysand,2
FRF_c1_snap_20210206160000_EBG.jpg,1028,1585,drysand,2
FRF_c1_snap_20210206160000_EBG.jpg,1869,1919,drysand,2
FRF_c1_snap_20210206160000_EBG.jpg,848,667,drysand,2
FRF_c1_snap_20210206160000_EBG.jpg,733,731,drysand,2
FRF_c1_snap_20210206160000_EBG.jpg,1458,1758,drysand,2
FRF_c1_snap_20210206160000_EBG.jpg,1563,1917,drysand,2
FRF_c1_snap_20210206160000_EBG.jpg,1121,998,drysand,2
FRF_c1_snap_20210206160000_EBG.jpg,1891,1197,drysand,2
FRF_c1_snap_20210206160000_EBG.jpg,1507,1222,drysand,2
FRF_c1_snap_20210206160000_EBG.jpg,1880,1181,drysand,2
FRF_c1_snap_20210206160000_EBG.jpg,1952,1926,drysand,2
FRF_c1_snap_20210206160000_EBG.jpg,1854,1402,drysand,2
FRF_c1_snap_20210206160000_EBG.jpg,1287,1343,drysand,2
FRF_c1_snap_20210206160000_EBG.jpg,1443,1547,drysand,2
FRF_c1_snap_20210206160000_EBG.jpg,2363,1289,drysand,2
FRF_c1_snap_20210206160000_EBG.jpg,1120,899,drysand,2
FRF_c1_snap_20210206160000_EBG.jpg,1821,1119,drysand,2
FRF_c1_snap_20210206160000_EBG.jpg,1263,1083,drysand,2
FRF_c1_snap_20210206160000_EBG.jpg,1463,1750,drysand,2
FRF_c1_snap_20210206160000_EBG.jpg,2082,1556,drysand,2
FRF_c1_snap_20210206160000_EBG.jpg,2116,1420,drysand,2
FRF_c1_snap_20210206160000_EBG.jpg,1254,1723,drysand,2
FRF_c1_snap_20210206160000_EBG.jpg,1418,1497,drysand,2
FRF_c1_snap_20210206160000_EBG.jpg,1775,1945,drysand,2
FRF_c1_snap_20210206160000_EBG.jpg,1488,1002,drysand,2
FRF_c1_snap_20210206160000_EBG.jpg,664,1178,vegetation,3
FRF_c1_snap_20210206160000_EBG.jpg,784,1483,vegetation,3
FRF_c1_snap_20210206160000_EBG.jpg,730,1209,vegetation,3
FRF_c1_snap_20210206160000_EBG.jpg,903,1040,vegetation,3
FRF_c1_snap_20210206160000_EBG.jpg,773,1852,vegetation,3
FRF_c1_snap_20210206160000_EBG.jpg,1313,1489,vegetation,3
FRF_c1_snap_20210206160000_EBG.jpg,694,831,vegetation,3
FRF_c1_snap_20210206160000_EBG.jpg,1302,1861,vegetation,3
FRF_c1_snap_20210206160000_EBG.jpg,1393,1664,vegetation,3
FRF_c1_snap_20210206160000_EBG.jpg,818,1117,vegetation,3
FRF_c1_snap_20210206160000_EBG.jpg,1006,1973,vegetation,3
FRF_c1_snap_20210206160000_EBG.jpg,744,1120,vegetation,3
FRF_c1_snap_20210206160000_EBG.jpg,1087,1272,vegetation,3
FRF_c1_snap_20210206160000_EBG.jpg,729,1019,vegetation,3
FRF_c1_snap_20210206160000_EBG.jpg,1261,1583,vegetation,3
FRF_c1_snap_20210206160000_EBG.jpg,1081,1890,vegetation,3
FRF_c1_snap_20210206160000_EBG.jpg,713,1315,vegetation,3
FRF_c1_snap_20210206160000_EBG.jpg,815,1370,vegetation,3
FRF_c1_snap_20210206160000_EBG.jpg,675,1946,vegetation,3
FRF_c1_snap_20210206160000_EBG.jpg,770,1711,vegetation,3
FRF_c1_snap_20210206160000_EBG.jpg,1011,1774,vegetation,3
FRF_c1_snap_20210206160000_EBG.jpg,1041,1590,vegetation,3
FRF_c1_snap_20210206160000_EBG.jpg,823,1460,vegetation,3
FRF_c1_snap_20210206160000_EBG.jpg,666,1912,vegetation,3
FRF_c1_snap_20210206160000_EBG.jpg,1032,1740,vegetation,3
FRF_c1_snap_20210206160000_EBG.jpg,652,1839,vegetation,3
FRF_c1_snap_20210206160000_EBG.jpg,914,1619,vegetation,3
FRF_c1_snap_20210206160000_EBG.jpg,803,944,vegetation,3
FRF_c1_snap_20210206160000_EBG.jpg,790,1475,vegetation,3
FRF_c1_snap_20210206160000_EBG.jpg,1076,1688,vegetation,3
FRF_c1_snap_20210206160000_EBG.jpg,829,1820,vegetation,3
FRF_c1_snap_20210206160000_EBG.jpg,688,1334,vegetation,3
FRF_c1_snap_20210206160000_EBG.jpg,686,810,vegetation,3
FRF_c1_snap_20210206160000_EBG.jpg,672,1877,vegetation,3
FRF_c1_snap_20210206160000_EBG.jpg,683,817,vegetation,3
FRF_c1_snap_20210206160000_EBG.jpg,696,1594,vegetation,3
FRF_c1_snap_20210206160000_EBG.jpg,722,1761,vegetation,3
FRF_c1_snap_20210206160000_EBG.jpg,1437,1917,vegetation,3
FRF_c1_snap_20210206160000_EBG.jpg,1356,1870,vegetation,3
FRF_c1_snap_20210206160000_EBG.jpg,931,1035,vegetation,3
FRF_c1_snap_20210206160000_EBG.jpg,161,1839,vegetation,3
FRF_c1_snap_20210206160000_EBG.jpg,254,1588,vegetation,3
FRF_c1_snap_20210206160000_EBG.jpg,339,1136,vegetation,3
FRF_c1_snap_20210206160000_EBG.jpg,199,980,vegetation,3
FRF_c1_snap_20210206160000_EBG.jpg,340,1478,vegetation,3
FRF_c1_snap_20210206160000_EBG.jpg,127,917,vegetation,3
FRF_c1_snap_20210206160000_EBG.jpg,107,1547,vegetation,3
FRF_c1_snap_20210206160000_EBG.jpg,464,877,vegetation,3
FRF_c1_snap_20210206160000_EBG.jpg,222,1259,vegetation,3
FRF_c1_snap_20210206160000_EBG.jpg,162,994,vegetation,3
FRF_c1_snap_20210206160000_EBG.jpg,494,1434,vegetation,3
FRF_c1_snap_20210206160000_EBG.jpg,97,1158,vegetation,3
FRF_c1_snap_20210206160000_EBG.jpg,259,1655,vegetation,3
FRF_c1_snap_20210206160000_EBG.jpg,318,1480,vegetation,3
FRF_c1_snap_20210206160000_EBG.jpg,317,996,vegetation,3
FRF_c1_snap_20210206160000_EBG.jpg,484,1621,vegetation,3
FRF_c1_snap_20210206160000_EBG.jpg,204,1823,vegetation,3
FRF_c1_snap_20210206160000_EBG.jpg,319,1214,vegetation,3
FRF_c1_snap_20210206160000_EBG.jpg,276,1634,vegetation,3
FRF_c1_snap_20210206160000_EBG.jpg,507,1360,vegetation,3
FRF_c1_snap_20210206160000_EBG.jpg,541,1110,vegetation,3
FRF_c1_snap_20210206160000_EBG.jpg,55,1765,vegetation,3
FRF_c1_snap_20210206160000_EBG.jpg,477,1465,vegetation,3
FRF_c1_snap_20210206160000_EBG.jpg,34,1447,vegetation,3
FRF_c1_snap_20210206160000_EBG.jpg,94,1376,vegetation,3
FRF_c1_snap_20210206160000_EBG.jpg,182,1852,vegetation,3
FRF_c1_snap_20210206160000_EBG.jpg,295,992,vegetation,3
FRF_c1_snap_20210206160000_EBG.jpg,538,1385,vegetation,3
FRF_c1_snap_20210206160000_EBG.jpg,206,1006,vegetation,3
FRF_c1_snap_20210206160000_EBG.jpg,94,1139,vegetation,3
FRF_c1_snap_20210206160000_EBG.jpg,468,876,vegetation,3
FRF_c1_snap_20210206160000_EBG.jpg,428,1916,vegetation,3
FRF_c1_snap_20210206160000_EBG.jpg,242,944,vegetation,3
FRF_c1_snap_20210206160000_EBG.jpg,474,1023,vegetation,3
FRF_c1_snap_20210206160000_EBG.jpg,444,1538,vegetation,3
FRF_c1_snap_20210206160000_EBG.jpg,186,1664,vegetation,3
FRF_c1_snap_20210206160000_EBG.jpg,378,1193,vegetation,3
FRF_c1_snap_20210206160000_EBG.jpg,171,898,vegetation,3
FRF_c1_snap_20210206160000_EBG.jpg,75,1188,vegetation,3
FRF_c1_snap_20210206160000_EBG.jpg,501,1233,vegetation,3
FRF_c1_snap_20210206160000_EBG.jpg,1544,1352,heavies,4
FRF_c1_snap_20210206160000_EBG.jpg,1354,1317,heavies,4
FRF_c1_snap_20210206160000_EBG.jpg,1522,1259,heavies,4
FRF_c1_snap_20210206160000_EBG.jpg,1841,1726,heavies,4
FRF_c1_snap_20210206160000_EBG.jpg,1411,1404,heavies,4
FRF_c1_snap_20210206160000_EBG.jpg,1878,1872,heavies,4
FRF_c1_snap_20210206160000_EBG.jpg,1737,1537,heavies,4
FRF_c1_snap_20210206160000_EBG.jpg,1930,1736,heavies,4
FRF_c1_snap_20210206160000_EBG.jpg,1623,1352,heavies,4
FRF_c1_snap_20210206160000_EBG.jpg,1173,1204,heavies,4
FRF_c1_snap_20210206160000_EBG.jpg,1954,1795,heavies,4
FRF_c1_snap_20210206160000_EBG.jpg,1208,1219,heavies,4
FRF_c1_snap_20210206160000_EBG.jpg,1142,1118,heavies,4
FRF_c1_snap_20210206160000_EBG.jpg,1735,1777,heavies,4
FRF_c1_snap_20210206160000_EBG.jpg,1753,1656,heavies,4
FRF_c1_snap_20210206160000_EBG.jpg,2407,1290,heavies,4
FRF_c1_snap_20210206160000_EBG.jpg,1196,1227,heavies,4
FRF_c1_snap_20210206160000_EBG.jpg,1057,1012,heavies,4
FRF_c1_snap_20210206160000_EBG.jpg,922,777,heavies,4
FRF_c1_snap_20210206160000_EBG.jpg,1784,1816,heavies,4
FRF_c1_snap_20210206160000_EBG.jpg,1476,1369,heavies,4
FRF_c1_snap_20210206160000_EBG.jpg,1809,1509,heavies,4
FRF_c1_snap_20210206160000_EBG.jpg,1901,1592,heavies,4
FRF_c1_snap_20210206160000_EBG.jpg,1904,1560,heavies,4
FRF_c1_snap_20210206160000_EBG.jpg,1601,1386,heavies,4
FRF_c1_snap_20210206160000_EBG.jpg,1468,1985,heavies,4
FRF_c1_snap_20210206160000_EBG.jpg,1519,1423,heavies,4
FRF_c1_snap_20210206160000_EBG.jpg,1258,1160,heavies,4
FRF_c1_snap_20210206160000_EBG.jpg,1727,1532,heavies,4
FRF_c1_snap_20210206160000_EBG.jpg,950,731,heavies,4
FRF_c1_snap_20210206160000_EBG.jpg,1709,1496,heavies,4
FRF_c1_snap_20210206160000_EBG.jpg,2000,1752,heavies,4
FRF_c1_snap_20210206160000_EBG.jpg,898,733,heavies,4
FRF_c1_snap_20210206160000_EBG.jpg,2291,1875,heavies,4
FRF_c1_snap_20210206160000_EBG.jpg,1393,1230,heavies,4
FRF_c1_snap_20210206160000_EBG.jpg,1190,1091,heavies,4
FRF_c1_snap_20210206160000_EBG.jpg,1725,1575,heavies,4
FRF_c1_snap_20210206160000_EBG.jpg,1461,1209,heavies,4
FRF_c1_snap_20210206160000_EBG.jpg,1841,1624,heavies,4
FRF_c1_snap_20210206160000_EBG.jpg,1437,1254,heavies,4
FRF_c1_snap_20210206160000_EBG.jpg,1787,1617,heavies,4
FRF_c1_snap_20210206160000_EBG.jpg,1466,1214,heavies,4
FRF_c1_snap_20210206160000_EBG.jpg,1420,1347,heavies,4
FRF_c1_snap_20210206160000_EBG.jpg,1784,1757,heavies,4
FRF_c1_snap_20210206160000_EBG.jpg,1808,1794,heavies,4
FRF_c1_snap_20210206160000_EBG.jpg,1205,1109,heavies,4
FRF_c1_snap_20210206160000_EBG.jpg,1527,1424,heavies,4
FRF_c1_snap_20210206160000_EBG.jpg,1158,1202,heavies,4
FRF_c1_snap_20210206160000_EBG.jpg,1810,1608,heavies,4
FRF_c1_snap_20210206160000_EBG.jpg,1548,1531,heavies,4
FRF_c1_snap_20210206160000_EBG.jpg,1073,1084,heavies,4
FRF_c1_snap_20210206160000_EBG.jpg,1813,1647,heavies,4
FRF_c1_snap_20210206160000_EBG.jpg,1870,1716,heavies,4
FRF_c1_snap_20210206160000_EBG.jpg,1799,1727,heavies,4
FRF_c1_snap_20210206160000_EBG.jpg,1552,1527,heavies,4
FRF_c1_snap_20210206160000_EBG.jpg,1779,1850,heavies,4
FRF_c1_snap_20210206160000_EBG.jpg,1309,1224,heavies,4
FRF_c1_snap_20210206160000_EBG.jpg,2241,1926,heavies,4
FRF_c1_snap_20210206160000_EBG.jpg,1848,1866,heavies,4
FRF_c1_snap_20210206160000_EBG.jpg,2011,1763,heavies,4
FRF_c1_snap_20210206160000_EBG.jpg,1675,1582,heavies,4
FRF_c1_snap_20210206160000_EBG.jpg,2123,1832,heavies,4
FRF_c1_snap_20210206160000_EBG.jpg,1821,1513,heavies,4
FRF_c1_snap_20210206160000_EBG.jpg,2311,1894,heavies,4
FRF_c1_snap_20210206160000_EBG.jpg,1598,1518,heavies,4
FRF_c1_snap_20210206160000_EBG.jpg,2110,1857,heavies,4
FRF_c1_snap_20210206160000_EBG.jpg,2061,1734,heavies,4
FRF_c1_snap_20210206160000_EBG.jpg,1354,1209,heavies,4
FRF_c1_snap_20210206160000_EBG.jpg,2241,1921,heavies,4
FRF_c1_snap_20210206160000_EBG.jpg,1337,1169,heavies,4
FRF_c1_snap_20210206160000_EBG.jpg,1532,1476,heavies,4
FRF_c1_snap_20210206160000_EBG.jpg,1890,1905,heavies,4
FRF_c1_snap_20210206160000_EBG.jpg,1410,1233,heavies,4
FRF_c1_snap_20210206160000_EBG.jpg,1377,1315,heavies,4
FRF_c1_snap_20210206160000_EBG.jpg,1408,1443,heavies,4
FRF_c1_snap_20210206160000_EBG.jpg,952,825,heavies,4
FRF_c1_snap_20210206160000_EBG.jpg,1451,1375,heavies,4
FRF_c1_snap_20210206160000_EBG.jpg,1667,1415,heavies,4
FRF_c1_snap_20210206160000_EBG.jpg,1647,1452,heavies,4
FRF_c1_snap_20210206160000_EBG.jpg,949,749,heavies,4
FRF_c1_snap_20210206160000_EBG.jpg,1569,1078,lag,5
FRF_c1_snap_20210206160000_EBG.jpg,900,610,lag,5
FRF_c1_snap_20210206160000_EBG.jpg,1732,1226,lag,5
FRF_c1_snap_20210206160000_EBG.jpg,1604,1905,lag,5
FRF_c1_snap_20210206160000_EBG.jpg,2376,1573,lag,5
FRF_c1_snap_20210206160000_EBG.jpg,1152,748,lag,5
FRF_c1_snap_20210206160000_EBG.jpg,2401,1510,lag,5
FRF_c1_snap_20210206160000_EBG.jpg,1496,1100,lag,5
FRF_c1_snap_20210206160000_EBG.jpg,2359,1597,lag,5
FRF_c1_snap_20210206160000_EBG.jpg,1720,1253,lag,5
FRF_c1_snap_20210206160000_EBG.jpg,890,588,lag,5
FRF_c1_snap_20210206160000_EBG.jpg,1247,769,lag,5
FRF_c1_snap_20210206160000_EBG.jpg,2217,1466,lag,5
FRF_c1_snap_20210206160000_EBG.jpg,1406,1026,lag,5
FRF_c1_snap_20210206160000_EBG.jpg,926,641,lag,5
FRF_c1_snap_20210206160000_EBG.jpg,1101,707,lag,5
FRF_c1_snap_20210206160000_EBG.jpg,2341,1478,lag,5
FRF_c1_snap_20210206160000_EBG.jpg,1488,1101,lag,5
FRF_c1_snap_20210206160000_EBG.jpg,1240,1015,lag,5
FRF_c1_snap_20210206160000_EBG.jpg,1511,1094,lag,5
FRF_c1_snap_20210206160000_EBG.jpg,2385,1616,lag,5
FRF_c1_snap_20210206160000_EBG.jpg,1516,1190,lag,5
FRF_c1_snap_20210206160000_EBG.jpg,1170,1014,lag,5
FRF_c1_snap_20210206160000_EBG.jpg,2350,1567,lag,5
FRF_c1_snap_20210206160000_EBG.jpg,1236,1010,lag,5
FRF_c1_snap_20210206160000_EBG.jpg,2289,1592,lag,5
FRF_c1_snap_20210206160000_EBG.jpg,1252,979,lag,5
FRF_c1_snap_20210206160000_EBG.jpg,2241,1419,lag,5
FRF_c1_snap_20210206160000_EBG.jpg,2404,1668,lag,5
FRF_c1_snap_20210206160000_EBG.jpg,980,682,lag,5
FRF_c1_snap_20210206160000_EBG.jpg,2283,1495,lag,5
FRF_c1_snap_20210206160000_EBG.jpg,1654,1243,lag,5
FRF_c1_snap_20210206160000_EBG.jpg,2215,1436,lag,5
FRF_c1_snap_20210206160000_EBG.jpg,1217,1000,lag,5
FRF_c1_snap_20210206160000_EBG.jpg,1598,1081,lag,5
FRF_c1_snap_20210206160000_EBG.jpg,2290,1505,lag,5
FRF_c1_snap_20210206160000_EBG.jpg,1131,946,lag,5
FRF_c1_snap_20210206160000_EBG.jpg,1396,801,lag,5
FRF_c1_snap_20210206160000_EBG.jpg,1315,799,lag,5
FRF_c1_snap_20210206160000_EBG.jpg,1194,746,lag,5
FRF_c1_snap_20210206160000_EBG.jpg,783,602,lag,5
FRF_c1_snap_20210206160000_EBG.jpg,1356,1034,lag,5
FRF_c1_snap_20210206160000_EBG.jpg,915,613,lag,5
FRF_c1_snap_20210206160000_EBG.jpg,1444,1112,lag,5
FRF_c1_snap_20210206160000_EBG.jpg,2381,1610,lag,5
FRF_c1_snap_20210206160000_EBG.jpg,2330,1582,lag,5
FRF_c1_snap_20210206160000_EBG.jpg,1138,735,lag,5
FRF_c1_snap_20210206160000_EBG.jpg,1357,1020,lag,5
FRF_c1_snap_20210206160000_EBG.jpg,1291,1021,lag,5
FRF_c1_snap_20210206160000_EBG.jpg,932,698,lag,5
FRF_c1_snap_20210206160000_EBG.jpg,1209,1009,lag,5
FRF_c1_snap_20210206160000_EBG.jpg,2396,1509,lag,5
FRF_c1_snap_20210206160000_EBG.jpg,797,608,lag,5
FRF_c1_snap_20210206160000_EBG.jpg,1032,658,lag,5
FRF_c1_snap_20210206160000_EBG.jpg,1266,743,lag,5
FRF_c1_snap_20210206160000_EBG.jpg,1417,1090,lag,5
FRF_c1_snap_20210206160000_EBG.jpg,2381,1430,lag,5
FRF_c1_snap_20210206160000_EBG.jpg,2203,1468,lag,5
FRF_c1_snap_20210206160000_EBG.jpg,2364,1575,lag,5
FRF_c1_snap_20210206160000_EBG.jpg,1576,1212,lag,5
FRF_c1_snap_20210206160000_EBG.jpg,847,612,lag,5
FRF_c1_snap_20210206160000_EBG.jpg,2376,1528,lag,5
FRF_c1_snap_20210206160000_EBG.jpg,2372,1489,lag,5
FRF_c1_snap_20210206160000_EBG.jpg,1310,798,lag,5
FRF_c1_snap_20210206160000_EBG.jpg,1019,694,lag,5
FRF_c1_snap_20210206160000_EBG.jpg,1504,1082,lag,5
FRF_c1_snap_20210206160000_EBG.jpg,1273,752,lag,5
FRF_c1_snap_20210206160000_EBG.jpg,1346,1009,lag,5
FRF_c1_snap_20210206160000_EBG.jpg,1257,1003,lag,5
FRF_c1_snap_20210206160000_EBG.jpg,1682,1227,lag,5
FRF_c1_snap_20210206160000_EBG.jpg,2396,1456,lag,5
FRF_c1_snap_20210206160000_EBG.jpg,2291,1482,lag,5
FRF_c1_snap_20210206160000_EBG.jpg,1300,1010,lag,5
FRF_c1_snap_20210206160000_EBG.jpg,937,643,lag,5
FRF_c1_snap_20210206160000_EBG.jpg,1654,1205,lag,5
FRF_c1_snap_20210206160000_EBG.jpg,2323,1532,lag,5
FRF_c1_snap_20210206160000_EBG.jpg,1411,1124,lag,5
FRF_c1_snap_20210206160000_EBG.jpg,1071,741,lag,5
FRF_c1_snap_20210206160000_EBG.jpg,1457,1069,lag,5
FRF_c1_snap_20210206160000_EBG.jpg,1138,944,lag,5
FRF_c1_snap_20210216160000_EBG.jpg,1182,721,background,0
FRF_c1_snap_20210216160000_EBG.jpg,2179,1065,background,0
FRF_c1_snap_20210216160000_EBG.jpg,2103,1030,background,0
FRF_c1_snap_20210216160000_EBG.jpg,1706,985,background,0
FRF_c1_snap_20210216160000_EBG.jpg,1921,773,background,0
FRF_c1_snap_20210216160000_EBG.jpg,2157,915,background,0
FRF_c1_snap_20210216160000_EBG.jpg,2012,801,background,0
FRF_c1_snap_20210216160000_EBG.jpg,1948,809,background,0
FRF_c1_snap_20210216160000_EBG.jpg,1606,797,background,0
FRF_c1_snap_20210216160000_EBG.jpg,2220,1309,background,0
FRF_c1_snap_20210216160000_EBG.jpg,1607,729,background,0
FRF_c1_snap_20210216160000_EBG.jpg,1736,959,background,0
FRF_c1_snap_20210216160000_EBG.jpg,2087,1044,background,0
FRF_c1_snap_20210216160000_EBG.jpg,2336,1275,background,0
FRF_c1_snap_20210216160000_EBG.jpg,1147,920,background,0
FRF_c1_snap_20210216160000_EBG.jpg,1744,908,background,0
FRF_c1_snap_20210216160000_EBG.jpg,2059,972,background,0
FRF_c1_snap_20210216160000_EBG.jpg,1379,535,background,0
FRF_c1_snap_20210216160000_EBG.jpg,854,553,background,0
FRF_c1_snap_20210216160000_EBG.jpg,2202,1423,background,0
FRF_c1_snap_20210216160000_EBG.jpg,1619,823,background,0
FRF_c1_snap_20210216160000_EBG.jpg,1823,785,background,0
FRF_c1_snap_20210216160000_EBG.jpg,1379,776,background,0
FRF_c1_snap_20210216160000_EBG.jpg,2212,1343,background,0
FRF_c1_snap_20210216160000_EBG.jpg,1980,1383,background,0
FRF_c1_snap_20210216160000_EBG.jpg,2407,1032,background,0
FRF_c1_snap_20210216160000_EBG.jpg,2391,1042,background,0
FRF_c1_snap_20210216160000_EBG.jpg,2184,1193,background,0
FRF_c1_snap_20210216160000_EBG.jpg,1456,737,background,0
FRF_c1_snap_20210216160000_EBG.jpg,1303,656,background,0
FRF_c1_snap_20210216160000_EBG.jpg,839,1072,background,0
FRF_c1_snap_20210216160000_EBG.jpg,1357,633,background,0
FRF_c1_snap_20210216160000_EBG.jpg,2088,1059,background,0
FRF_c1_snap_20210216160000_EBG.jpg,2335,1061,background,0
FRF_c1_snap_20210216160000_EBG.jpg,2177,1263,background,0
FRF_c1_snap_20210216160000_EBG.jpg,1408,854,background,0
FRF_c1_snap_20210216160000_EBG.jpg,1920,796,background,0
FRF_c1_snap_20210216160000_EBG.jpg,1642,638,background,0
FRF_c1_snap_20210216160000_EBG.jpg,1550,762,background,0
FRF_c1_snap_20210216160000_EBG.jpg,1154,581,background,0
FRF_c1_snap_20210216160000_EBG.jpg,267,403,background,0
FRF_c1_snap_20210216160000_EBG.jpg,157,636,background,0
FRF_c1_snap_20210216160000_EBG.jpg,177,272,background,0
FRF_c1_snap_20210216160000_EBG.jpg,211,269,background,0
FRF_c1_snap_20210216160000_EBG.jpg,43,660,background,0
FRF_c1_snap_20210216160000_EBG.jpg,118,521,background,0
FRF_c1_snap_20210216160000_EBG.jpg,241,462,background,0
FRF_c1_snap_20210216160000_EBG.jpg,141,634,background,0
FRF_c1_snap_20210216160000_EBG.jpg,363,542,background,0
FRF_c1_snap_20210216160000_EBG.jpg,65,346,background,0
FRF_c1_snap_20210216160000_EBG.jpg,76,685,background,0
FRF_c1_snap_20210216160000_EBG.jpg,460,564,background,0
FRF_c1_snap_20210216160000_EBG.jpg,82,542,background,0
FRF_c1_snap_20210216160000_EBG.jpg,335,354,background,0
FRF_c1_snap_20210216160000_EBG.jpg,215,652,background,0
FRF_c1_snap_20210216160000_EBG.jpg,523,606,background,0
FRF_c1_snap_20210216160000_EBG.jpg,438,458,background,0
FRF_c1_snap_20210216160000_EBG.jpg,177,460,background,0
FRF_c1_snap_20210216160000_EBG.jpg,245,277,background,0
FRF_c1_snap_20210216160000_EBG.jpg,210,473,background,0
FRF_c1_snap_20210216160000_EBG.jpg,316,439,background,0
FRF_c1_snap_20210216160000_EBG.jpg,100,583,background,0
FRF_c1_snap_20210216160000_EBG.jpg,93,635,background,0
FRF_c1_snap_20210216160000_EBG.jpg,360,536,background,0
FRF_c1_snap_20210216160000_EBG.jpg,260,616,background,0
FRF_c1_snap_20210216160000_EBG.jpg,294,285,background,0
FRF_c1_snap_20210216160000_EBG.jpg,253,558,background,0
FRF_c1_snap_20210216160000_EBG.jpg,208,605,background,0
FRF_c1_snap_20210216160000_EBG.jpg,266,608,background,0
FRF_c1_snap_20210216160000_EBG.jpg,297,544,background,0
FRF_c1_snap_20210216160000_EBG.jpg,102,575,background,0
FRF_c1_snap_20210216160000_EBG.jpg,232,642,background,0
FRF_c1_snap_20210216160000_EBG.jpg,165,555,background,0
FRF_c1_snap_20210216160000_EBG.jpg,32,630,background,0
FRF_c1_snap_20210216160000_EBG.jpg,251,381,background,0
FRF_c1_snap_20210216160000_EBG.jpg,520,598,background,0
FRF_c1_snap_20210216160000_EBG.jpg,276,275,background,0
FRF_c1_snap_20210216160000_EBG.jpg,82,483,background,0
FRF_c1_snap_20210216160000_EBG.jpg,83,348,background,0
FRF_c1_snap_20210216160000_EBG.jpg,340,526,background,0
FRF_c1_snap_20210216160000_EBG.jpg,1167,716,wetsand,1
FRF_c1_snap_20210216160000_EBG.jpg,2118,1333,wetsand,1
FRF_c1_snap_20210216160000_EBG.jpg,1740,1190,wetsand,1
FRF_c1_snap_20210216160000_EBG.jpg,1424,1052,wetsand,1
FRF_c1_snap_20210216160000_EBG.jpg,1487,991,wetsand,1
FRF_c1_snap_20210216160000_EBG.jpg,1002,658,wetsand,1
FRF_c1_snap_20210216160000_EBG.jpg,1596,1152,wetsand,1
FRF_c1_snap_20210216160000_EBG.jpg,1501,1065,wetsand,1
FRF_c1_snap_20210216160000_EBG.jpg,1806,1270,wetsand,1
FRF_c1_snap_20210216160000_EBG.jpg,2364,1530,wetsand,1
FRF_c1_snap_20210216160000_EBG.jpg,1952,1319,wetsand,1
FRF_c1_snap_20210216160000_EBG.jpg,1658,1180,wetsand,1
FRF_c1_snap_20210216160000_EBG.jpg,1411,902,wetsand,1
FRF_c1_snap_20210216160000_EBG.jpg,1992,1283,wetsand,1
FRF_c1_snap_20210216160000_EBG.jpg,1923,1297,wetsand,1
FRF_c1_snap_20210216160000_EBG.jpg,1752,1136,wetsand,1
FRF_c1_snap_20210216160000_EBG.jpg,2008,1359,wetsand,1
FRF_c1_snap_20210216160000_EBG.jpg,2256,1524,wetsand,1
FRF_c1_snap_20210216160000_EBG.jpg,1444,920,wetsand,1
FRF_c1_snap_20210216160000_EBG.jpg,1894,1265,wetsand,1
FRF_c1_snap_20210216160000_EBG.jpg,2303,1477,wetsand,1
FRF_c1_snap_20210216160000_EBG.jpg,1143,710,wetsand,1
FRF_c1_snap_20210216160000_EBG.jpg,1582,1036,wetsand,1
FRF_c1_snap_20210216160000_EBG.jpg,1611,1151,wetsand,1
FRF_c1_snap_20210216160000_EBG.jpg,1954,1280,wetsand,1
FRF_c1_snap_20210216160000_EBG.jpg,1120,755,wetsand,1
FRF_c1_snap_20210216160000_EBG.jpg,1513,1025,wetsand,1
FRF_c1_snap_20210216160000_EBG.jpg,1562,1145,wetsand,1
FRF_c1_snap_20210216160000_EBG.jpg,1800,1160,wetsand,1
FRF_c1_snap_20210216160000_EBG.jpg,1063,669,wetsand,1
FRF_c1_snap_20210216160000_EBG.jpg,1427,1068,wetsand,1
FRF_c1_snap_20210216160000_EBG.jpg,999,636,wetsand,1
FRF_c1_snap_20210216160000_EBG.jpg,1688,1174,wetsand,1
FRF_c1_snap_20210216160000_EBG.jpg,1698,1089,wetsand,1
FRF_c1_snap_20210216160000_EBG.jpg,1985,1281,wetsand,1
FRF_c1_snap_20210216160000_EBG.jpg,2011,1403,wetsand,1
FRF_c1_snap_20210216160000_EBG.jpg,1817,1205,wetsand,1
FRF_c1_snap_20210216160000_EBG.jpg,1639,1092,wetsand,1
FRF_c1_snap_20210216160000_EBG.jpg,828,550,wetsand,1
FRF_c1_snap_20210216160000_EBG.jpg,2305,1554,wetsand,1
FRF_c1_snap_20210216160000_EBG.jpg,2309,1523,wetsand,1
FRF_c1_snap_20210216160000_EBG.jpg,1541,1161,wetsand,1
FRF_c1_snap_20210216160000_EBG.jpg,1470,932,wetsand,1
FRF_c1_snap_20210216160000_EBG.jpg,1254,800,wetsand,1
FRF_c1_snap_20210216160000_EBG.jpg,1423,1038,wetsand,1
FRF_c1_snap_20210216160000_EBG.jpg,2372,1498,wetsand,1
FRF_c1_snap_20210216160000_EBG.jpg,2274,1547,wetsand,1
FRF_c1_snap_20210216160000_EBG.jpg,1929,1286,wetsand,1
FRF_c1_snap_20210216160000_EBG.jpg,1719,1187,wetsand,1
FRF_c1_snap_20210216160000_EBG.jpg,961,647,wetsand,1
FRF_c1_snap_20210216160000_EBG.jpg,1959,1295,wetsand,1
FRF_c1_snap_20210216160000_EBG.jpg,1071,666,wetsand,1
FRF_c1_snap_20210216160000_EBG.jpg,1895,1276,wetsand,1
FRF_c1_snap_20210216160000_EBG.jpg,1689,1224,wetsand,1
FRF_c1_snap_20210216160000_EBG.jpg,1848,1233,wetsand,1
FRF_c1_snap_20210216160000_EBG.jpg,2199,1489,wetsand,1
FRF_c1_snap_20210216160000_EBG.jpg,1437,889,wetsand,1
FRF_c1_snap_20210216160000_EBG.jpg,2295,1556,wetsand,1
FRF_c1_snap_20210216160000_EBG.jpg,1426,1016,wetsand,1
FRF_c1_snap_20210216160000_EBG.jpg,1466,1060,wetsand,1
FRF_c1_snap_20210216160000_EBG.jpg,1921,1394,wetsand,1
FRF_c1_snap_20210216160000_EBG.jpg,1132,771,wetsand,1
FRF_c1_snap_20210216160000_EBG.jpg,1549,1018,wetsand,1
FRF_c1_snap_20210216160000_EBG.jpg,1968,1400,wetsand,1
FRF_c1_snap_20210216160000_EBG.jpg,1503,1131,wetsand,1
FRF_c1_snap_20210216160000_EBG.jpg,1594,1203,wetsand,1
FRF_c1_snap_20210216160000_EBG.jpg,2401,1524,wetsand,1
FRF_c1_snap_20210216160000_EBG.jpg,1043,686,wetsand,1
FRF_c1_snap_20210216160000_EBG.jpg,1811,1275,wetsand,1
FRF_c1_snap_20210216160000_EBG.jpg,1903,1307,wetsand,1
FRF_c1_snap_20210216160000_EBG.jpg,1719,1201,wetsand,1
FRF_c1_snap_20210216160000_EBG.jpg,1899,1303,wetsand,1
FRF_c1_snap_20210216160000_EBG.jpg,1793,1279,wetsand,1
FRF_c1_snap_20210216160000_EBG.jpg,2277,1516,wetsand,1
FRF_c1_snap_20210216160000_EBG.jpg,1422,1022,wetsand,1
FRF_c1_snap_20210216160000_EBG.jpg,1625,1119,wetsand,1
FRF_c1_snap_20210216160000_EBG.jpg,1341,956,wetsand,1
FRF_c1_snap_20210216160000_EBG.jpg,1396,926,wetsand,1
FRF_c1_snap_20210216160000_EBG.jpg,1425,1039,wetsand,1
FRF_c1_snap_20210216160000_EBG.jpg,2343,1572,wetsand,1
FRF_c1_snap_20210216160000_EBG.jpg,1456,1542,drysand,2
FRF_c1_snap_20210216160000_EBG.jpg,1937,1674,drysand,2
FRF_c1_snap_20210216160000_EBG.jpg,878,788,drysand,2
FRF_c1_snap_20210216160000_EBG.jpg,1730,1340,drysand,2
FRF_c1_snap_20210216160000_EBG.jpg,1618,1671,drysand,2
FRF_c1_snap_20210216160000_EBG.jpg,1224,1100,drysand,2
FRF_c1_snap_20210216160000_EBG.jpg,1380,1054,drysand,2
FRF_c1_snap_20210216160000_EBG.jpg,2209,1662,drysand,2
FRF_c1_snap_20210216160000_EBG.jpg,1795,1400,drysand,2
FRF_c1_snap_20210216160000_EBG.jpg,1853,1365,drysand,2
FRF_c1_snap_20210216160000_EBG.jpg,2092,1709,drysand,2
FRF_c1_snap_20210216160000_EBG.jpg,1996,1498,drysand,2
FRF_c1_snap_20210216160000_EBG.jpg,966,1395,drysand,2
FRF_c1_snap_20210216160000_EBG.jpg,2314,1647,drysand,2
FRF_c1_snap_20210216160000_EBG.jpg,2275,1582,drysand,2
FRF_c1_snap_20210216160000_EBG.jpg,1296,1275,drysand,2
FRF_c1_snap_20210216160000_EBG.jpg,1756,1376,drysand,2
FRF_c1_snap_20210216160000_EBG.jpg,914,1579,drysand,2
FRF_c1_snap_20210216160000_EBG.jpg,2370,1840,drysand,2
FRF_c1_snap_20210216160000_EBG.jpg,965,933,drysand,2
FRF_c1_snap_20210216160000_EBG.jpg,811,1577,drysand,2
FRF_c1_snap_20210216160000_EBG.jpg,818,876,drysand,2
FRF_c1_snap_20210216160000_EBG.jpg,871,608,drysand,2
FRF_c1_snap_20210216160000_EBG.jpg,1488,1495,drysand,2
FRF_c1_snap_20210216160000_EBG.jpg,1332,1560,drysand,2
FRF_c1_snap_20210216160000_EBG.jpg,998,929,drysand,2
FRF_c1_snap_20210216160000_EBG.jpg,1913,1442,drysand,2
FRF_c1_snap_20210216160000_EBG.jpg,2178,1756,drysand,2
FRF_c1_snap_20210216160000_EBG.jpg,1025,1022,drysand,2
FRF_c1_snap_20210216160000_EBG.jpg,1489,1888,drysand,2
FRF_c1_snap_20210216160000_EBG.jpg,2215,1716,drysand,2
FRF_c1_snap_20210216160000_EBG.jpg,1417,1367,drysand,2
FRF_c1_snap_20210216160000_EBG.jpg,959,1476,drysand,2
FRF_c1_snap_20210216160000_EBG.jpg,868,732,drysand,2
FRF_c1_snap_20210216160000_EBG.jpg,1173,949,drysand,2
FRF_c1_snap_20210216160000_EBG.jpg,1015,736,drysand,2
FRF_c1_snap_20210216160000_EBG.jpg,1486,1268,drysand,2
FRF_c1_snap_20210216160000_EBG.jpg,1316,1716,drysand,2
FRF_c1_snap_20210216160000_EBG.jpg,1205,1024,drysand,2
FRF_c1_snap_20210216160000_EBG.jpg,2006,1486,drysand,2
FRF_c1_snap_20210216160000_EBG.jpg,1514,1227,drysand,2
FRF_c1_snap_20210216160000_EBG.jpg,841,707,drysand,2
FRF_c1_snap_20210216160000_EBG.jpg,1898,1522,drysand,2
FRF_c1_snap_20210216160000_EBG.jpg,1204,1052,drysand,2
FRF_c1_snap_20210216160000_EBG.jpg,1536,1316,drysand,2
FRF_c1_snap_20210216160000_EBG.jpg,961,687,drysand,2
FRF_c1_snap_20210216160000_EBG.jpg,1699,1905,drysand,2
FRF_c1_snap_20210216160000_EBG.jpg,2031,1456,drysand,2
FRF_c1_snap_20210216160000_EBG.jpg,854,1570,drysand,2
FRF_c1_snap_20210216160000_EBG.jpg,1129,1489,drysand,2
FRF_c1_snap_20210216160000_EBG.jpg,1125,997,drysand,2
FRF_c1_snap_20210216160000_EBG.jpg,1025,1335,drysand,2
FRF_c1_snap_20210216160000_EBG.jpg,1847,1373,drysand,2
FRF_c1_snap_20210216160000_EBG.jpg,1409,1843,drysand,2
FRF_c1_snap_20210216160000_EBG.jpg,1326,1316,drysand,2
FRF_c1_snap_20210216160000_EBG.jpg,1052,1094,drysand,2
FRF_c1_snap_20210216160000_EBG.jpg,1610,1808,drysand,2
FRF_c1_snap_20210216160000_EBG.jpg,1621,1309,drysand,2
FRF_c1_snap_20210216160000_EBG.jpg,849,1103,drysand,2
FRF_c1_snap_20210216160000_EBG.jpg,1187,1366,drysand,2
FRF_c1_snap_20210216160000_EBG.jpg,1464,1151,drysand,2
FRF_c1_snap_20210216160000_EBG.jpg,1363,1376,drysand,2
FRF_c1_snap_20210216160000_EBG.jpg,1906,1967,drysand,2
FRF_c1_snap_20210216160000_EBG.jpg,1998,1747,drysand,2
FRF_c1_snap_20210216160000_EBG.jpg,1877,1465,drysand,2
FRF_c1_snap_20210216160000_EBG.jpg,1386,1133,drysand,2
FRF_c1_snap_20210216160000_EBG.jpg,1681,1655,drysand,2
FRF_c1_snap_20210216160000_EBG.jpg,2020,1742,drysand,2
FRF_c1_snap_20210216160000_EBG.jpg,792,758,drysand,2
FRF_c1_snap_20210216160000_EBG.jpg,1373,1145,drysand,2
FRF_c1_snap_20210216160000_EBG.jpg,1493,1165,drysand,2
FRF_c1_snap_20210216160000_EBG.jpg,1774,1458,drysand,2
FRF_c1_snap_20210216160000_EBG.jpg,1086,1242,drysand,2
FRF_c1_snap_20210216160000_EBG.jpg,1032,865,drysand,2
FRF_c1_snap_20210216160000_EBG.jpg,2018,1663,drysand,2
FRF_c1_snap_20210216160000_EBG.jpg,2157,1624,drysand,2
FRF_c1_snap_20210216160000_EBG.jpg,1388,1505,drysand,2
FRF_c1_snap_20210216160000_EBG.jpg,1704,1686,drysand,2
FRF_c1_snap_20210216160000_EBG.jpg,1295,1073,drysand,2
FRF_c1_snap_20210216160000_EBG.jpg,1347,1314,drysand,2
FRF_c1_snap_20210216160000_EBG.jpg,628,1439,vegetation,3
FRF_c1_snap_20210216160000_EBG.jpg,1233,1939,vegetation,3
FRF_c1_snap_20210216160000_EBG.jpg,890,958,vegetation,3
FRF_c1_snap_20210216160000_EBG.jpg,949,1785,vegetation,3
FRF_c1_snap_20210216160000_EBG.jpg,791,1128,vegetation,3
FRF_c1_snap_20210216160000_EBG.jpg,1125,1665,vegetation,3
FRF_c1_snap_20210216160000_EBG.jpg,1074,1794,vegetation,3
FRF_c1_snap_20210216160000_EBG.jpg,1151,1747,vegetation,3
FRF_c1_snap_20210216160000_EBG.jpg,1394,1632,vegetation,3
FRF_c1_snap_20210216160000_EBG.jpg,723,1165,vegetation,3
FRF_c1_snap_20210216160000_EBG.jpg,1063,1916,vegetation,3
FRF_c1_snap_20210216160000_EBG.jpg,877,1636,vegetation,3
FRF_c1_snap_20210216160000_EBG.jpg,712,809,vegetation,3
FRF_c1_snap_20210216160000_EBG.jpg,687,1903,vegetation,3
FRF_c1_snap_20210216160000_EBG.jpg,676,1905,vegetation,3
FRF_c1_snap_20210216160000_EBG.jpg,1156,1896,vegetation,3
FRF_c1_snap_20210216160000_EBG.jpg,905,1242,vegetation,3
FRF_c1_snap_20210216160000_EBG.jpg,987,1804,vegetation,3
FRF_c1_snap_20210216160000_EBG.jpg,702,1292,vegetation,3
FRF_c1_snap_20210216160000_EBG.jpg,604,1499,vegetation,3
FRF_c1_snap_20210216160000_EBG.jpg,1186,1514,vegetation,3
FRF_c1_snap_20210216160000_EBG.jpg,1647,1493,vegetation,3
FRF_c1_snap_20210216160000_EBG.jpg,705,1843,vegetation,3
FRF_c1_snap_20210216160000_EBG.jpg,1482,1938,vegetation,3
FRF_c1_snap_20210216160000_EBG.jpg,958,1901,vegetation,3
FRF_c1_snap_20210216160000_EBG.jpg,1122,1566,vegetation,3
FRF_c1_snap_20210216160000_EBG.jpg,908,1969,vegetation,3
FRF_c1_snap_20210216160000_EBG.jpg,1089,1198,vegetation,3
FRF_c1_snap_20210216160000_EBG.jpg,689,1913,vegetation,3
FRF_c1_snap_20210216160000_EBG.jpg,1107,1219,vegetation,3
FRF_c1_snap_20210216160000_EBG.jpg,817,1869,vegetation,3
FRF_c1_snap_20210216160000_EBG.jpg,853,1163,vegetation,3
FRF_c1_snap_20210216160000_EBG.jpg,1016,1164,vegetation,3
FRF_c1_snap_20210216160000_EBG.jpg,1321,1514,vegetation,3
FRF_c1_snap_20210216160000_EBG.jpg,701,1407,vegetation,3
FRF_c1_snap_20210216160000_EBG.jpg,1511,1808,vegetation,3
FRF_c1_snap_20210216160000_EBG.jpg,1158,1653,vegetation,3
FRF_c1_snap_20210216160000_EBG.jpg,1028,1555,vegetation,3
FRF_c1_snap_20210216160000_EBG.jpg,698,1982,vegetation,3
FRF_c1_snap_20210216160000_EBG.jpg,1099,1770,vegetation,3
FRF_c1_snap_20210216160000_EBG.jpg,41,1024,vegetation,3
FRF_c1_snap_20210216160000_EBG.jpg,336,1318,vegetation,3
FRF_c1_snap_20210216160000_EBG.jpg,302,869,vegetation,3
FRF_c1_snap_20210216160000_EBG.jpg,134,1890,vegetation,3
FRF_c1_snap_20210216160000_EBG.jpg,400,1074,vegetation,3
FRF_c1_snap_20210216160000_EBG.jpg,483,1288,vegetation,3
FRF_c1_snap_20210216160000_EBG.jpg,235,1473,vegetation,3
FRF_c1_snap_20210216160000_EBG.jpg,203,1963,vegetation,3
FRF_c1_snap_20210216160000_EBG.jpg,469,1935,vegetation,3
FRF_c1_snap_20210216160000_EBG.jpg,532,1239,vegetation,3
FRF_c1_snap_20210216160000_EBG.jpg,537,1122,vegetation,3
FRF_c1_snap_20210216160000_EBG.jpg,21,1191,vegetation,3
FRF_c1_snap_20210216160000_EBG.jpg,464,1219,vegetation,3
FRF_c1_snap_20210216160000_EBG.jpg,159,1279,vegetation,3
FRF_c1_snap_20210216160000_EBG.jpg,365,1509,vegetation,3
FRF_c1_snap_20210216160000_EBG.jpg,267,1600,vegetation,3
FRF_c1_snap_20210216160000_EBG.jpg,287,1464,vegetation,3
FRF_c1_snap_20210216160000_EBG.jpg,133,1446,vegetation,3
FRF_c1_snap_20210216160000_EBG.jpg,121,1446,vegetation,3
FRF_c1_snap_20210216160000_EBG.jpg,481,1191,vegetation,3
FRF_c1_snap_20210216160000_EBG.jpg,266,1474,vegetation,3
FRF_c1_snap_20210216160000_EBG.jpg,420,1523,vegetation,3
FRF_c1_snap_20210216160000_EBG.jpg,58,1739,vegetation,3
FRF_c1_snap_20210216160000_EBG.jpg,333,1435,vegetation,3
FRF_c1_snap_20210216160000_EBG.jpg,449,1608,vegetation,3
FRF_c1_snap_20210216160000_EBG.jpg,74,1569,vegetation,3
FRF_c1_snap_20210216160000_EBG.jpg,199,1335,vegetation,3
FRF_c1_snap_20210216160000_EBG.jpg,185,1326,vegetation,3
FRF_c1_snap_20210216160000_EBG.jpg,471,1011,vegetation,3
FRF_c1_snap_20210216160000_EBG.jpg,402,1051,vegetation,3
FRF_c1_snap_20210216160000_EBG.jpg,537,1235,vegetation,3
FRF_c1_snap_20210216160000_EBG.jpg,470,1876,vegetation,3
FRF_c1_snap_20210216160000_EBG.jpg,67,1626,vegetation,3
FRF_c1_snap_20210216160000_EBG.jpg,346,1207,vegetation,3
FRF_c1_snap_20210216160000_EBG.jpg,252,1943,vegetation,3
FRF_c1_snap_20210216160000_EBG.jpg,435,953,vegetation,3
FRF_c1_snap_20210216160000_EBG.jpg,256,1594,vegetation,3
FRF_c1_snap_20210216160000_EBG.jpg,76,1556,vegetation,3
FRF_c1_snap_20210216160000_EBG.jpg,66,1310,vegetation,3
FRF_c1_snap_20210216160000_EBG.jpg,174,1723,vegetation,3
FRF_c1_snap_20210216160000_EBG.jpg,1232,1169,heavies,4
FRF_c1_snap_20210216160000_EBG.jpg,2136,1893,heavies,4
FRF_c1_snap_20210216160000_EBG.jpg,1374,1785,heavies,4
FRF_c1_snap_20210216160000_EBG.jpg,1939,1836,heavies,4
FRF_c1_snap_20210216160000_EBG.jpg,1861,1853,heavies,4
FRF_c1_snap_20210216160000_EBG.jpg,1250,1717,heavies,4
FRF_c1_snap_20210216160000_EBG.jpg,1123,1327,heavies,4
FRF_c1_snap_20210216160000_EBG.jpg,1768,1831,heavies,4
FRF_c1_snap_20210216160000_EBG.jpg,1239,1156,heavies,4
FRF_c1_snap_20210216160000_EBG.jpg,1852,1831,heavies,4
FRF_c1_snap_20210216160000_EBG.jpg,1800,1527,heavies,4
FRF_c1_snap_20210216160000_EBG.jpg,2192,1908,heavies,4
FRF_c1_snap_20210216160000_EBG.jpg,1449,1410,heavies,4
FRF_c1_snap_20210216160000_EBG.jpg,2074,1828,heavies,4
FRF_c1_snap_20210216160000_EBG.jpg,1877,1863,heavies,4
FRF_c1_snap_20210216160000_EBG.jpg,2247,1549,heavies,4
FRF_c1_snap_20210216160000_EBG.jpg,2105,1861,heavies,4
FRF_c1_snap_20210216160000_EBG.jpg,1861,1690,heavies,4
FRF_c1_snap_20210216160000_EBG.jpg,1615,1453,heavies,4
FRF_c1_snap_20210216160000_EBG.jpg,1569,1901,heavies,4
FRF_c1_snap_20210216160000_EBG.jpg,1733,1646,heavies,4
FRF_c1_snap_20210216160000_EBG.jpg,1922,1654,heavies,4
FRF_c1_snap_20210216160000_EBG.jpg,1197,1144,heavies,4
FRF_c1_snap_20210216160000_EBG.jpg,1234,1559,heavies,4
FRF_c1_snap_20210216160000_EBG.jpg,1652,1521,heavies,4
FRF_c1_snap_20210216160000_EBG.jpg,2103,1803,heavies,4
FRF_c1_snap_20210216160000_EBG.jpg,1905,1956,heavies,4
FRF_c1_snap_20210216160000_EBG.jpg,1406,1807,heavies,4
FRF_c1_snap_20210216160000_EBG.jpg,1987,1838,heavies,4
FRF_c1_snap_20210216160000_EBG.jpg,1864,1891,heavies,4
FRF_c1_snap_20210216160000_EBG.jpg,2194,1891,heavies,4
FRF_c1_snap_20210216160000_EBG.jpg,2123,1929,heavies,4
FRF_c1_snap_20210216160000_EBG.jpg,1627,1521,heavies,4
FRF_c1_snap_20210216160000_EBG.jpg,1520,1721,heavies,4
FRF_c1_snap_20210216160000_EBG.jpg,1477,1386,heavies,4
FRF_c1_snap_20210216160000_EBG.jpg,1646,1577,heavies,4
FRF_c1_snap_20210216160000_EBG.jpg,1407,1268,heavies,4
FRF_c1_snap_20210216160000_EBG.jpg,1733,1747,heavies,4
FRF_c1_snap_20210216160000_EBG.jpg,2020,1810,heavies,4
FRF_c1_snap_20210216160000_EBG.jpg,1488,1985,heavies,4
FRF_c1_snap_20210216160000_EBG.jpg,1973,1931,heavies,4
FRF_c1_snap_20210216160000_EBG.jpg,1973,1923,heavies,4
FRF_c1_snap_20210216160000_EBG.jpg,1244,1165,heavies,4
FRF_c1_snap_20210216160000_EBG.jpg,1771,1783,heavies,4
FRF_c1_snap_20210216160000_EBG.jpg,1210,1537,heavies,4
FRF_c1_snap_20210216160000_EBG.jpg,1973,1965,heavies,4
FRF_c1_snap_20210216160000_EBG.jpg,1648,1540,heavies,4
FRF_c1_snap_20210216160000_EBG.jpg,1734,1779,heavies,4
FRF_c1_snap_20210216160000_EBG.jpg,1406,1387,heavies,4
FRF_c1_snap_20210216160000_EBG.jpg,1563,1511,heavies,4
FRF_c1_snap_20210216160000_EBG.jpg,1091,1061,heavies,4
FRF_c1_snap_20210216160000_EBG.jpg,1232,1178,heavies,4
FRF_c1_snap_20210216160000_EBG.jpg,1878,1649,heavies,4
FRF_c1_snap_20210216160000_EBG.jpg,2222,1952,heavies,4
FRF_c1_snap_20210216160000_EBG.jpg,1765,1977,heavies,4
FRF_c1_snap_20210216160000_EBG.jpg,1675,1662,heavies,4
FRF_c1_snap_20210216160000_EBG.jpg,1274,1203,heavies,4
FRF_c1_snap_20210216160000_EBG.jpg,1449,1284,heavies,4
FRF_c1_snap_20210216160000_EBG.jpg,1194,1320,heavies,4
FRF_c1_snap_20210216160000_EBG.jpg,1969,1805,heavies,4
FRF_c1_snap_20210216160000_EBG.jpg,1561,1862,heavies,4
FRF_c1_snap_20210216160000_EBG.jpg,1332,1579,heavies,4
FRF_c1_snap_20210216160000_EBG.jpg,1704,1812,heavies,4
FRF_c1_snap_20210216160000_EBG.jpg,1831,1620,heavies,4
FRF_c1_snap_20210216160000_EBG.jpg,1899,1651,heavies,4
FRF_c1_snap_20210216160000_EBG.jpg,1314,1210,heavies,4
FRF_c1_snap_20210216160000_EBG.jpg,1252,1494,heavies,4
FRF_c1_snap_20210216160000_EBG.jpg,1647,1547,heavies,4
FRF_c1_snap_20210216160000_EBG.jpg,1980,1834,heavies,4
FRF_c1_snap_20210216160000_EBG.jpg,1344,1276,heavies,4
FRF_c1_snap_20210216160000_EBG.jpg,1499,1524,heavies,4
FRF_c1_snap_20210216160000_EBG.jpg,1215,1128,heavies,4
FRF_c1_snap_20210216160000_EBG.jpg,1496,1471,heavies,4
FRF_c1_snap_20210216160000_EBG.jpg,1470,1760,heavies,4
FRF_c1_snap_20210216160000_EBG.jpg,1532,1382,heavies,4
FRF_c1_snap_20210216160000_EBG.jpg,1246,1192,heavies,4
FRF_c1_snap_20210216160000_EBG.jpg,1363,1715,heavies,4
FRF_c1_snap_20210216160000_EBG.jpg,1251,1230,heavies,4
FRF_c1_snap_20210216160000_EBG.jpg,2088,1798,heavies,4
FRF_c1_snap_20210216160000_EBG.jpg,1158,1259,heavies,4
FRF_c1_snap_20210216160000_EBG.jpg,1334,944,lag,5
FRF_c1_snap_20210216160000_EBG.jpg,1334,973,lag,5
FRF_c1_snap_20210216160000_EBG.jpg,1319,980,lag,5
FRF_c1_snap_20210216160000_EBG.jpg,1319,943,lag,5
FRF_c1_snap_20210216160000_EBG.jpg,1310,967,lag,5
FRF_c1_snap_20210216160000_EBG.jpg,1341,945,lag,5
FRF_c1_snap_20210216160000_EBG.jpg,1337,946,lag,5
FRF_c1_snap_20210216160000_EBG.jpg,1331,948,lag,5
FRF_c1_snap_20210216160000_EBG.jpg,1348,975,lag,5
FRF_c1_snap_20210216160000_EBG.jpg,1351,979,lag,5
FRF_c1_snap_20210216160000_EBG.jpg,1353,974,lag,5
FRF_c1_snap_20210216160000_EBG.jpg,1336,978,lag,5
FRF_c1_snap_20210216160000_EBG.jpg,1325,941,lag,5
FRF_c1_snap_20210216160000_EBG.jpg,1329,976,lag,5
FRF_c1_snap_20210216160000_EBG.jpg,1325,970,lag,5
FRF_c1_snap_20210216160000_EBG.jpg,1328,940,lag,5
FRF_c1_snap_20210216160000_EBG.jpg,1315,958,lag,5
FRF_c1_snap_20210216160000_EBG.jpg,1324,942,lag,5
FRF_c1_snap_20210216160000_EBG.jpg,1338,961,lag,5
FRF_c1_snap_20210216160000_EBG.jpg,1310,966,lag,5
FRF_c1_snap_20210216160000_EBG.jpg,1334,955,lag,5
FRF_c1_snap_20210216160000_EBG.jpg,1315,944,lag,5
FRF_c1_snap_20210216160000_EBG.jpg,1326,950,lag,5
FRF_c1_snap_20210216160000_EBG.jpg,1315,965,lag,5
FRF_c1_snap_20210216160000_EBG.jpg,1349,946,lag,5
FRF_c1_snap_20210216160000_EBG.jpg,1348,946,lag,5
FRF_c1_snap_20210216160000_EBG.jpg,1349,948,lag,5
FRF_c1_snap_20210216160000_EBG.jpg,1327,974,lag,5
FRF_c1_snap_20210216160000_EBG.jpg,1317,968,lag,5
FRF_c1_snap_20210216160000_EBG.jpg,1328,970,lag,5
FRF_c1_snap_20210216160000_EBG.jpg,1330,948,lag,5
FRF_c1_snap_20210216160000_EBG.jpg,1351,974,lag,5
FRF_c1_snap_20210216160000_EBG.jpg,1327,955,lag,5
FRF_c1_snap_20210216160000_EBG.jpg,1324,946,lag,5
FRF_c1_snap_20210216160000_EBG.jpg,1346,978,lag,5
FRF_c1_snap_20210216160000_EBG.jpg,1352,970,lag,5
FRF_c1_snap_20210216160000_EBG.jpg,1321,952,lag,5
FRF_c1_snap_20210216160000_EBG.jpg,1346,970,lag,5
FRF_c1_snap_20210216160000_EBG.jpg,1343,965,lag,5
FRF_c1_snap_20210216160000_EBG.jpg,1338,972,lag,5
FRF_c1_snap_20210216160000_EBG.jpg,1339,981,lag,5
FRF_c1_snap_20210216160000_EBG.jpg,1314,942,lag,5
FRF_c1_snap_20210216160000_EBG.jpg,1365,951,lag,5
FRF_c1_snap_20210216160000_EBG.jpg,1337,960,lag,5
FRF_c1_snap_20210216160000_EBG.jpg,1321,971,lag,5
FRF_c1_snap_20210216160000_EBG.jpg,1336,975,lag,5
FRF_c1_snap_20210216160000_EBG.jpg,1318,949,lag,5
FRF_c1_snap_20210216160000_EBG.jpg,1335,983,lag,5
FRF_c1_snap_20210216160000_EBG.jpg,1339,945,lag,5
FRF_c1_snap_20210216160000_EBG.jpg,1354,981,lag,5
FRF_c1_snap_20210216160000_EBG.jpg,1332,950,lag,5
FRF_c1_snap_20210216160000_EBG.jpg,1312,960,lag,5
FRF_c1_snap_20210216160000_EBG.jpg,1332,980,lag,5
FRF_c1_snap_20210216160000_EBG.jpg,1329,953,lag,5
FRF_c1_snap_20210216160000_EBG.jpg,1342,972,lag,5
FRF_c1_snap_20210216160000_EBG.jpg,1335,943,lag,5
FRF_c1_snap_20210216160000_EBG.jpg,1317,978,lag,5
FRF_c1_snap_20210216160000_EBG.jpg,1341,973,lag,5
FRF_c1_snap_20210216160000_EBG.jpg,1353,973,lag,5
FRF_c1_snap_20210216160000_EBG.jpg,1338,974,lag,5
FRF_c1_snap_20210216160000_EBG.jpg,1365,949,lag,5
FRF_c1_snap_20210216160000_EBG.jpg,1339,958,lag,5
FRF_c1_snap_20210216160000_EBG.jpg,1314,959,lag,5
FRF_c1_snap_20210216160000_EBG.jpg,1331,951,lag,5
FRF_c1_snap_20210216160000_EBG.jpg,1323,941,lag,5
FRF_c1_snap_20210216160000_EBG.jpg,1346,980,lag,5
FRF_c1_snap_20210216160000_EBG.jpg,1311,957,lag,5
FRF_c1_snap_20210216160000_EBG.jpg,1329,951,lag,5
FRF_c1_snap_20210216160000_EBG.jpg,1315,939,lag,5
FRF_c1_snap_20210216160000_EBG.jpg,1326,946,lag,5
FRF_c1_snap_20210216160000_EBG.jpg,1337,979,lag,5
FRF_c1_snap_20210216160000_EBG.jpg,1340,978,lag,5
FRF_c1_snap_20210216160000_EBG.jpg,1327,951,lag,5
FRF_c1_snap_20210216160000_EBG.jpg,1347,946,lag,5
FRF_c1_snap_20210216160000_EBG.jpg,1313,965,lag,5
FRF_c1_snap_20210216160000_EBG.jpg,1332,979,lag,5
FRF_c1_snap_20210216160000_EBG.jpg,1346,983,lag,5
FRF_c1_snap_20210216160000_EBG.jpg,1330,975,lag,5
FRF_c1_snap_20210216160000_EBG.jpg,1327,948,lag,5
FRF_c1_snap_20210216160000_EBG.jpg,1367,949,lag,5
FRF_c1_snap_20210225160000_EBG.jpg,1672,663,background,0
FRF_c1_snap_20210225160000_EBG.jpg,2350,999,background,0
FRF_c1_snap_20210225160000_EBG.jpg,1788,820,background,0
FRF_c1_snap_20210225160000_EBG.jpg,1787,788,background,0
FRF_c1_snap_20210225160000_EBG.jpg,2202,1017,background,0
FRF_c1_snap_20210225160000_EBG.jpg,1790,730,background,0
FRF_c1_snap_20210225160000_EBG.jpg,1631,679,background,0
FRF_c1_snap_20210225160000_EBG.jpg,2029,825,background,0
FRF_c1_snap_20210225160000_EBG.jpg,2209,914,background,0
FRF_c1_snap_20210225160000_EBG.jpg,1568,705,background,0
FRF_c1_snap_20210225160000_EBG.jpg,1503,689,background,0
FRF_c1_snap_20210225160000_EBG.jpg,1925,892,background,0
FRF_c1_snap_20210225160000_EBG.jpg,1571,742,background,0
FRF_c1_snap_20210225160000_EBG.jpg,1740,826,background,0
FRF_c1_snap_20210225160000_EBG.jpg,1369,528,background,0
FRF_c1_snap_20210225160000_EBG.jpg,1579,610,background,0
FRF_c1_snap_20210225160000_EBG.jpg,1099,538,background,0
FRF_c1_snap_20210225160000_EBG.jpg,2110,906,background,0
FRF_c1_snap_20210225160000_EBG.jpg,1423,629,background,0
FRF_c1_snap_20210225160000_EBG.jpg,1195,588,background,0
FRF_c1_snap_20210225160000_EBG.jpg,1833,720,background,0
FRF_c1_snap_20210225160000_EBG.jpg,1992,842,background,0
FRF_c1_snap_20210225160000_EBG.jpg,1977,883,background,0
FRF_c1_snap_20210225160000_EBG.jpg,2105,874,background,0
FRF_c1_snap_20210225160000_EBG.jpg,1859,823,background,0
FRF_c1_snap_20210225160000_EBG.jpg,1723,813,background,0
FRF_c1_snap_20210225160000_EBG.jpg,1926,753,background,0
FRF_c1_snap_20210225160000_EBG.jpg,1644,661,background,0
FRF_c1_snap_20210225160000_EBG.jpg,1459,652,background,0
FRF_c1_snap_20210225160000_EBG.jpg,2268,963,background,0
FRF_c1_snap_20210225160000_EBG.jpg,1445,638,background,0
FRF_c1_snap_20210225160000_EBG.jpg,1577,719,background,0
FRF_c1_snap_20210225160000_EBG.jpg,1915,857,background,0
FRF_c1_snap_20210225160000_EBG.jpg,2131,887,background,0
FRF_c1_snap_20210225160000_EBG.jpg,1577,706,background,0
FRF_c1_snap_20210225160000_EBG.jpg,1653,776,background,0
FRF_c1_snap_20210225160000_EBG.jpg,1224,588,background,0
FRF_c1_snap_20210225160000_EBG.jpg,1405,673,background,0
FRF_c1_snap_20210225160000_EBG.jpg,2092,818,background,0
FRF_c1_snap_20210225160000_EBG.jpg,2106,947,background,0
FRF_c1_snap_20210225160000_EBG.jpg,247,463,background,0
FRF_c1_snap_20210225160000_EBG.jpg,382,645,background,0
FRF_c1_snap_20210225160000_EBG.jpg,52,347,background,0
FRF_c1_snap_20210225160000_EBG.jpg,80,507,background,0
FRF_c1_snap_20210225160000_EBG.jpg,193,503,background,0
FRF_c1_snap_20210225160000_EBG.jpg,30,617,background,0
FRF_c1_snap_20210225160000_EBG.jpg,179,663,background,0
FRF_c1_snap_20210225160000_EBG.jpg,229,667,background,0
FRF_c1_snap_20210225160000_EBG.jpg,307,469,background,0
FRF_c1_snap_20210225160000_EBG.jpg,162,361,background,0
FRF_c1_snap_20210225160000_EBG.jpg,439,583,background,0
FRF_c1_snap_20210225160000_EBG.jpg,59,384,background,0
FRF_c1_snap_20210225160000_EBG.jpg,151,397,background,0
FRF_c1_snap_20210225160000_EBG.jpg,230,629,background,0
FRF_c1_snap_20210225160000_EBG.jpg,96,519,background,0
FRF_c1_snap_20210225160000_EBG.jpg,344,565,background,0
FRF_c1_snap_20210225160000_EBG.jpg,260,538,background,0
FRF_c1_snap_20210225160000_EBG.jpg,296,415,background,0
FRF_c1_snap_20210225160000_EBG.jpg,511,567,background,0
FRF_c1_snap_20210225160000_EBG.jpg,385,582,background,0
FRF_c1_snap_20210225160000_EBG.jpg,213,523,background,0
FRF_c1_snap_20210225160000_EBG.jpg,319,515,background,0
FRF_c1_snap_20210225160000_EBG.jpg,92,459,background,0
FRF_c1_snap_20210225160000_EBG.jpg,123,261,background,0
FRF_c1_snap_20210225160000_EBG.jpg,317,331,background,0
FRF_c1_snap_20210225160000_EBG.jpg,405,443,background,0
FRF_c1_snap_20210225160000_EBG.jpg,301,367,background,0
FRF_c1_snap_20210225160000_EBG.jpg,201,278,background,0
FRF_c1_snap_20210225160000_EBG.jpg,211,315,background,0
FRF_c1_snap_20210225160000_EBG.jpg,32,277,background,0
FRF_c1_snap_20210225160000_EBG.jpg,313,330,background,0
FRF_c1_snap_20210225160000_EBG.jpg,285,635,background,0
FRF_c1_snap_20210225160000_EBG.jpg,155,647,background,0
FRF_c1_snap_20210225160000_EBG.jpg,406,544,background,0
FRF_c1_snap_20210225160000_EBG.jpg,54,588,background,0
FRF_c1_snap_20210225160000_EBG.jpg,150,273,background,0
FRF_c1_snap_20210225160000_EBG.jpg,153,471,background,0
FRF_c1_snap_20210225160000_EBG.jpg,339,346,background,0
FRF_c1_snap_20210225160000_EBG.jpg,202,626,background,0
FRF_c1_snap_20210225160000_EBG.jpg,76,452,background,0
FRF_c1_snap_20210225160000_EBG.jpg,1950,953,wetsand,1
FRF_c1_snap_20210225160000_EBG.jpg,1784,847,wetsand,1
FRF_c1_snap_20210225160000_EBG.jpg,2321,1044,wetsand,1
FRF_c1_snap_20210225160000_EBG.jpg,2112,1007,wetsand,1
FRF_c1_snap_20210225160000_EBG.jpg,2149,998,wetsand,1
FRF_c1_snap_20210225160000_EBG.jpg,1271,645,wetsand,1
FRF_c1_snap_20210225160000_EBG.jpg,2358,1051,wetsand,1
FRF_c1_snap_20210225160000_EBG.jpg,1686,839,wetsand,1
FRF_c1_snap_20210225160000_EBG.jpg,1466,751,wetsand,1
FRF_c1_snap_20210225160000_EBG.jpg,2225,1025,wetsand,1
FRF_c1_snap_20210225160000_EBG.jpg,2349,1040,wetsand,1
FRF_c1_snap_20210225160000_EBG.jpg,2111,1011,wetsand,1
FRF_c1_snap_20210225160000_EBG.jpg,1484,743,wetsand,1
FRF_c1_snap_20210225160000_EBG.jpg,2345,1057,wetsand,1
FRF_c1_snap_20210225160000_EBG.jpg,2344,1047,wetsand,1
FRF_c1_snap_20210225160000_EBG.jpg,2049,983,wetsand,1
FRF_c1_snap_20210225160000_EBG.jpg,1651,816,wetsand,1
FRF_c1_snap_20210225160000_EBG.jpg,1755,870,wetsand,1
FRF_c1_snap_20210225160000_EBG.jpg,2330,1057,wetsand,1
FRF_c1_snap_20210225160000_EBG.jpg,1752,868,wetsand,1
FRF_c1_snap_20210225160000_EBG.jpg,1917,925,wetsand,1
FRF_c1_snap_20210225160000_EBG.jpg,1693,845,wetsand,1
FRF_c1_snap_20210225160000_EBG.jpg,1298,663,wetsand,1
FRF_c1_snap_20210225160000_EBG.jpg,2266,1061,wetsand,1
FRF_c1_snap_20210225160000_EBG.jpg,2190,1036,wetsand,1
FRF_c1_snap_20210225160000_EBG.jpg,2213,1007,wetsand,1
FRF_c1_snap_20210225160000_EBG.jpg,2190,1016,wetsand,1
FRF_c1_snap_20210225160000_EBG.jpg,1839,862,wetsand,1
FRF_c1_snap_20210225160000_EBG.jpg,1194,602,wetsand,1
FRF_c1_snap_20210225160000_EBG.jpg,1787,877,wetsand,1
FRF_c1_snap_20210225160000_EBG.jpg,1773,855,wetsand,1
FRF_c1_snap_20210225160000_EBG.jpg,1965,962,wetsand,1
FRF_c1_snap_20210225160000_EBG.jpg,1949,941,wetsand,1
FRF_c1_snap_20210225160000_EBG.jpg,1454,743,wetsand,1
FRF_c1_snap_20210225160000_EBG.jpg,2328,1052,wetsand,1
FRF_c1_snap_20210225160000_EBG.jpg,1835,878,wetsand,1
FRF_c1_snap_20210225160000_EBG.jpg,1381,717,wetsand,1
FRF_c1_snap_20210225160000_EBG.jpg,1772,853,wetsand,1
FRF_c1_snap_20210225160000_EBG.jpg,2122,1007,wetsand,1
FRF_c1_snap_20210225160000_EBG.jpg,1143,577,wetsand,1
FRF_c1_snap_20210225160000_EBG.jpg,2357,1059,wetsand,1
FRF_c1_snap_20210225160000_EBG.jpg,1242,627,wetsand,1
FRF_c1_snap_20210225160000_EBG.jpg,1191,596,wetsand,1
FRF_c1_snap_20210225160000_EBG.jpg,1828,902,wetsand,1
FRF_c1_snap_20210225160000_EBG.jpg,2064,964,wetsand,1
FRF_c1_snap_20210225160000_EBG.jpg,2337,1061,wetsand,1
FRF_c1_snap_20210225160000_EBG.jpg,2094,983,wetsand,1
FRF_c1_snap_20210225160000_EBG.jpg,1100,553,wetsand,1
FRF_c1_snap_20210225160000_EBG.jpg,2311,1057,wetsand,1
FRF_c1_snap_20210225160000_EBG.jpg,2000,954,wetsand,1
FRF_c1_snap_20210225160000_EBG.jpg,1781,881,wetsand,1
FRF_c1_snap_20210225160000_EBG.jpg,2321,1059,wetsand,1
FRF_c1_snap_20210225160000_EBG.jpg,1426,733,wetsand,1
FRF_c1_snap_20210225160000_EBG.jpg,1714,850,wetsand,1
FRF_c1_snap_20210225160000_EBG.jpg,2012,961,wetsand,1
FRF_c1_snap_20210225160000_EBG.jpg,1390,698,wetsand,1
FRF_c1_snap_20210225160000_EBG.jpg,2327,1071,wetsand,1
FRF_c1_snap_20210225160000_EBG.jpg,2268,1020,wetsand,1
FRF_c1_snap_20210225160000_EBG.jpg,2283,1022,wetsand,1
FRF_c1_snap_20210225160000_EBG.jpg,2262,1061,wetsand,1
FRF_c1_snap_20210225160000_EBG.jpg,2395,1057,wetsand,1
FRF_c1_snap_20210225160000_EBG.jpg,2215,1009,wetsand,1
FRF_c1_snap_20210225160000_EBG.jpg,1438,720,wetsand,1
FRF_c1_snap_20210225160000_EBG.jpg,2214,1034,wetsand,1
FRF_c1_snap_20210225160000_EBG.jpg,2153,998,wetsand,1
FRF_c1_snap_20210225160000_EBG.jpg,1833,881,wetsand,1
FRF_c1_snap_20210225160000_EBG.jpg,1694,838,wetsand,1
FRF_c1_snap_20210225160000_EBG.jpg,1588,777,wetsand,1
FRF_c1_snap_20210225160000_EBG.jpg,2389,1078,wetsand,1
FRF_c1_snap_20210225160000_EBG.jpg,1186,606,wetsand,1
FRF_c1_snap_20210225160000_EBG.jpg,1592,778,wetsand,1
FRF_c1_snap_20210225160000_EBG.jpg,2135,1013,wetsand,1
FRF_c1_snap_20210225160000_EBG.jpg,2402,1062,wetsand,1
FRF_c1_snap_20210225160000_EBG.jpg,1757,877,wetsand,1
FRF_c1_snap_20210225160000_EBG.jpg,1399,708,wetsand,1
FRF_c1_snap_20210225160000_EBG.jpg,2145,1002,wetsand,1
FRF_c1_snap_20210225160000_EBG.jpg,2359,1056,wetsand,1
FRF_c1_snap_20210225160000_EBG.jpg,1444,743,wetsand,1
FRF_c1_snap_20210225160000_EBG.jpg,1427,718,wetsand,1
FRF_c1_snap_20210225160000_EBG.jpg,1623,785,wetsand,1
FRF_c1_snap_20210225160000_EBG.jpg,1776,1464,drysand,2
FRF_c1_snap_20210225160000_EBG.jpg,902,833,drysand,2
FRF_c1_snap_20210225160000_EBG.jpg,1957,1741,drysand,2
FRF_c1_snap_20210225160000_EBG.jpg,1475,1407,drysand,2
FRF_c1_snap_20210225160000_EBG.jpg,1498,1516,drysand,2
FRF_c1_snap_20210225160000_EBG.jpg,2181,1683,drysand,2
FRF_c1_snap_20210225160000_EBG.jpg,917,657,drysand,2
FRF_c1_snap_20210225160000_EBG.jpg,2215,1937,drysand,2
FRF_c1_snap_20210225160000_EBG.jpg,1908,1075,drysand,2
FRF_c1_snap_20210225160000_EBG.jpg,1776,980,drysand,2
FRF_c1_snap_20210225160000_EBG.jpg,2149,1224,drysand,2
FRF_c1_snap_20210225160000_EBG.jpg,1139,1428,drysand,2
FRF_c1_snap_20210225160000_EBG.jpg,1261,1217,drysand,2
FRF_c1_snap_20210225160000_EBG.jpg,1550,1604,drysand,2
FRF_c1_snap_20210225160000_EBG.jpg,1600,1751,drysand,2
FRF_c1_snap_20210225160000_EBG.jpg,2335,1157,drysand,2
FRF_c1_snap_20210225160000_EBG.jpg,2413,1519,drysand,2
FRF_c1_snap_20210225160000_EBG.jpg,1396,1369,drysand,2
FRF_c1_snap_20210225160000_EBG.jpg,808,1516,drysand,2
FRF_c1_snap_20210225160000_EBG.jpg,1821,1862,drysand,2
FRF_c1_snap_20210225160000_EBG.jpg,1540,1576,drysand,2
FRF_c1_snap_20210225160000_EBG.jpg,1718,1108,drysand,2
FRF_c1_snap_20210225160000_EBG.jpg,1970,1614,drysand,2
FRF_c1_snap_20210225160000_EBG.jpg,1443,1975,drysand,2
FRF_c1_snap_20210225160000_EBG.jpg,1879,1070,drysand,2
FRF_c1_snap_20210225160000_EBG.jpg,1746,1740,drysand,2
FRF_c1_snap_20210225160000_EBG.jpg,2115,1100,drysand,2
FRF_c1_snap_20210225160000_EBG.jpg,1940,1288,drysand,2
FRF_c1_snap_20210225160000_EBG.jpg,1995,1463,drysand,2
FRF_c1_snap_20210225160000_EBG.jpg,2129,1834,drysand,2
FRF_c1_snap_20210225160000_EBG.jpg,1982,1330,drysand,2
FRF_c1_snap_20210225160000_EBG.jpg,1559,972,drysand,2
FRF_c1_snap_20210225160000_EBG.jpg,1677,1539,drysand,2
FRF_c1_snap_20210225160000_EBG.jpg,2364,1197,drysand,2
FRF_c1_snap_20210225160000_EBG.jpg,2170,1239,drysand,2
FRF_c1_snap_20210225160000_EBG.jpg,1099,877,drysand,2
FRF_c1_snap_20210225160000_EBG.jpg,1476,1278,drysand,2
FRF_c1_snap_20210225160000_EBG.jpg,1420,1243,drysand,2
FRF_c1_snap_20210225160000_EBG.jpg,2082,1031,drysand,2
FRF_c1_snap_20210225160000_EBG.jpg,1372,1121,drysand,2
FRF_c1_snap_20210225160000_EBG.jpg,1712,1343,drysand,2
FRF_c1_snap_20210225160000_EBG.jpg,2050,1534,drysand,2
FRF_c1_snap_20210225160000_EBG.jpg,1822,1001,drysand,2
FRF_c1_snap_20210225160000_EBG.jpg,1450,1869,drysand,2
FRF_c1_snap_20210225160000_EBG.jpg,1921,1955,drysand,2
FRF_c1_snap_20210225160000_EBG.jpg,1568,1468,drysand,2
FRF_c1_snap_20210225160000_EBG.jpg,1416,1045,drysand,2
FRF_c1_snap_20210225160000_EBG.jpg,1322,1353,drysand,2
FRF_c1_snap_20210225160000_EBG.jpg,1665,1888,drysand,2
FRF_c1_snap_20210225160000_EBG.jpg,2060,1462,drysand,2
FRF_c1_snap_20210225160000_EBG.jpg,1122,690,drysand,2
FRF_c1_snap_20210225160000_EBG.jpg,2135,1932,drysand,2
FRF_c1_snap_20210225160000_EBG.jpg,2152,1809,drysand,2
FRF_c1_snap_20210225160000_EBG.jpg,978,1374,drysand,2
FRF_c1_snap_20210225160000_EBG.jpg,1786,1194,drysand,2
FRF_c1_snap_20210225160000_EBG.jpg,2152,1551,drysand,2
FRF_c1_snap_20210225160000_EBG.jpg,900,756,drysand,2
FRF_c1_snap_20210225160000_EBG.jpg,882,618,drysand,2
FRF_c1_snap_20210225160000_EBG.jpg,1732,1747,drysand,2
FRF_c1_snap_20210225160000_EBG.jpg,1686,907,drysand,2
FRF_c1_snap_20210225160000_EBG.jpg,2202,1148,drysand,2
FRF_c1_snap_20210225160000_EBG.jpg,2267,1922,drysand,2
FRF_c1_snap_20210225160000_EBG.jpg,1392,1566,drysand,2
FRF_c1_snap_20210225160000_EBG.jpg,1576,1922,drysand,2
FRF_c1_snap_20210225160000_EBG.jpg,1606,1223,drysand,2
FRF_c1_snap_20210225160000_EBG.jpg,1234,832,drysand,2
FRF_c1_snap_20210225160000_EBG.jpg,1698,1814,drysand,2
FRF_c1_snap_20210225160000_EBG.jpg,2242,1958,drysand,2
FRF_c1_snap_20210225160000_EBG.jpg,1400,1053,drysand,2
FRF_c1_snap_20210225160000_EBG.jpg,1922,1256,drysand,2
FRF_c1_snap_20210225160000_EBG.jpg,2075,1651,drysand,2
FRF_c1_snap_20210225160000_EBG.jpg,1192,1374,drysand,2
FRF_c1_snap_20210225160000_EBG.jpg,1791,987,drysand,2
FRF_c1_snap_20210225160000_EBG.jpg,2364,1478,drysand,2
FRF_c1_snap_20210225160000_EBG.jpg,2270,1736,drysand,2
FRF_c1_snap_20210225160000_EBG.jpg,1831,1830,drysand,2
FRF_c1_snap_20210225160000_EBG.jpg,951,1429,drysand,2
FRF_c1_snap_20210225160000_EBG.jpg,1883,1016,drysand,2
FRF_c1_snap_20210225160000_EBG.jpg,1768,911,drysand,2
FRF_c1_snap_20210225160000_EBG.jpg,1885,1558,drysand,2
FRF_c1_snap_20210225160000_EBG.jpg,1050,1477,vegetation,3
FRF_c1_snap_20210225160000_EBG.jpg,1060,1714,vegetation,3
FRF_c1_snap_20210225160000_EBG.jpg,1054,1886,vegetation,3
FRF_c1_snap_20210225160000_EBG.jpg,636,1868,vegetation,3
FRF_c1_snap_20210225160000_EBG.jpg,1354,1967,vegetation,3
FRF_c1_snap_20210225160000_EBG.jpg,640,1038,vegetation,3
FRF_c1_snap_20210225160000_EBG.jpg,698,747,vegetation,3
FRF_c1_snap_20210225160000_EBG.jpg,901,1217,vegetation,3
FRF_c1_snap_20210225160000_EBG.jpg,695,1814,vegetation,3
FRF_c1_snap_20210225160000_EBG.jpg,658,1653,vegetation,3
FRF_c1_snap_20210225160000_EBG.jpg,742,1691,vegetation,3
FRF_c1_snap_20210225160000_EBG.jpg,826,1762,vegetation,3
FRF_c1_snap_20210225160000_EBG.jpg,1130,1606,vegetation,3
FRF_c1_snap_20210225160000_EBG.jpg,1706,1977,vegetation,3
FRF_c1_snap_20210225160000_EBG.jpg,936,1679,vegetation,3
FRF_c1_snap_20210225160000_EBG.jpg,1209,1386,vegetation,3
FRF_c1_snap_20210225160000_EBG.jpg,1034,1904,vegetation,3
FRF_c1_snap_20210225160000_EBG.jpg,930,1828,vegetation,3
FRF_c1_snap_20210225160000_EBG.jpg,573,1948,vegetation,3
FRF_c1_snap_20210225160000_EBG.jpg,850,1050,vegetation,3
FRF_c1_snap_20210225160000_EBG.jpg,796,1146,vegetation,3
FRF_c1_snap_20210225160000_EBG.jpg,737,1138,vegetation,3
FRF_c1_snap_20210225160000_EBG.jpg,877,1781,vegetation,3
FRF_c1_snap_20210225160000_EBG.jpg,913,1627,vegetation,3
FRF_c1_snap_20210225160000_EBG.jpg,800,1763,vegetation,3
FRF_c1_snap_20210225160000_EBG.jpg,850,1944,vegetation,3
FRF_c1_snap_20210225160000_EBG.jpg,707,875,vegetation,3
FRF_c1_snap_20210225160000_EBG.jpg,1296,1882,vegetation,3
FRF_c1_snap_20210225160000_EBG.jpg,1051,1355,vegetation,3
FRF_c1_snap_20210225160000_EBG.jpg,1521,1758,vegetation,3
FRF_c1_snap_20210225160000_EBG.jpg,712,1841,vegetation,3
FRF_c1_snap_20210225160000_EBG.jpg,663,961,vegetation,3
FRF_c1_snap_20210225160000_EBG.jpg,731,1830,vegetation,3
FRF_c1_snap_20210225160000_EBG.jpg,901,1716,vegetation,3
FRF_c1_snap_20210225160000_EBG.jpg,1118,1814,vegetation,3
FRF_c1_snap_20210225160000_EBG.jpg,855,1951,vegetation,3
FRF_c1_snap_20210225160000_EBG.jpg,602,1878,vegetation,3
FRF_c1_snap_20210225160000_EBG.jpg,1213,1710,vegetation,3
FRF_c1_snap_20210225160000_EBG.jpg,911,934,vegetation,3
FRF_c1_snap_20210225160000_EBG.jpg,930,1835,vegetation,3
FRF_c1_snap_20210225160000_EBG.jpg,125,1774,vegetation,3
FRF_c1_snap_20210225160000_EBG.jpg,59,962,vegetation,3
FRF_c1_snap_20210225160000_EBG.jpg,436,1690,vegetation,3
FRF_c1_snap_20210225160000_EBG.jpg,211,1336,vegetation,3
FRF_c1_snap_20210225160000_EBG.jpg,383,1147,vegetation,3
FRF_c1_snap_20210225160000_EBG.jpg,202,971,vegetation,3
FRF_c1_snap_20210225160000_EBG.jpg,384,1087,vegetation,3
FRF_c1_snap_20210225160000_EBG.jpg,211,1583,vegetation,3
FRF_c1_snap_20210225160000_EBG.jpg,413,1899,vegetation,3
FRF_c1_snap_20210225160000_EBG.jpg,174,1342,vegetation,3
FRF_c1_snap_20210225160000_EBG.jpg,219,1607,vegetation,3
FRF_c1_snap_20210225160000_EBG.jpg,441,1680,vegetation,3
FRF_c1_snap_20210225160000_EBG.jpg,133,1330,vegetation,3
FRF_c1_snap_20210225160000_EBG.jpg,362,906,vegetation,3
FRF_c1_snap_20210225160000_EBG.jpg,425,1242,vegetation,3
FRF_c1_snap_20210225160000_EBG.jpg,56,1766,vegetation,3
FRF_c1_snap_20210225160000_EBG.jpg,523,981,vegetation,3
FRF_c1_snap_20210225160000_EBG.jpg,358,1011,vegetation,3
FRF_c1_snap_20210225160000_EBG.jpg,475,1970,vegetation,3
FRF_c1_snap_20210225160000_EBG.jpg,299,1669,vegetation,3
FRF_c1_snap_20210225160000_EBG.jpg,262,1626,vegetation,3
FRF_c1_snap_20210225160000_EBG.jpg,492,1728,vegetation,3
FRF_c1_snap_20210225160000_EBG.jpg,119,970,vegetation,3
FRF_c1_snap_20210225160000_EBG.jpg,96,1328,vegetation,3
FRF_c1_snap_20210225160000_EBG.jpg,36,1216,vegetation,3
FRF_c1_snap_20210225160000_EBG.jpg,353,1265,vegetation,3
FRF_c1_snap_20210225160000_EBG.jpg,443,1911,vegetation,3
FRF_c1_snap_20210225160000_EBG.jpg,398,1477,vegetation,3
FRF_c1_snap_20210225160000_EBG.jpg,197,1292,vegetation,3
FRF_c1_snap_20210225160000_EBG.jpg,292,860,vegetation,3
FRF_c1_snap_20210225160000_EBG.jpg,387,1897,vegetation,3
FRF_c1_snap_20210225160000_EBG.jpg,369,867,vegetation,3
FRF_c1_snap_20210225160000_EBG.jpg,312,1611,vegetation,3
FRF_c1_snap_20210225160000_EBG.jpg,137,1288,vegetation,3
FRF_c1_snap_20210225160000_EBG.jpg,293,1671,vegetation,3
FRF_c1_snap_20210225160000_EBG.jpg,502,1907,vegetation,3
FRF_c1_snap_20210225160000_EBG.jpg,170,1940,vegetation,3
FRF_c1_snap_20210225160000_EBG.jpg,327,1590,vegetation,3
FRF_c1_snap_20210225160000_EBG.jpg,197,1807,vegetation,3
FRF_c1_snap_20210225160000_EBG.jpg,417,1546,vegetation,3
FRF_c1_snap_20210225160000_EBG.jpg,2382,1041,heavies,4
FRF_c1_snap_20210225160000_EBG.jpg,1832,1618,heavies,4
FRF_c1_snap_20210225160000_EBG.jpg,1771,1530,heavies,4
FRF_c1_snap_20210225160000_EBG.jpg,1966,1643,heavies,4
FRF_c1_snap_20210225160000_EBG.jpg,1538,1410,heavies,4
FRF_c1_snap_20210225160000_EBG.jpg,1596,1437,heavies,4
FRF_c1_snap_20210225160000_EBG.jpg,1928,1773,heavies,4
FRF_c1_snap_20210225160000_EBG.jpg,1728,1538,heavies,4
FRF_c1_snap_20210225160000_EBG.jpg,1853,1622,heavies,4
FRF_c1_snap_20210225160000_EBG.jpg,1610,1841,heavies,4
FRF_c1_snap_20210225160000_EBG.jpg,1525,1332,heavies,4
FRF_c1_snap_20210225160000_EBG.jpg,1886,944,heavies,4
FRF_c1_snap_20210225160000_EBG.jpg,1918,1642,heavies,4
FRF_c1_snap_20210225160000_EBG.jpg,1959,1837,heavies,4
FRF_c1_snap_20210225160000_EBG.jpg,1514,1412,heavies,4
FRF_c1_snap_20210225160000_EBG.jpg,1631,1479,heavies,4
FRF_c1_snap_20210225160000_EBG.jpg,1629,1490,heavies,4
FRF_c1_snap_20210225160000_EBG.jpg,1803,1744,heavies,4
FRF_c1_snap_20210225160000_EBG.jpg,1638,1447,heavies,4
FRF_c1_snap_20210225160000_EBG.jpg,1935,1732,heavies,4
FRF_c1_snap_20210225160000_EBG.jpg,1567,1427,heavies,4
FRF_c1_snap_20210225160000_EBG.jpg,2032,1754,heavies,4
FRF_c1_snap_20210225160000_EBG.jpg,1672,1447,heavies,4
FRF_c1_snap_20210225160000_EBG.jpg,1835,1761,heavies,4
FRF_c1_snap_20210225160000_EBG.jpg,1905,1776,heavies,4
FRF_c1_snap_20210225160000_EBG.jpg,2060,1839,heavies,4
FRF_c1_snap_20210225160000_EBG.jpg,1895,1756,heavies,4
FRF_c1_snap_20210225160000_EBG.jpg,1956,1637,heavies,4
FRF_c1_snap_20210225160000_EBG.jpg,1847,1757,heavies,4
FRF_c1_snap_20210225160000_EBG.jpg,1625,1485,heavies,4
FRF_c1_snap_20210225160000_EBG.jpg,1597,1430,heavies,4
FRF_c1_snap_20210225160000_EBG.jpg,1530,1396,heavies,4
FRF_c1_snap_20210225160000_EBG.jpg,2065,1748,heavies,4
FRF_c1_snap_20210225160000_EBG.jpg,1434,1304,heavies,4
FRF_c1_snap_20210225160000_EBG.jpg,1750,1518,heavies,4
FRF_c1_snap_20210225160000_EBG.jpg,1950,1787,heavies,4
FRF_c1_snap_20210225160000_EBG.jpg,1923,1627,heavies,4
FRF_c1_snap_20210225160000_EBG.jpg,2161,1873,heavies,4
FRF_c1_snap_20210225160000_EBG.jpg,1795,1754,heavies,4
FRF_c1_snap_20210225160000_EBG.jpg,1993,1731,heavies,4
FRF_c1_snap_20210225160000_EBG.jpg,1958,1654,heavies,4
FRF_c1_snap_20210225160000_EBG.jpg,1963,1831,heavies,4
FRF_c1_snap_20210225160000_EBG.jpg,1749,1545,heavies,4
FRF_c1_snap_20210225160000_EBG.jpg,1537,1417,heavies,4
FRF_c1_snap_20210225160000_EBG.jpg,1491,1329,heavies,4
FRF_c1_snap_20210225160000_EBG.jpg,1490,1327,heavies,4
FRF_c1_snap_20210225160000_EBG.jpg,1993,1741,heavies,4
FRF_c1_snap_20210225160000_EBG.jpg,1792,1748,heavies,4
FRF_c1_snap_20210225160000_EBG.jpg,1638,1887,heavies,4
FRF_c1_snap_20210225160000_EBG.jpg,1511,1323,heavies,4
FRF_c1_snap_20210225160000_EBG.jpg,1533,1417,heavies,4
FRF_c1_snap_20210225160000_EBG.jpg,1593,1446,heavies,4
FRF_c1_snap_20210225160000_EBG.jpg,1445,1309,heavies,4
FRF_c1_snap_20210225160000_EBG.jpg,1979,1837,heavies,4
FRF_c1_snap_20210225160000_EBG.jpg,1427,1296,heavies,4
FRF_c1_snap_20210225160000_EBG.jpg,1671,1517,heavies,4
FRF_c1_snap_20210225160000_EBG.jpg,1705,1499,heavies,4
FRF_c1_snap_20210225160000_EBG.jpg,1969,1708,heavies,4
FRF_c1_snap_20210225160000_EBG.jpg,1937,1822,heavies,4
FRF_c1_snap_20210225160000_EBG.jpg,1755,1521,heavies,4
FRF_c1_snap_20210225160000_EBG.jpg,1793,1748,heavies,4
FRF_c1_snap_20210225160000_EBG.jpg,1678,1499,heavies,4
FRF_c1_snap_20210225160000_EBG.jpg,2019,1740,heavies,4
FRF_c1_snap_20210225160000_EBG.jpg,1724,1510,heavies,4
FRF_c1_snap_20210225160000_EBG.jpg,1946,1791,heavies,4
FRF_c1_snap_20210225160000_EBG.jpg,1611,1485,heavies,4
FRF_c1_snap_20210225160000_EBG.jpg,1951,1626,heavies,4
FRF_c1_snap_20210225160000_EBG.jpg,1661,1488,heavies,4
FRF_c1_snap_20210225160000_EBG.jpg,1393,1260,heavies,4
FRF_c1_snap_20210225160000_EBG.jpg,2361,1040,heavies,4
FRF_c1_snap_20210225160000_EBG.jpg,1533,1778,heavies,4
FRF_c1_snap_20210225160000_EBG.jpg,1751,1534,heavies,4
FRF_c1_snap_20210225160000_EBG.jpg,1941,1790,heavies,4
FRF_c1_snap_20210225160000_EBG.jpg,1848,1613,heavies,4
FRF_c1_snap_20210225160000_EBG.jpg,1500,1320,heavies,4
FRF_c1_snap_20210225160000_EBG.jpg,1809,1611,heavies,4
FRF_c1_snap_20210225160000_EBG.jpg,1754,1535,heavies,4
FRF_c1_snap_20210225160000_EBG.jpg,1701,1487,heavies,4
FRF_c1_snap_20210225160000_EBG.jpg,2027,1727,heavies,4
FRF_c1_snap_20210225160000_EBG.jpg,2073,1852,heavies,4
FRF_c1_snap_20210225160000_EBG.jpg,2219,1620,lag,5
FRF_c1_snap_20210225160000_EBG.jpg,2284,1580,lag,5
FRF_c1_snap_20210225160000_EBG.jpg,1959,1592,lag,5
FRF_c1_snap_20210225160000_EBG.jpg,2026,1371,lag,5
FRF_c1_snap_20210225160000_EBG.jpg,1418,935,lag,5
FRF_c1_snap_20210225160000_EBG.jpg,1613,1037,lag,5
FRF_c1_snap_20210225160000_EBG.jpg,1102,857,lag,5
FRF_c1_snap_20210225160000_EBG.jpg,1297,940,lag,5
FRF_c1_snap_20210225160000_EBG.jpg,2166,1599,lag,5
FRF_c1_snap_20210225160000_EBG.jpg,1894,1471,lag,5
FRF_c1_snap_20210225160000_EBG.jpg,1492,1008,lag,5
FRF_c1_snap_20210225160000_EBG.jpg,1152,885,lag,5
FRF_c1_snap_20210225160000_EBG.jpg,992,744,lag,5
FRF_c1_snap_20210225160000_EBG.jpg,1660,1022,lag,5
FRF_c1_snap_20210225160000_EBG.jpg,1339,883,lag,5
FRF_c1_snap_20210225160000_EBG.jpg,955,763,lag,5
FRF_c1_snap_20210225160000_EBG.jpg,1308,888,lag,5
FRF_c1_snap_20210225160000_EBG.jpg,1843,1530,lag,5
FRF_c1_snap_20210225160000_EBG.jpg,1922,1485,lag,5
FRF_c1_snap_20210225160000_EBG.jpg,1614,1102,lag,5
FRF_c1_snap_20210225160000_EBG.jpg,2253,1599,lag,5
FRF_c1_snap_20210225160000_EBG.jpg,2163,1584,lag,5
FRF_c1_snap_20210225160000_EBG.jpg,2003,1607,lag,5
FRF_c1_snap_20210225160000_EBG.jpg,1002,818,lag,5
FRF_c1_snap_20210225160000_EBG.jpg,971,737,lag,5
FRF_c1_snap_20210225160000_EBG.jpg,1256,826,lag,5
FRF_c1_snap_20210225160000_EBG.jpg,2156,1619,lag,5
FRF_c1_snap_20210225160000_EBG.jpg,1942,1457,lag,5
FRF_c1_snap_20210225160000_EBG.jpg,2009,1635,lag,5
FRF_c1_snap_20210225160000_EBG.jpg,1550,996,lag,5
FRF_c1_snap_20210225160000_EBG.jpg,1527,1083,lag,5
FRF_c1_snap_20210225160000_EBG.jpg,1885,1505,lag,5
FRF_c1_snap_20210225160000_EBG.jpg,1871,1489,lag,5
FRF_c1_snap_20210225160000_EBG.jpg,2039,1380,lag,5
FRF_c1_snap_20210225160000_EBG.jpg,1334,952,lag,5
FRF_c1_snap_20210225160000_EBG.jpg,1823,1481,lag,5
FRF_c1_snap_20210225160000_EBG.jpg,1279,933,lag,5
FRF_c1_snap_20210225160000_EBG.jpg,1843,1505,lag,5
FRF_c1_snap_20210225160000_EBG.jpg,2161,1575,lag,5
FRF_c1_snap_20210225160000_EBG.jpg,2055,1626,lag,5
FRF_c1_snap_20210225160000_EBG.jpg,1344,940,lag,5
FRF_c1_snap_20210225160000_EBG.jpg,1310,948,lag,5
FRF_c1_snap_20210225160000_EBG.jpg,1183,862,lag,5
FRF_c1_snap_20210225160000_EBG.jpg,1423,925,lag,5
FRF_c1_snap_20210225160000_EBG.jpg,2146,1624,lag,5
FRF_c1_snap_20210225160000_EBG.jpg,1237,886,lag,5
FRF_c1_snap_20210225160000_EBG.jpg,2080,1629,lag,5
FRF_c1_snap_20210225160000_EBG.jpg,1979,1596,lag,5
FRF_c1_snap_20210225160000_EBG.jpg,2103,1636,lag,5
FRF_c1_snap_20210225160000_EBG.jpg,1622,1123,lag,5
FRF_c1_snap_20210225160000_EBG.jpg,1270,841,lag,5
FRF_c1_snap_20210225160000_EBG.jpg,1263,896,lag,5
FRF_c1_snap_20210225160000_EBG.jpg,1412,955,lag,5
FRF_c1_snap_20210225160000_EBG.jpg,2205,1578,lag,5
FRF_c1_snap_20210225160000_EBG.jpg,1391,961,lag,5
FRF_c1_snap_20210225160000_EBG.jpg,1316,905,lag,5
FRF_c1_snap_20210225160000_EBG.jpg,1938,1487,lag,5
FRF_c1_snap_20210225160000_EBG.jpg,1281,926,lag,5
FRF_c1_snap_20210225160000_EBG.jpg,1881,1508,lag,5
FRF_c1_snap_20210225160000_EBG.jpg,1540,1102,lag,5
FRF_c1_snap_20210225160000_EBG.jpg,937,736,lag,5
FRF_c1_snap_20210225160000_EBG.jpg,1922,1389,lag,5
FRF_c1_snap_20210225160000_EBG.jpg,1636,1003,lag,5
FRF_c1_snap_20210225160000_EBG.jpg,1586,1001,lag,5
FRF_c1_snap_20210225160000_EBG.jpg,1662,1014,lag,5
FRF_c1_snap_20210225160000_EBG.jpg,2273,1575,lag,5
FRF_c1_snap_20210225160000_EBG.jpg,1280,904,lag,5
FRF_c1_snap_20210225160000_EBG.jpg,1493,971,lag,5
FRF_c1_snap_20210225160000_EBG.jpg,2080,1582,lag,5
FRF_c1_snap_20210225160000_EBG.jpg,1939,1488,lag,5
FRF_c1_snap_20210225160000_EBG.jpg,1895,1367,lag,5
FRF_c1_snap_20210225160000_EBG.jpg,2263,1601,lag,5
FRF_c1_snap_20210225160000_EBG.jpg,1044,784,lag,5
FRF_c1_snap_20210225160000_EBG.jpg,1360,932,lag,5
FRF_c1_snap_20210225160000_EBG.jpg,938,758,lag,5
FRF_c1_snap_20210225160000_EBG.jpg,1908,1472,lag,5
FRF_c1_snap_20210225160000_EBG.jpg,1639,1026,lag,5
FRF_c1_snap_20210225160000_EBG.jpg,1188,849,lag,5
FRF_c1_snap_20210225160000_EBG.jpg,1296,934,lag,5
FRF_c1_snap_20210225160000_EBG.jpg,1889,1504,lag,5
FRF_c1_snap_20210226160000_EBG.jpg,2094,864,background,0
FRF_c1_snap_20210226160000_EBG.jpg,1797,736,background,0
FRF_c1_snap_20210226160000_EBG.jpg,1659,683,background,0
FRF_c1_snap_20210226160000_EBG.jpg,2043,963,background,0
FRF_c1_snap_20210226160000_EBG.jpg,1612,794,background,0
FRF_c1_snap_20210226160000_EBG.jpg,1796,737,background,0
FRF_c1_snap_20210226160000_EBG.jpg,2326,995,background,0
FRF_c1_snap_20210226160000_EBG.jpg,1791,808,background,0
FRF_c1_snap_20210226160000_EBG.jpg,1777,877,background,0
FRF_c1_snap_20210226160000_EBG.jpg,1411,663,background,0
FRF_c1_snap_20210226160000_EBG.jpg,1787,800,background,0
FRF_c1_snap_20210226160000_EBG.jpg,1242,535,background,0
FRF_c1_snap_20210226160000_EBG.jpg,1585,660,background,0
FRF_c1_snap_20210226160000_EBG.jpg,2215,906,background,0
FRF_c1_snap_20210226160000_EBG.jpg,2041,941,background,0
FRF_c1_snap_20210226160000_EBG.jpg,2209,975,background,0
FRF_c1_snap_20210226160000_EBG.jpg,1780,814,background,0
FRF_c1_snap_20210226160000_EBG.jpg,1042,530,background,0
FRF_c1_snap_20210226160000_EBG.jpg,1653,708,background,0
FRF_c1_snap_20210226160000_EBG.jpg,1216,621,background,0
FRF_c1_snap_20210226160000_EBG.jpg,2174,954,background,0
FRF_c1_snap_20210226160000_EBG.jpg,1234,531,background,0
FRF_c1_snap_20210226160000_EBG.jpg,1240,644,background,0
FRF_c1_snap_20210226160000_EBG.jpg,2113,984,background,0
FRF_c1_snap_20210226160000_EBG.jpg,1120,539,background,0
FRF_c1_snap_20210226160000_EBG.jpg,1366,709,background,0
FRF_c1_snap_20210226160000_EBG.jpg,1588,619,background,0
FRF_c1_snap_20210226160000_EBG.jpg,1143,597,background,0
FRF_c1_snap_20210226160000_EBG.jpg,1967,830,background,0
FRF_c1_snap_20210226160000_EBG.jpg,2172,972,background,0
FRF_c1_snap_20210226160000_EBG.jpg,2082,827,background,0
FRF_c1_snap_20210226160000_EBG.jpg,2357,957,background,0
FRF_c1_snap_20210226160000_EBG.jpg,1477,611,background,0
FRF_c1_snap_20210226160000_EBG.jpg,2143,913,background,0
FRF_c1_snap_20210226160000_EBG.jpg,1197,559,background,0
FRF_c1_snap_20210226160000_EBG.jpg,2097,828,background,0
FRF_c1_snap_20210226160000_EBG.jpg,2392,962,background,0
FRF_c1_snap_20210226160000_EBG.jpg,2078,840,background,0
FRF_c1_snap_20210226160000_EBG.jpg,1587,679,background,0
FRF_c1_snap_20210226160000_EBG.jpg,1347,719,background,0
FRF_c1_snap_20210226160000_EBG.jpg,38,267,background,0
FRF_c1_snap_20210226160000_EBG.jpg,376,581,background,0
FRF_c1_snap_20210226160000_EBG.jpg,364,579,background,0
FRF_c1_snap_20210226160000_EBG.jpg,215,360,background,0
FRF_c1_snap_20210226160000_EBG.jpg,200,383,background,0
FRF_c1_snap_20210226160000_EBG.jpg,371,408,background,0
FRF_c1_snap_20210226160000_EBG.jpg,306,637,background,0
FRF_c1_snap_20210226160000_EBG.jpg,159,541,background,0
FRF_c1_snap_20210226160000_EBG.jpg,76,259,background,0
FRF_c1_snap_20210226160000_EBG.jpg,368,398,background,0
FRF_c1_snap_20210226160000_EBG.jpg,43,575,background,0
FRF_c1_snap_20210226160000_EBG.jpg,298,644,background,0
FRF_c1_snap_20210226160000_EBG.jpg,309,493,background,0
FRF_c1_snap_20210226160000_EBG.jpg,333,614,background,0
FRF_c1_snap_20210226160000_EBG.jpg,399,510,background,0
FRF_c1_snap_20210226160000_EBG.jpg,67,544,background,0
FRF_c1_snap_20210226160000_EBG.jpg,107,651,background,0
FRF_c1_snap_20210226160000_EBG.jpg,281,603,background,0
FRF_c1_snap_20210226160000_EBG.jpg,245,663,background,0
FRF_c1_snap_20210226160000_EBG.jpg,263,464,background,0
FRF_c1_snap_20210226160000_EBG.jpg,94,663,background,0
FRF_c1_snap_20210226160000_EBG.jpg,291,299,background,0
FRF_c1_snap_20210226160000_EBG.jpg,292,323,background,0
FRF_c1_snap_20210226160000_EBG.jpg,146,323,background,0
FRF_c1_snap_20210226160000_EBG.jpg,346,431,background,0
FRF_c1_snap_20210226160000_EBG.jpg,78,528,background,0
FRF_c1_snap_20210226160000_EBG.jpg,520,639,background,0
FRF_c1_snap_20210226160000_EBG.jpg,497,501,background,0
FRF_c1_snap_20210226160000_EBG.jpg,221,279,background,0
FRF_c1_snap_20210226160000_EBG.jpg,337,619,background,0
FRF_c1_snap_20210226160000_EBG.jpg,299,391,background,0
FRF_c1_snap_20210226160000_EBG.jpg,313,635,background,0
FRF_c1_snap_20210226160000_EBG.jpg,204,367,background,0
FRF_c1_snap_20210226160000_EBG.jpg,208,395,background,0
FRF_c1_snap_20210226160000_EBG.jpg,410,580,background,0
FRF_c1_snap_20210226160000_EBG.jpg,350,340,background,0
FRF_c1_snap_20210226160000_EBG.jpg,233,578,background,0
FRF_c1_snap_20210226160000_EBG.jpg,226,518,background,0
FRF_c1_snap_20210226160000_EBG.jpg,118,420,background,0
FRF_c1_snap_20210226160000_EBG.jpg,288,661,background,0
FRF_c1_snap_20210226160000_EBG.jpg,1568,827,wetsand,1
FRF_c1_snap_20210226160000_EBG.jpg,1714,897,wetsand,1
FRF_c1_snap_20210226160000_EBG.jpg,1223,666,wetsand,1
FRF_c1_snap_20210226160000_EBG.jpg,1746,905,wetsand,1
FRF_c1_snap_20210226160000_EBG.jpg,1639,840,wetsand,1
FRF_c1_snap_20210226160000_EBG.jpg,1113,605,wetsand,1
FRF_c1_snap_20210226160000_EBG.jpg,1193,653,wetsand,1
FRF_c1_snap_20210226160000_EBG.jpg,1924,965,wetsand,1
FRF_c1_snap_20210226160000_EBG.jpg,1928,962,wetsand,1
FRF_c1_snap_20210226160000_EBG.jpg,2082,1001,wetsand,1
FRF_c1_snap_20210226160000_EBG.jpg,2045,1012,wetsand,1
FRF_c1_snap_20210226160000_EBG.jpg,1845,952,wetsand,1
FRF_c1_snap_20210226160000_EBG.jpg,1999,989,wetsand,1
FRF_c1_snap_20210226160000_EBG.jpg,2178,1048,wetsand,1
FRF_c1_snap_20210226160000_EBG.jpg,2268,1050,wetsand,1
FRF_c1_snap_20210226160000_EBG.jpg,2363,1115,wetsand,1
FRF_c1_snap_20210226160000_EBG.jpg,1920,949,wetsand,1
FRF_c1_snap_20210226160000_EBG.jpg,2204,1055,wetsand,1
FRF_c1_snap_20210226160000_EBG.jpg,1987,955,wetsand,1
FRF_c1_snap_20210226160000_EBG.jpg,1716,892,wetsand,1
FRF_c1_snap_20210226160000_EBG.jpg,1274,695,wetsand,1
FRF_c1_snap_20210226160000_EBG.jpg,1643,849,wetsand,1
FRF_c1_snap_20210226160000_EBG.jpg,2168,1013,wetsand,1
FRF_c1_snap_20210226160000_EBG.jpg,2053,986,wetsand,1
FRF_c1_snap_20210226160000_EBG.jpg,1934,990,wetsand,1
FRF_c1_snap_20210226160000_EBG.jpg,2155,1032,wetsand,1
FRF_c1_snap_20210226160000_EBG.jpg,1170,639,wetsand,1
FRF_c1_snap_20210226160000_EBG.jpg,1938,974,wetsand,1
FRF_c1_snap_20210226160000_EBG.jpg,2065,1016,wetsand,1
FRF_c1_snap_20210226160000_EBG.jpg,1807,930,wetsand,1
FRF_c1_snap_20210226160000_EBG.jpg,2303,1062,wetsand,1
FRF_c1_snap_20210226160000_EBG.jpg,2328,1105,wetsand,1
FRF_c1_snap_20210226160000_EBG.jpg,2118,1001,wetsand,1
FRF_c1_snap_20210226160000_EBG.jpg,2110,1019,wetsand,1
FRF_c1_snap_20210226160000_EBG.jpg,1150,639,wetsand,1
FRF_c1_snap_20210226160000_EBG.jpg,2327,1096,wetsand,1
FRF_c1_snap_20210226160000_EBG.jpg,2111,1003,wetsand,1
FRF_c1_snap_20210226160000_EBG.jpg,2215,1044,wetsand,1
FRF_c1_snap_20210226160000_EBG.jpg,2036,1001,wetsand,1
FRF_c1_snap_20210226160000_EBG.jpg,2201,1023,wetsand,1
FRF_c1_snap_20210226160000_EBG.jpg,2051,1017,wetsand,1
FRF_c1_snap_20210226160000_EBG.jpg,1388,749,wetsand,1
FRF_c1_snap_20210226160000_EBG.jpg,2145,1024,wetsand,1
FRF_c1_snap_20210226160000_EBG.jpg,1822,929,wetsand,1
FRF_c1_snap_20210226160000_EBG.jpg,1573,820,wetsand,1
FRF_c1_snap_20210226160000_EBG.jpg,1482,780,wetsand,1
FRF_c1_snap_20210226160000_EBG.jpg,2224,1028,wetsand,1
FRF_c1_snap_20210226160000_EBG.jpg,2366,1072,wetsand,1
FRF_c1_snap_20210226160000_EBG.jpg,2262,1067,wetsand,1
FRF_c1_snap_20210226160000_EBG.jpg,1974,988,wetsand,1
FRF_c1_snap_20210226160000_EBG.jpg,2287,1063,wetsand,1
FRF_c1_snap_20210226160000_EBG.jpg,2191,1038,wetsand,1
FRF_c1_snap_20210226160000_EBG.jpg,1102,594,wetsand,1
FRF_c1_snap_20210226160000_EBG.jpg,2182,1057,wetsand,1
FRF_c1_snap_20210226160000_EBG.jpg,1904,963,wetsand,1
FRF_c1_snap_20210226160000_EBG.jpg,1563,824,wetsand,1
FRF_c1_snap_20210226160000_EBG.jpg,1721,891,wetsand,1
FRF_c1_snap_20210226160000_EBG.jpg,2189,1020,wetsand,1
FRF_c1_snap_20210226160000_EBG.jpg,2005,981,wetsand,1
FRF_c1_snap_20210226160000_EBG.jpg,2375,1119,wetsand,1
FRF_c1_snap_20210226160000_EBG.jpg,2263,1071,wetsand,1
FRF_c1_snap_20210226160000_EBG.jpg,1511,790,wetsand,1
FRF_c1_snap_20210226160000_EBG.jpg,1825,930,wetsand,1
FRF_c1_snap_20210226160000_EBG.jpg,1912,939,wetsand,1
FRF_c1_snap_20210226160000_EBG.jpg,2008,975,wetsand,1
FRF_c1_snap_20210226160000_EBG.jpg,1830,947,wetsand,1
FRF_c1_snap_20210226160000_EBG.jpg,2325,1094,wetsand,1
FRF_c1_snap_20210226160000_EBG.jpg,2318,1103,wetsand,1
FRF_c1_snap_20210226160000_EBG.jpg,1777,925,wetsand,1
FRF_c1_snap_20210226160000_EBG.jpg,2137,1023,wetsand,1
FRF_c1_snap_20210226160000_EBG.jpg,2069,986,wetsand,1
FRF_c1_snap_20210226160000_EBG.jpg,1805,928,wetsand,1
FRF_c1_snap_20210226160000_EBG.jpg,1287,709,wetsand,1
FRF_c1_snap_20210226160000_EBG.jpg,2341,1097,wetsand,1
FRF_c1_snap_20210226160000_EBG.jpg,1816,944,wetsand,1
FRF_c1_snap_20210226160000_EBG.jpg,1658,864,wetsand,1
FRF_c1_snap_20210226160000_EBG.jpg,1843,957,wetsand,1
FRF_c1_snap_20210226160000_EBG.jpg,1218,677,wetsand,1
FRF_c1_snap_20210226160000_EBG.jpg,1717,878,wetsand,1
FRF_c1_snap_20210226160000_EBG.jpg,1640,839,wetsand,1
FRF_c1_snap_20210226160000_EBG.jpg,2077,1871,drysand,2
FRF_c1_snap_20210226160000_EBG.jpg,1823,1098,drysand,2
FRF_c1_snap_20210226160000_EBG.jpg,2365,1129,drysand,2
FRF_c1_snap_20210226160000_EBG.jpg,1766,1605,drysand,2
FRF_c1_snap_20210226160000_EBG.jpg,1383,1423,drysand,2
FRF_c1_snap_20210226160000_EBG.jpg,2035,1241,drysand,2
FRF_c1_snap_20210226160000_EBG.jpg,1251,1210,drysand,2
FRF_c1_snap_20210226160000_EBG.jpg,1277,1230,drysand,2
FRF_c1_snap_20210226160000_EBG.jpg,1546,1319,drysand,2
FRF_c1_snap_20210226160000_EBG.jpg,1669,929,drysand,2
FRF_c1_snap_20210226160000_EBG.jpg,1800,1773,drysand,2
FRF_c1_snap_20210226160000_EBG.jpg,2000,1790,drysand,2
FRF_c1_snap_20210226160000_EBG.jpg,1005,593,drysand,2
FRF_c1_snap_20210226160000_EBG.jpg,1891,1031,drysand,2
FRF_c1_snap_20210226160000_EBG.jpg,1105,1523,drysand,2
FRF_c1_snap_20210226160000_EBG.jpg,1844,1872,drysand,2
FRF_c1_snap_20210226160000_EBG.jpg,859,1467,drysand,2
FRF_c1_snap_20210226160000_EBG.jpg,1109,674,drysand,2
FRF_c1_snap_20210226160000_EBG.jpg,1008,1525,drysand,2
FRF_c1_snap_20210226160000_EBG.jpg,2054,1563,drysand,2
FRF_c1_snap_20210226160000_EBG.jpg,2131,1971,drysand,2
FRF_c1_snap_20210226160000_EBG.jpg,2103,1101,drysand,2
FRF_c1_snap_20210226160000_EBG.jpg,2049,1907,drysand,2
FRF_c1_snap_20210226160000_EBG.jpg,1919,1455,drysand,2
FRF_c1_snap_20210226160000_EBG.jpg,1672,964,drysand,2
FRF_c1_snap_20210226160000_EBG.jpg,1256,1478,drysand,2
FRF_c1_snap_20210226160000_EBG.jpg,2324,1464,drysand,2
FRF_c1_snap_20210226160000_EBG.jpg,2365,1666,drysand,2
FRF_c1_snap_20210226160000_EBG.jpg,1871,1243,drysand,2
FRF_c1_snap_20210226160000_EBG.jpg,1826,1321,drysand,2
FRF_c1_snap_20210226160000_EBG.jpg,1714,1355,drysand,2
FRF_c1_snap_20210226160000_EBG.jpg,2063,1509,drysand,2
FRF_c1_snap_20210226160000_EBG.jpg,1678,1158,drysand,2
FRF_c1_snap_20210226160000_EBG.jpg,1299,1290,drysand,2
FRF_c1_snap_20210226160000_EBG.jpg,1419,798,drysand,2
FRF_c1_snap_20210226160000_EBG.jpg,1004,888,drysand,2
FRF_c1_snap_20210226160000_EBG.jpg,2025,1825,drysand,2
FRF_c1_snap_20210226160000_EBG.jpg,2143,1358,drysand,2
FRF_c1_snap_20210226160000_EBG.jpg,872,1558,drysand,2
FRF_c1_snap_20210226160000_EBG.jpg,1959,1279,drysand,2
FRF_c1_snap_20210226160000_EBG.jpg,1050,909,drysand,2
FRF_c1_snap_20210226160000_EBG.jpg,2283,1158,drysand,2
FRF_c1_snap_20210226160000_EBG.jpg,1937,1962,drysand,2
FRF_c1_snap_20210226160000_EBG.jpg,1722,1030,drysand,2
FRF_c1_snap_20210226160000_EBG.jpg,1727,1336,drysand,2
FRF_c1_snap_20210226160000_EBG.jpg,1277,1081,drysand,2
FRF_c1_snap_20210226160000_EBG.jpg,1142,681,drysand,2
FRF_c1_snap_20210226160000_EBG.jpg,1288,1057,drysand,2
FRF_c1_snap_20210226160000_EBG.jpg,1244,775,drysand,2
FRF_c1_snap_20210226160000_EBG.jpg,1551,1954,drysand,2
FRF_c1_snap_20210226160000_EBG.jpg,1288,1177,drysand,2
FRF_c1_snap_20210226160000_EBG.jpg,1418,1540,drysand,2
FRF_c1_snap_20210226160000_EBG.jpg,1455,1277,drysand,2
FRF_c1_snap_20210226160000_EBG.jpg,2198,1203,drysand,2
FRF_c1_snap_20210226160000_EBG.jpg,2116,1166,drysand,2
FRF_c1_snap_20210226160000_EBG.jpg,1529,909,drysand,2
FRF_c1_snap_20210226160000_EBG.jpg,1726,1613,drysand,2
FRF_c1_snap_20210226160000_EBG.jpg,2084,1719,drysand,2
FRF_c1_snap_20210226160000_EBG.jpg,2269,1537,drysand,2
FRF_c1_snap_20210226160000_EBG.jpg,914,681,drysand,2
FRF_c1_snap_20210226160000_EBG.jpg,1554,1136,drysand,2
FRF_c1_snap_20210226160000_EBG.jpg,2164,1789,drysand,2
FRF_c1_snap_20210226160000_EBG.jpg,2315,1673,drysand,2
FRF_c1_snap_20210226160000_EBG.jpg,1487,1203,drysand,2
FRF_c1_snap_20210226160000_EBG.jpg,2352,1313,drysand,2
FRF_c1_snap_20210226160000_EBG.jpg,1056,1024,drysand,2
FRF_c1_snap_20210226160000_EBG.jpg,1872,1461,drysand,2
FRF_c1_snap_20210226160000_EBG.jpg,1570,1268,drysand,2
FRF_c1_snap_20210226160000_EBG.jpg,750,753,drysand,2
FRF_c1_snap_20210226160000_EBG.jpg,1729,1103,drysand,2
FRF_c1_snap_20210226160000_EBG.jpg,2351,1678,drysand,2
FRF_c1_snap_20210226160000_EBG.jpg,2083,1757,drysand,2
FRF_c1_snap_20210226160000_EBG.jpg,2288,1151,drysand,2
FRF_c1_snap_20210226160000_EBG.jpg,1735,1286,drysand,2
FRF_c1_snap_20210226160000_EBG.jpg,1877,1674,drysand,2
FRF_c1_snap_20210226160000_EBG.jpg,1288,1673,drysand,2
FRF_c1_snap_20210226160000_EBG.jpg,1134,1181,drysand,2
FRF_c1_snap_20210226160000_EBG.jpg,2306,1324,drysand,2
FRF_c1_snap_20210226160000_EBG.jpg,1681,1066,drysand,2
FRF_c1_snap_20210226160000_EBG.jpg,1899,1355,drysand,2
FRF_c1_snap_20210226160000_EBG.jpg,1127,1843,vegetation,3
FRF_c1_snap_20210226160000_EBG.jpg,826,1398,vegetation,3
FRF_c1_snap_20210226160000_EBG.jpg,831,954,vegetation,3
FRF_c1_snap_20210226160000_EBG.jpg,902,1905,vegetation,3
FRF_c1_snap_20210226160000_EBG.jpg,1139,1596,vegetation,3
FRF_c1_snap_20210226160000_EBG.jpg,1207,1835,vegetation,3
FRF_c1_snap_20210226160000_EBG.jpg,824,1819,vegetation,3
FRF_c1_snap_20210226160000_EBG.jpg,1473,1709,vegetation,3
FRF_c1_snap_20210226160000_EBG.jpg,1255,1792,vegetation,3
FRF_c1_snap_20210226160000_EBG.jpg,1173,1749,vegetation,3
FRF_c1_snap_20210226160000_EBG.jpg,1213,1365,vegetation,3
FRF_c1_snap_20210226160000_EBG.jpg,658,1444,vegetation,3
FRF_c1_snap_20210226160000_EBG.jpg,957,1186,vegetation,3
FRF_c1_snap_20210226160000_EBG.jpg,1101,1772,vegetation,3
FRF_c1_snap_20210226160000_EBG.jpg,1211,1794,vegetation,3
FRF_c1_snap_20210226160000_EBG.jpg,997,1836,vegetation,3
FRF_c1_snap_20210226160000_EBG.jpg,909,1013,vegetation,3
FRF_c1_snap_20210226160000_EBG.jpg,757,1012,vegetation,3
FRF_c1_snap_20210226160000_EBG.jpg,1103,1766,vegetation,3
FRF_c1_snap_20210226160000_EBG.jpg,760,1658,vegetation,3
FRF_c1_snap_20210226160000_EBG.jpg,725,1449,vegetation,3
FRF_c1_snap_20210226160000_EBG.jpg,777,1960,vegetation,3
FRF_c1_snap_20210226160000_EBG.jpg,813,701,vegetation,3
FRF_c1_snap_20210226160000_EBG.jpg,762,1334,vegetation,3
FRF_c1_snap_20210226160000_EBG.jpg,943,1041,vegetation,3
FRF_c1_snap_20210226160000_EBG.jpg,699,819,vegetation,3
FRF_c1_snap_20210226160000_EBG.jpg,1030,1689,vegetation,3
FRF_c1_snap_20210226160000_EBG.jpg,725,1372,vegetation,3
FRF_c1_snap_20210226160000_EBG.jpg,776,868,vegetation,3
FRF_c1_snap_20210226160000_EBG.jpg,1267,1859,vegetation,3
FRF_c1_snap_20210226160000_EBG.jpg,1185,1828,vegetation,3
FRF_c1_snap_20210226160000_EBG.jpg,1332,1965,vegetation,3
FRF_c1_snap_20210226160000_EBG.jpg,1229,1859,vegetation,3
FRF_c1_snap_20210226160000_EBG.jpg,840,1254,vegetation,3
FRF_c1_snap_20210226160000_EBG.jpg,1028,1663,vegetation,3
FRF_c1_snap_20210226160000_EBG.jpg,1005,1819,vegetation,3
FRF_c1_snap_20210226160000_EBG.jpg,1536,1816,vegetation,3
FRF_c1_snap_20210226160000_EBG.jpg,1038,1778,vegetation,3
FRF_c1_snap_20210226160000_EBG.jpg,1087,1814,vegetation,3
FRF_c1_snap_20210226160000_EBG.jpg,808,1117,vegetation,3
FRF_c1_snap_20210226160000_EBG.jpg,533,1269,vegetation,3
FRF_c1_snap_20210226160000_EBG.jpg,521,1102,vegetation,3
FRF_c1_snap_20210226160000_EBG.jpg,455,1731,vegetation,3
FRF_c1_snap_20210226160000_EBG.jpg,437,1098,vegetation,3
FRF_c1_snap_20210226160000_EBG.jpg,370,1014,vegetation,3
FRF_c1_snap_20210226160000_EBG.jpg,476,1119,vegetation,3
FRF_c1_snap_20210226160000_EBG.jpg,61,1732,vegetation,3
FRF_c1_snap_20210226160000_EBG.jpg,167,1871,vegetation,3
FRF_c1_snap_20210226160000_EBG.jpg,467,940,vegetation,3
FRF_c1_snap_20210226160000_EBG.jpg,464,1042,vegetation,3
FRF_c1_snap_20210226160000_EBG.jpg,309,928,vegetation,3
FRF_c1_snap_20210226160000_EBG.jpg,476,1597,vegetation,3
FRF_c1_snap_20210226160000_EBG.jpg,483,1652,vegetation,3
FRF_c1_snap_20210226160000_EBG.jpg,404,1593,vegetation,3
FRF_c1_snap_20210226160000_EBG.jpg,530,1461,vegetation,3
FRF_c1_snap_20210226160000_EBG.jpg,180,1958,vegetation,3
FRF_c1_snap_20210226160000_EBG.jpg,129,1469,vegetation,3
FRF_c1_snap_20210226160000_EBG.jpg,238,1936,vegetation,3
FRF_c1_snap_20210226160000_EBG.jpg,434,1354,vegetation,3
FRF_c1_snap_20210226160000_EBG.jpg,524,1319,vegetation,3
FRF_c1_snap_20210226160000_EBG.jpg,302,995,vegetation,3
FRF_c1_snap_20210226160000_EBG.jpg,120,1170,vegetation,3
FRF_c1_snap_20210226160000_EBG.jpg,202,964,vegetation,3
FRF_c1_snap_20210226160000_EBG.jpg,203,1373,vegetation,3
FRF_c1_snap_20210226160000_EBG.jpg,280,1922,vegetation,3
FRF_c1_snap_20210226160000_EBG.jpg,521,1388,vegetation,3
FRF_c1_snap_20210226160000_EBG.jpg,458,1681,vegetation,3
FRF_c1_snap_20210226160000_EBG.jpg,171,1136,vegetation,3
FRF_c1_snap_20210226160000_EBG.jpg,217,1531,vegetation,3
FRF_c1_snap_20210226160000_EBG.jpg,317,998,vegetation,3
FRF_c1_snap_20210226160000_EBG.jpg,317,1913,vegetation,3
FRF_c1_snap_20210226160000_EBG.jpg,485,1498,vegetation,3
FRF_c1_snap_20210226160000_EBG.jpg,73,1105,vegetation,3
FRF_c1_snap_20210226160000_EBG.jpg,77,1165,vegetation,3
FRF_c1_snap_20210226160000_EBG.jpg,157,1019,vegetation,3
FRF_c1_snap_20210226160000_EBG.jpg,139,1451,vegetation,3
FRF_c1_snap_20210226160000_EBG.jpg,139,943,vegetation,3
FRF_c1_snap_20210226160000_EBG.jpg,307,874,vegetation,3
FRF_c1_snap_20210226160000_EBG.jpg,312,961,vegetation,3
FRF_c1_snap_20210226160000_EBG.jpg,488,1807,vegetation,3
FRF_c1_snap_20210226160000_EBG.jpg,1951,1837,heavies,4
FRF_c1_snap_20210226160000_EBG.jpg,1511,1980,heavies,4
FRF_c1_snap_20210226160000_EBG.jpg,1638,1515,heavies,4
FRF_c1_snap_20210226160000_EBG.jpg,1917,1731,heavies,4
FRF_c1_snap_20210226160000_EBG.jpg,2050,1820,heavies,4
FRF_c1_snap_20210226160000_EBG.jpg,2032,1759,heavies,4
FRF_c1_snap_20210226160000_EBG.jpg,1856,1637,heavies,4
FRF_c1_snap_20210226160000_EBG.jpg,1574,1424,heavies,4
FRF_c1_snap_20210226160000_EBG.jpg,1447,1984,heavies,4
FRF_c1_snap_20210226160000_EBG.jpg,1604,1494,heavies,4
FRF_c1_snap_20210226160000_EBG.jpg,1737,1544,heavies,4
FRF_c1_snap_20210226160000_EBG.jpg,1415,1297,heavies,4
FRF_c1_snap_20210226160000_EBG.jpg,1795,1619,heavies,4
FRF_c1_snap_20210226160000_EBG.jpg,1843,1632,heavies,4
FRF_c1_snap_20210226160000_EBG.jpg,1781,1619,heavies,4
FRF_c1_snap_20210226160000_EBG.jpg,1980,1771,heavies,4
FRF_c1_snap_20210226160000_EBG.jpg,1948,1636,heavies,4
FRF_c1_snap_20210226160000_EBG.jpg,1865,1629,heavies,4
FRF_c1_snap_20210226160000_EBG.jpg,1971,1721,heavies,4
FRF_c1_snap_20210226160000_EBG.jpg,1970,1725,heavies,4
FRF_c1_snap_20210226160000_EBG.jpg,2031,1830,heavies,4
FRF_c1_snap_20210226160000_EBG.jpg,1498,1331,heavies,4
FRF_c1_snap_20210226160000_EBG.jpg,1902,1611,heavies,4
FRF_c1_snap_20210226160000_EBG.jpg,1854,1639,heavies,4
FRF_c1_snap_20210226160000_EBG.jpg,1983,1844,heavies,4
FRF_c1_snap_20210226160000_EBG.jpg,2001,1849,heavies,4
FRF_c1_snap_20210226160000_EBG.jpg,1771,1541,heavies,4
FRF_c1_snap_20210226160000_EBG.jpg,2045,1807,heavies,4
FRF_c1_snap_20210226160000_EBG.jpg,1881,1765,heavies,4
FRF_c1_snap_20210226160000_EBG.jpg,1697,1485,heavies,4
FRF_c1_snap_20210226160000_EBG.jpg,1518,1333,heavies,4
FRF_c1_snap_20210226160000_EBG.jpg,1349,1258,heavies,4
FRF_c1_snap_20210226160000_EBG.jpg,1951,1749,heavies,4
FRF_c1_snap_20210226160000_EBG.jpg,1820,1754,heavies,4
FRF_c1_snap_20210226160000_EBG.jpg,1345,1242,heavies,4
FRF_c1_snap_20210226160000_EBG.jpg,1943,1648,heavies,4
FRF_c1_snap_20210226160000_EBG.jpg,1438,1305,heavies,4
FRF_c1_snap_20210226160000_EBG.jpg,1739,1546,heavies,4
FRF_c1_snap_20210226160000_EBG.jpg,1878,1770,heavies,4
FRF_c1_snap_20210226160000_EBG.jpg,1986,1855,heavies,4
FRF_c1_snap_20210226160000_EBG.jpg,1771,1525,heavies,4
FRF_c1_snap_20210226160000_EBG.jpg,1999,1800,heavies,4
FRF_c1_snap_20210226160000_EBG.jpg,1388,1264,heavies,4
FRF_c1_snap_20210226160000_EBG.jpg,1412,1262,heavies,4
FRF_c1_snap_20210226160000_EBG.jpg,1952,1752,heavies,4
FRF_c1_snap_20210226160000_EBG.jpg,1600,1440,heavies,4
FRF_c1_snap_20210226160000_EBG.jpg,1409,1284,heavies,4
FRF_c1_snap_20210226160000_EBG.jpg,1897,1750,heavies,4
FRF_c1_snap_20210226160000_EBG.jpg,1739,1524,heavies,4
FRF_c1_snap_20210226160000_EBG.jpg,1892,1806,heavies,4
FRF_c1_snap_20210226160000_EBG.jpg,1954,1653,heavies,4
FRF_c1_snap_20210226160000_EBG.jpg,1744,1538,heavies,4
FRF_c1_snap_20210226160000_EBG.jpg,1352,1258,heavies,4
FRF_c1_snap_20210226160000_EBG.jpg,1552,1815,heavies,4
FRF_c1_snap_20210226160000_EBG.jpg,1580,1443,heavies,4
FRF_c1_snap_20210226160000_EBG.jpg,2019,1794,heavies,4
FRF_c1_snap_20210226160000_EBG.jpg,1909,1652,heavies,4
FRF_c1_snap_20210226160000_EBG.jpg,1847,1769,heavies,4
FRF_c1_snap_20210226160000_EBG.jpg,1862,1629,heavies,4
FRF_c1_snap_20210226160000_EBG.jpg,1785,1742,heavies,4
FRF_c1_snap_20210226160000_EBG.jpg,1484,1980,heavies,4
FRF_c1_snap_20210226160000_EBG.jpg,2024,1807,heavies,4
FRF_c1_snap_20210226160000_EBG.jpg,1847,1758,heavies,4
FRF_c1_snap_20210226160000_EBG.jpg,1598,1462,heavies,4
FRF_c1_snap_20210226160000_EBG.jpg,1899,1645,heavies,4
FRF_c1_snap_20210226160000_EBG.jpg,1349,1256,heavies,4
FRF_c1_snap_20210226160000_EBG.jpg,2004,1783,heavies,4
FRF_c1_snap_20210226160000_EBG.jpg,1957,1766,heavies,4
FRF_c1_snap_20210226160000_EBG.jpg,1688,1538,heavies,4
FRF_c1_snap_20210226160000_EBG.jpg,1895,1645,heavies,4
FRF_c1_snap_20210226160000_EBG.jpg,1986,1814,heavies,4
FRF_c1_snap_20210226160000_EBG.jpg,1637,1508,heavies,4
FRF_c1_snap_20210226160000_EBG.jpg,1523,1419,heavies,4
FRF_c1_snap_20210226160000_EBG.jpg,1768,1521,heavies,4
FRF_c1_snap_20210226160000_EBG.jpg,1455,1323,heavies,4
FRF_c1_snap_20210226160000_EBG.jpg,1754,1522,heavies,4
FRF_c1_snap_20210226160000_EBG.jpg,1660,1442,heavies,4
FRF_c1_snap_20210226160000_EBG.jpg,1609,1843,heavies,4
FRF_c1_snap_20210226160000_EBG.jpg,1894,1752,heavies,4
FRF_c1_snap_20210226160000_EBG.jpg,1970,1638,heavies,4
FRF_c1_snap_20210226160000_EBG.jpg,2016,1578,lag,5
FRF_c1_snap_20210226160000_EBG.jpg,1178,904,lag,5
FRF_c1_snap_20210226160000_EBG.jpg,1960,1533,lag,5
FRF_c1_snap_20210226160000_EBG.jpg,1408,987,lag,5
FRF_c1_snap_20210226160000_EBG.jpg,1479,884,lag,5
FRF_c1_snap_20210226160000_EBG.jpg,1360,901,lag,5
FRF_c1_snap_20210226160000_EBG.jpg,1811,1504,lag,5
FRF_c1_snap_20210226160000_EBG.jpg,2139,1598,lag,5
FRF_c1_snap_20210226160000_EBG.jpg,1353,885,lag,5
FRF_c1_snap_20210226160000_EBG.jpg,1600,1012,lag,5
FRF_c1_snap_20210226160000_EBG.jpg,1386,974,lag,5
FRF_c1_snap_20210226160000_EBG.jpg,2145,1611,lag,5
FRF_c1_snap_20210226160000_EBG.jpg,1458,1084,lag,5
FRF_c1_snap_20210226160000_EBG.jpg,1292,912,lag,5
FRF_c1_snap_20210226160000_EBG.jpg,1845,1475,lag,5
FRF_c1_snap_20210226160000_EBG.jpg,1649,1106,lag,5
FRF_c1_snap_20210226160000_EBG.jpg,1432,893,lag,5
FRF_c1_snap_20210226160000_EBG.jpg,1878,1496,lag,5
FRF_c1_snap_20210226160000_EBG.jpg,1543,928,lag,5
FRF_c1_snap_20210226160000_EBG.jpg,1452,881,lag,5
FRF_c1_snap_20210226160000_EBG.jpg,1351,901,lag,5
FRF_c1_snap_20210226160000_EBG.jpg,2289,1562,lag,5
FRF_c1_snap_20210226160000_EBG.jpg,2122,1632,lag,5
FRF_c1_snap_20210226160000_EBG.jpg,1450,913,lag,5
FRF_c1_snap_20210226160000_EBG.jpg,2336,1180,lag,5
FRF_c1_snap_20210226160000_EBG.jpg,1026,820,lag,5
FRF_c1_snap_20210226160000_EBG.jpg,2211,1644,lag,5
FRF_c1_snap_20210226160000_EBG.jpg,2354,1208,lag,5
FRF_c1_snap_20210226160000_EBG.jpg,1974,1485,lag,5
FRF_c1_snap_20210226160000_EBG.jpg,1093,779,lag,5
FRF_c1_snap_20210226160000_EBG.jpg,1476,1081,lag,5
FRF_c1_snap_20210226160000_EBG.jpg,1922,1501,lag,5
FRF_c1_snap_20210226160000_EBG.jpg,1435,998,lag,5
FRF_c1_snap_20210226160000_EBG.jpg,1522,1027,lag,5
FRF_c1_snap_20210226160000_EBG.jpg,1897,1501,lag,5
FRF_c1_snap_20210226160000_EBG.jpg,1443,935,lag,5
FRF_c1_snap_20210226160000_EBG.jpg,2040,1616,lag,5
FRF_c1_snap_20210226160000_EBG.jpg,1005,789,lag,5
FRF_c1_snap_20210226160000_EBG.jpg,1472,946,lag,5
FRF_c1_snap_20210226160000_EBG.jpg,2115,1599,lag,5
FRF_c1_snap_20210226160000_EBG.jpg,1287,844,lag,5
FRF_c1_snap_20210226160000_EBG.jpg,990,816,lag,5
FRF_c1_snap_20210226160000_EBG.jpg,2403,1205,lag,5
FRF_c1_snap_20210226160000_EBG.jpg,2178,1630,lag,5
FRF_c1_snap_20210226160000_EBG.jpg,1034,817,lag,5
FRF_c1_snap_20210226160000_EBG.jpg,1512,912,lag,5
FRF_c1_snap_20210226160000_EBG.jpg,1881,1537,lag,5
FRF_c1_snap_20210226160000_EBG.jpg,2155,1583,lag,5
FRF_c1_snap_20210226160000_EBG.jpg,1543,980,lag,5
FRF_c1_snap_20210226160000_EBG.jpg,2318,1558,lag,5
FRF_c1_snap_20210226160000_EBG.jpg,1146,877,lag,5
FRF_c1_snap_20210226160000_EBG.jpg,1440,899,lag,5
FRF_c1_snap_20210226160000_EBG.jpg,1466,892,lag,5
FRF_c1_snap_20210226160000_EBG.jpg,1556,1102,lag,5
FRF_c1_snap_20210226160000_EBG.jpg,2166,1611,lag,5
FRF_c1_snap_20210226160000_EBG.jpg,1988,1598,lag,5
FRF_c1_snap_20210226160000_EBG.jpg,2199,1591,lag,5
FRF_c1_snap_20210226160000_EBG.jpg,1869,1503,lag,5
FRF_c1_snap_20210226160000_EBG.jpg,1488,946,lag,5
FRF_c1_snap_20210226160000_EBG.jpg,1977,1533,lag,5
FRF_c1_snap_20210226160000_EBG.jpg,1118,810,lag,5
FRF_c1_snap_20210226160000_EBG.jpg,1481,959,lag,5
FRF_c1_snap_20210226160000_EBG.jpg,1896,1509,lag,5
FRF_c1_snap_20210226160000_EBG.jpg,1673,982,lag,5
FRF_c1_snap_20210226160000_EBG.jpg,2350,1562,lag,5
FRF_c1_snap_20210226160000_EBG.jpg,1278,925,lag,5
FRF_c1_snap_20210226160000_EBG.jpg,1241,864,lag,5
FRF_c1_snap_20210226160000_EBG.jpg,1400,997,lag,5
FRF_c1_snap_20210226160000_EBG.jpg,2305,1562,lag,5
FRF_c1_snap_20210226160000_EBG.jpg,1414,981,lag,5
FRF_c1_snap_20210226160000_EBG.jpg,928,745,lag,5
FRF_c1_snap_20210226160000_EBG.jpg,2189,1635,lag,5
FRF_c1_snap_20210226160000_EBG.jpg,1460,913,lag,5
FRF_c1_snap_20210226160000_EBG.jpg,1328,876,lag,5
FRF_c1_snap_20210226160000_EBG.jpg,1858,1502,lag,5
FRF_c1_snap_20210226160000_EBG.jpg,1469,917,lag,5
FRF_c1_snap_20210226160000_EBG.jpg,2012,1533,lag,5
FRF_c1_snap_20210226160000_EBG.jpg,1681,992,lag,5
FRF_c1_snap_20210226160000_EBG.jpg,1439,1072,lag,5
FRF_c1_snap_20210226160000_EBG.jpg,1501,942,lag,5
